user_id,signup_date,signup_channel,activation_flag,activation_date,last_active_date,total_transactions,churn_flag,feedback_score
0,2026-06-04,Web,False,,2026-06-23,0,True,
1,2026-04-22,Referral,True,2026-04-22,2026-05-08,4,False,2.0
2,2026-06-28,App,False,,2026-08-14,0,True,
3,2026-02-22,Referral,True,2026-02-22,2026-02-26,1,False,2.0
4,2026-08-18,Web,True,2026-08-19,2026-08-26,7,True,4.0
5,2026-06-01,Web,False,,2026-06-03,0,True,
6,2026-04-05,Web,True,2026-04-06,2026-04-22,1,False,4.0
7,2026-06-28,App,True,2026-06-29,2026-08-01,2,True,4.0
8,2026-07-13,Referral,False,,2026-09-03,0,True,
9,2026-04-30,App,True,2026-05-02,2026-06-25,6,True,2.0
10,2026-07-01,Web,False,,2026-07-07,0,True,
11,2026-07-18,Referral,True,2026-07-19,2026-08-12,3,True,1.0
12,2026-04-09,App,True,2026-04-09,2026-04-19,5,False,4.0
13,2026-04-23,Referral,True,2026-04-24,2026-05-06,4,False,3.0
14,2026-06-10,App,False,,2026-07-02,0,True,
15,2026-03-31,Web,True,2026-04-03,2026-05-13,8,False,2.0
16,2026-05-24,App,True,2026-05-25,2026-06-14,2,False,3.0
17,2026-04-07,Web,True,2026-04-07,2026-05-27,1,False,1.0
18,2026-06-29,App,True,2026-07-02,2026-08-12,0,False,
19,2026-08-10,App,True,2026-08-10,2026-08-11,3,True,3.0
20,2026-08-14,App,True,2026-08-17,2026-09-04,0,True,
21,2026-02-26,App,False,,2026-04-07,0,True,
22,2026-02-26,App,True,2026-02-26,2026-03-04,2,True,5.0
23,2026-06-23,App,True,2026-06-25,2026-08-14,3,True,4.0
24,2026-03-28,App,True,2026-03-29,2026-04-23,2,True,4.0
25,2026-03-04,Web,True,2026-03-07,2026-03-17,4,False,1.0
26,2026-03-17,App,False,,2026-04-11,0,False,
27,2026-07-11,Web,True,2026-07-12,2026-07-18,5,True,4.0
28,2026-07-09,App,True,2026-07-12,2026-08-26,6,True,5.0
29,2026-07-15,App,False,,2026-08-11,0,True,
30,2026-04-05,App,True,2026-04-07,2026-04-10,3,False,3.0
31,2026-04-19,App,False,,2026-04-22,0,True,
32,2026-03-12,Referral,True,2026-03-14,2026-04-26,1,False,4.0
33,2026-03-23,Referral,True,2026-03-23,2026-05-02,5,False,1.0
34,2026-07-24,Referral,False,,2026-09-03,0,True,
35,2026-04-20,App,True,2026-04-22,2026-05-14,4,True,3.0
36,2026-04-10,App,True,2026-04-12,2026-05-17,6,True,1.0
37,2026-08-17,Referral,False,,2026-10-05,0,False,
38,2026-05-31,Web,True,2026-06-02,2026-06-23,4,False,2.0
39,2026-07-12,Referral,True,2026-07-12,2026-07-13,4,False,4.0
40,2026-08-20,App,True,2026-08-23,2026-08-21,1,True,2.0
41,2026-02-26,App,True,2026-02-27,2026-04-04,1,False,1.0
42,2026-03-26,Referral,True,2026-03-27,2026-04-10,3,False,5.0
43,2026-03-17,App,True,2026-03-18,2026-04-21,2,True,3.0
44,2026-06-03,App,True,2026-06-04,2026-06-19,1,False,1.0
45,2026-08-17,App,True,2026-08-18,2026-09-23,2,False,1.0
46,2026-03-17,App,True,2026-03-20,2026-04-19,2,False,2.0
47,2026-04-28,Web,True,2026-04-28,2026-05-16,2,True,3.0
48,2026-05-20,Web,False,,2026-07-18,0,True,
49,2026-05-03,Web,False,,2026-06-19,0,True,
50,2026-05-21,App,False,,2026-06-20,0,True,
51,2026-06-10,Web,True,2026-06-11,2026-06-18,3,True,3.0
52,2026-07-06,App,True,2026-07-06,2026-08-16,1,False,1.0
53,2026-06-25,Web,True,2026-06-27,2026-07-20,1,True,3.0
54,2026-04-12,App,True,2026-04-12,2026-05-11,0,True,
55,2026-07-21,App,True,2026-07-23,2026-07-24,2,True,5.0
56,2026-08-17,App,False,,2026-09-02,0,True,
57,2026-06-05,Web,False,,2026-07-11,0,True,
58,2026-06-10,App,False,,2026-07-11,0,True,
59,2026-04-18,Referral,True,2026-04-21,2026-05-11,3,False,2.0
60,2026-06-13,App,True,2026-06-16,2026-06-22,2,False,2.0
61,2026-05-10,Web,True,2026-05-11,2026-06-16,2,False,4.0
62,2026-05-04,Web,False,,2026-06-11,0,True,
63,2026-06-01,Web,True,2026-06-03,2026-07-23,5,True,1.0
64,2026-08-09,Web,True,2026-08-12,2026-08-19,3,False,4.0
65,2026-04-29,Referral,True,2026-05-01,2026-06-01,4,True,4.0
66,2026-04-26,App,True,2026-04-28,2026-06-11,4,True,5.0
67,2026-04-27,App,True,2026-04-27,2026-05-08,3,False,4.0
68,2026-08-01,Web,True,2026-08-04,2026-08-28,1,False,1.0
69,2026-04-11,Referral,False,,2026-05-29,0,True,
70,2026-05-26,App,True,2026-05-26,2026-06-29,2,False,1.0
71,2026-06-03,Web,True,2026-06-06,2026-06-25,0,True,
72,2026-06-25,Referral,False,,2026-08-02,0,False,
73,2026-07-27,Referral,True,2026-07-30,2026-08-09,3,False,1.0
74,2026-08-16,App,True,2026-08-18,2026-08-31,2,False,3.0
75,2026-05-06,App,True,2026-05-09,2026-06-17,1,True,1.0
76,2026-04-25,Web,False,,2026-05-11,0,True,
77,2026-04-28,App,True,2026-04-29,2026-06-12,5,True,5.0
78,2026-06-27,App,True,2026-06-30,2026-08-15,4,True,4.0
79,2026-05-29,App,True,2026-05-30,2026-06-30,2,True,1.0
80,2026-05-29,Web,True,2026-05-29,2026-07-09,1,False,4.0
81,2026-07-24,Web,False,,2026-08-20,0,True,
82,2026-05-01,Web,True,2026-05-04,2026-06-04,3,False,2.0
83,2026-07-18,Referral,False,,2026-08-19,0,True,
84,2026-04-09,Web,False,,2026-05-24,0,True,
85,2026-06-11,Web,True,2026-06-11,2026-06-25,6,True,4.0
86,2026-08-04,Web,False,,2026-09-05,0,True,
87,2026-05-21,App,False,,2026-07-02,0,True,
88,2026-03-22,App,True,2026-03-24,2026-05-14,3,True,2.0
89,2026-06-27,App,False,,2026-08-23,0,True,
90,2026-03-23,App,True,2026-03-23,2026-05-02,1,True,2.0
91,2026-06-19,Referral,True,2026-06-20,2026-08-13,2,False,1.0
92,2026-08-12,App,True,2026-08-12,2026-09-15,2,False,5.0
93,2026-07-18,Web,False,,2026-08-16,0,True,
94,2026-03-27,App,True,2026-03-28,2026-04-22,4,False,1.0
95,2026-06-16,App,True,2026-06-16,2026-08-01,3,True,2.0
96,2026-02-23,App,True,2026-02-25,2026-04-05,5,False,5.0
97,2026-05-19,Web,True,2026-05-19,2026-06-15,1,False,5.0
98,2026-03-14,Web,True,2026-03-15,2026-04-19,2,False,2.0
99,2026-04-13,Web,True,2026-04-16,2026-05-26,6,False,1.0
100,2026-04-26,Referral,False,,2026-05-10,0,True,
101,2026-04-30,App,True,2026-05-01,2026-06-08,3,False,5.0
102,2026-07-08,Referral,False,,2026-09-04,0,True,
103,2026-06-22,Web,True,2026-06-23,2026-07-01,1,True,5.0
104,2026-07-07,Web,True,2026-07-10,2026-07-20,6,False,3.0
105,2026-05-12,Web,True,2026-05-15,2026-05-13,3,False,1.0
106,2026-06-16,Web,True,2026-06-19,2026-08-08,2,True,1.0
107,2026-04-11,Web,True,2026-04-13,2026-04-14,7,False,4.0
108,2026-07-23,Referral,True,2026-07-26,2026-07-25,2,True,2.0
109,2026-08-13,Referral,True,2026-08-14,2026-09-03,1,True,5.0
110,2026-07-13,App,True,2026-07-13,2026-08-10,1,True,3.0
111,2026-03-21,Web,True,2026-03-21,2026-05-09,7,True,1.0
112,2026-07-30,Web,False,,2026-09-12,0,False,
113,2026-05-29,App,False,,2026-07-21,0,True,
114,2026-04-19,Web,False,,2026-06-04,0,True,
115,2026-06-01,App,True,2026-06-02,2026-06-05,3,False,1.0
116,2026-05-01,App,False,,2026-06-30,0,True,
117,2026-05-05,Web,True,2026-05-05,2026-07-04,2,False,5.0
118,2026-08-17,App,False,,2026-10-15,0,True,
119,2026-03-22,App,True,2026-03-22,2026-05-13,4,True,2.0
120,2026-04-24,Referral,False,,2026-06-22,0,False,
121,2026-08-10,App,False,,2026-08-28,0,True,
122,2026-06-06,Web,True,2026-06-07,2026-06-24,1,False,4.0
123,2026-02-23,Referral,True,2026-02-26,2026-04-07,4,True,5.0
124,2026-07-18,App,False,,2026-09-06,0,True,
125,2026-04-21,App,True,2026-04-22,2026-04-23,3,False,1.0
126,2026-04-14,Web,True,2026-04-15,2026-05-10,5,True,1.0
127,2026-08-14,App,False,,2026-08-26,0,True,
128,2026-05-25,Web,True,2026-05-26,2026-07-02,2,False,1.0
129,2026-04-04,Referral,True,2026-04-07,2026-04-10,4,False,1.0
130,2026-07-27,Web,False,,2026-08-18,0,False,
131,2026-06-26,App,False,,2026-07-22,0,True,
132,2026-02-23,App,True,2026-02-23,2026-04-23,3,False,2.0
133,2026-05-29,Web,True,2026-05-29,2026-06-20,4,False,3.0
134,2026-06-26,Referral,False,,2026-07-16,0,True,
135,2026-05-06,Web,True,2026-05-08,2026-06-16,2,True,2.0
136,2026-05-22,Web,True,2026-05-25,2026-05-25,3,True,1.0
137,2026-05-29,Web,True,2026-06-01,2026-05-30,1,True,2.0
138,2026-02-28,App,False,,2026-03-03,0,True,
139,2026-06-12,App,True,2026-06-14,2026-07-28,2,False,3.0
140,2026-06-14,Web,False,,2026-07-25,0,True,
141,2026-03-19,Web,True,2026-03-19,2026-05-05,3,False,2.0
142,2026-02-22,App,False,,2026-03-15,0,True,
143,2026-07-24,App,False,,2026-09-06,0,True,
144,2026-06-20,Web,False,,2026-06-21,0,False,
145,2026-03-15,Referral,True,2026-03-16,2026-04-11,2,False,1.0
146,2026-04-02,Web,True,2026-04-03,2026-04-26,2,False,2.0
147,2026-05-20,Referral,False,,2026-07-19,0,True,
148,2026-06-19,App,False,,2026-07-23,0,False,
149,2026-07-10,App,True,2026-07-10,2026-08-26,3,False,2.0
150,2026-05-17,Web,False,,2026-06-10,0,True,
151,2026-05-19,App,True,2026-05-20,2026-06-19,5,True,3.0
152,2026-08-08,Referral,False,,2026-09-10,0,True,
153,2026-03-04,Web,True,2026-03-06,2026-04-20,3,False,1.0
154,2026-03-28,App,False,,2026-05-16,0,True,
155,2026-06-06,Web,True,2026-06-07,2026-07-10,1,False,5.0
156,2026-04-06,Web,True,2026-04-08,2026-04-22,3,True,1.0
157,2026-06-28,App,False,,2026-07-28,0,True,
158,2026-03-22,Web,True,2026-03-22,2026-04-03,2,False,4.0
159,2026-05-30,App,True,2026-06-01,2026-07-19,1,True,3.0
160,2026-06-15,App,False,,2026-07-21,0,False,
161,2026-04-27,App,True,2026-04-28,2026-05-26,0,False,
162,2026-05-22,Web,True,2026-05-25,2026-07-04,0,True,
163,2026-05-27,App,True,2026-05-28,2026-07-11,4,False,1.0
164,2026-07-05,Web,True,2026-07-07,2026-07-30,4,True,2.0
165,2026-08-02,Referral,True,2026-08-04,2026-08-20,1,False,5.0
166,2026-06-25,Web,True,2026-06-27,2026-08-18,1,True,1.0
167,2026-04-19,Web,False,,2026-05-29,0,True,
168,2026-03-18,Referral,True,2026-03-18,2026-04-27,6,False,1.0
169,2026-07-26,Referral,False,,2026-09-07,0,True,
170,2026-05-08,App,True,2026-05-11,2026-05-23,9,False,3.0
171,2026-08-15,Web,False,,2026-09-13,0,True,
172,2026-08-05,App,False,,2026-09-29,0,True,
173,2026-04-24,App,True,2026-04-27,2026-04-28,3,False,3.0
174,2026-04-26,App,True,2026-04-27,2026-05-09,2,False,3.0
175,2026-08-16,Referral,True,2026-08-19,2026-08-27,4,False,4.0
176,2026-07-16,Web,True,2026-07-16,2026-09-11,8,False,1.0
177,2026-07-20,App,True,2026-07-22,2026-08-18,1,True,4.0
178,2026-08-12,App,True,2026-08-13,2026-08-28,2,False,3.0
179,2026-02-22,Web,False,,2026-03-10,0,True,
180,2026-06-28,Web,True,2026-06-30,2026-08-07,2,False,3.0
181,2026-06-15,App,False,,2026-06-30,0,True,
182,2026-08-20,App,True,2026-08-20,2026-09-16,0,False,
183,2026-06-07,App,True,2026-06-10,2026-07-03,1,False,1.0
184,2026-03-03,App,False,,2026-04-14,0,True,
185,2026-03-31,App,True,2026-03-31,2026-04-20,2,False,4.0
186,2026-07-03,App,False,,2026-08-27,0,True,
187,2026-06-01,Web,True,2026-06-01,2026-07-26,3,True,4.0
188,2026-06-07,App,True,2026-06-09,2026-06-28,2,False,5.0
189,2026-04-30,App,True,2026-04-30,2026-06-27,7,True,3.0
190,2026-07-10,Web,False,,2026-08-13,0,True,
191,2026-04-08,Web,True,2026-04-11,2026-05-04,1,False,5.0
192,2026-03-03,App,False,,2026-04-02,0,True,
193,2026-04-24,App,True,2026-04-27,2026-05-16,3,False,1.0
194,2026-07-12,App,True,2026-07-12,2026-08-13,0,False,
195,2026-05-28,App,True,2026-05-30,2026-07-05,1,False,2.0
196,2026-06-30,Referral,True,2026-07-02,2026-07-15,3,False,4.0
197,2026-08-09,App,True,2026-08-09,2026-08-27,7,True,5.0
198,2026-02-23,App,True,2026-02-23,2026-04-07,6,True,2.0
199,2026-03-15,App,False,,2026-04-01,0,True,
200,2026-06-14,Web,True,2026-06-14,2026-06-20,1,False,1.0
201,2026-07-27,App,True,2026-07-30,2026-09-25,3,False,3.0
202,2026-05-11,App,False,,2026-07-10,0,False,
203,2026-03-18,Web,False,,2026-05-11,0,False,
204,2026-07-19,Web,True,2026-07-19,2026-09-01,3,True,3.0
205,2026-04-09,Web,True,2026-04-10,2026-05-17,3,False,2.0
206,2026-06-01,Web,True,2026-06-02,2026-06-25,1,False,3.0
207,2026-05-11,App,True,2026-05-14,2026-05-12,2,True,5.0
208,2026-04-17,App,True,2026-04-19,2026-05-28,3,False,5.0
209,2026-06-08,Referral,True,2026-06-09,2026-07-28,4,False,5.0
210,2026-06-12,App,False,,2026-07-03,0,True,
211,2026-02-26,App,True,2026-02-28,2026-04-24,4,False,1.0
212,2026-08-08,Referral,False,,2026-10-02,0,False,
213,2026-05-17,Web,True,2026-05-19,2026-05-21,2,True,5.0
214,2026-03-27,Web,True,2026-03-30,2026-05-14,4,False,3.0
215,2026-04-19,Web,True,2026-04-20,2026-06-05,2,False,4.0
216,2026-05-11,App,False,,2026-05-23,0,True,
217,2026-06-09,App,False,,2026-07-17,0,True,
218,2026-05-27,Web,True,2026-05-30,2026-07-13,5,True,1.0
219,2026-04-27,Web,True,2026-04-28,2026-06-09,4,True,4.0
220,2026-07-18,App,True,2026-07-18,2026-08-20,2,True,4.0
221,2026-03-22,App,True,2026-03-25,2026-05-17,1,False,1.0
222,2026-08-08,App,True,2026-08-11,2026-09-09,3,False,1.0
223,2026-03-18,App,True,2026-03-18,2026-04-13,1,True,3.0
224,2026-03-26,Web,True,2026-03-27,2026-05-11,2,False,5.0
225,2026-03-18,Web,True,2026-03-18,2026-04-23,3,False,1.0
226,2026-03-04,App,False,,2026-03-08,0,True,
227,2026-06-04,App,True,2026-06-05,2026-06-30,0,False,
228,2026-03-21,App,False,,2026-04-28,0,False,
229,2026-06-07,App,False,,2026-07-07,0,True,
230,2026-05-16,App,True,2026-05-16,2026-05-23,3,False,2.0
231,2026-06-30,Referral,False,,2026-08-15,0,True,
232,2026-06-07,Web,True,2026-06-08,2026-07-06,4,True,3.0
233,2026-05-04,Web,True,2026-05-06,2026-06-21,3,False,1.0
234,2026-05-13,Web,False,,2026-05-31,0,False,
235,2026-05-29,App,True,2026-05-29,2026-06-17,3,True,5.0
236,2026-04-27,Web,True,2026-04-29,2026-05-11,4,False,5.0
237,2026-08-02,Referral,True,2026-08-03,2026-08-23,2,True,1.0
238,2026-07-14,Referral,True,2026-07-16,2026-08-10,2,False,4.0
239,2026-08-05,Web,True,2026-08-06,2026-09-17,0,True,
240,2026-05-18,App,True,2026-05-20,2026-06-20,0,False,
241,2026-04-29,App,True,2026-04-29,2026-06-22,1,False,1.0
242,2026-02-26,App,False,,2026-03-02,0,False,
243,2026-05-27,Web,False,,2026-05-30,0,False,
244,2026-05-23,Referral,True,2026-05-26,2026-07-14,4,False,3.0
245,2026-04-18,App,True,2026-04-21,2026-04-27,7,False,2.0
246,2026-08-08,Web,True,2026-08-08,2026-09-15,0,False,
247,2026-08-15,App,True,2026-08-18,2026-10-11,4,True,1.0
248,2026-03-22,App,True,2026-03-22,2026-05-02,3,False,1.0
249,2026-03-05,Web,True,2026-03-05,2026-04-25,7,False,5.0
250,2026-04-04,App,False,,2026-04-07,0,True,
251,2026-05-06,App,False,,2026-07-02,0,True,
252,2026-06-12,Web,True,2026-06-15,2026-07-19,2,False,1.0
253,2026-08-06,App,True,2026-08-06,2026-08-24,3,False,2.0
254,2026-04-04,App,False,,2026-04-22,0,False,
255,2026-08-01,App,True,2026-08-02,2026-09-21,6,True,2.0
256,2026-03-31,Web,False,,2026-04-09,0,True,
257,2026-08-04,Referral,True,2026-08-06,2026-08-19,2,False,3.0
258,2026-04-11,App,True,2026-04-11,2026-06-05,3,False,5.0
259,2026-04-22,App,True,2026-04-22,2026-06-01,4,False,5.0
260,2026-05-07,Web,True,2026-05-08,2026-06-19,4,False,1.0
261,2026-07-13,App,True,2026-07-15,2026-08-29,4,True,5.0
262,2026-07-26,Referral,True,2026-07-27,2026-08-01,6,False,2.0
263,2026-03-21,App,True,2026-03-21,2026-03-29,0,True,
264,2026-03-16,Web,True,2026-03-16,2026-03-26,5,False,1.0
265,2026-03-17,App,True,2026-03-19,2026-04-21,0,False,
266,2026-04-27,Web,False,,2026-05-22,0,True,
267,2026-03-07,App,False,,2026-03-26,0,False,
268,2026-06-30,App,True,2026-07-02,2026-08-28,6,True,4.0
269,2026-06-19,App,True,2026-06-19,2026-07-26,1,False,3.0
270,2026-05-04,Web,True,2026-05-07,2026-06-16,4,True,3.0
271,2026-03-22,App,True,2026-03-23,2026-05-19,0,False,
272,2026-04-23,App,False,,2026-05-30,0,True,
273,2026-07-26,Web,False,,2026-08-21,0,True,
274,2026-03-28,Web,True,2026-03-31,2026-05-17,2,False,2.0
275,2026-08-19,App,True,2026-08-22,2026-10-07,1,False,5.0
276,2026-07-08,Web,True,2026-07-09,2026-08-20,3,False,2.0
277,2026-06-15,Web,False,,2026-07-15,0,False,
278,2026-05-17,App,False,,2026-07-02,0,True,
279,2026-07-23,App,True,2026-07-24,2026-07-30,1,False,2.0
280,2026-05-17,Web,False,,2026-05-27,0,False,
281,2026-06-07,App,False,,2026-07-24,0,True,
282,2026-06-19,App,True,2026-06-19,2026-07-05,4,False,5.0
283,2026-06-10,Web,True,2026-06-10,2026-08-05,2,True,1.0
284,2026-05-01,Web,False,,2026-06-26,0,True,
285,2026-07-18,Web,False,,2026-07-24,0,True,
286,2026-04-12,Web,True,2026-04-15,2026-05-10,5,False,3.0
287,2026-04-06,App,True,2026-04-09,2026-06-03,2,True,3.0
288,2026-06-11,App,False,,2026-06-23,0,True,
289,2026-04-07,App,False,,2026-06-01,0,False,
290,2026-05-25,Referral,False,,2026-06-12,0,False,
291,2026-08-17,App,True,2026-08-18,2026-09-13,1,False,5.0
292,2026-06-04,Referral,True,2026-06-04,2026-08-02,4,True,4.0
293,2026-07-10,App,False,,2026-08-24,0,True,
294,2026-05-31,Web,True,2026-06-03,2026-06-02,1,True,3.0
295,2026-06-07,Web,True,2026-06-09,2026-06-14,2,True,4.0
296,2026-05-08,Web,True,2026-05-10,2026-06-12,3,False,2.0
297,2026-04-26,Web,False,,2026-05-16,0,True,
298,2026-08-11,App,False,,2026-09-29,0,True,
299,2026-07-03,App,True,2026-07-04,2026-08-04,1,True,2.0
300,2026-04-29,Web,False,,2026-05-10,0,True,
301,2026-03-18,App,False,,2026-05-09,0,True,
302,2026-07-24,App,True,2026-07-24,2026-09-20,3,False,1.0
303,2026-05-25,App,True,2026-05-25,2026-05-28,4,False,3.0
304,2026-04-22,App,False,,2026-05-26,0,True,
305,2026-03-30,Referral,True,2026-03-31,2026-04-27,3,False,5.0
306,2026-08-05,Web,False,,2026-08-28,0,True,
307,2026-05-29,Web,True,2026-05-31,2026-07-10,5,True,4.0
308,2026-05-19,Referral,True,2026-05-21,2026-06-28,1,True,1.0
309,2026-05-01,App,False,,2026-06-28,0,True,
310,2026-07-28,App,False,,2026-08-20,0,True,
311,2026-04-20,Web,True,2026-04-23,2026-05-12,1,True,5.0
312,2026-03-06,App,False,,2026-04-30,0,True,
313,2026-03-09,Referral,True,2026-03-12,2026-03-19,2,False,3.0
314,2026-06-23,App,True,2026-06-26,2026-08-02,5,False,1.0
315,2026-07-17,Referral,True,2026-07-18,2026-08-09,2,False,3.0
316,2026-03-19,Web,False,,2026-05-04,0,True,
317,2026-07-01,App,True,2026-07-04,2026-07-20,2,False,1.0
318,2026-06-06,App,True,2026-06-09,2026-07-18,2,True,3.0
319,2026-07-27,App,True,2026-07-30,2026-08-03,3,False,1.0
320,2026-07-12,App,True,2026-07-12,2026-08-19,1,True,5.0
321,2026-03-09,App,True,2026-03-12,2026-04-04,3,False,1.0
322,2026-04-27,Referral,False,,2026-06-10,0,True,
323,2026-06-07,App,False,,2026-08-02,0,True,
324,2026-04-29,Web,False,,2026-06-09,0,True,
325,2026-06-21,App,True,2026-06-22,2026-07-10,3,True,5.0
326,2026-08-15,App,True,2026-08-16,2026-08-17,4,True,4.0
327,2026-07-23,App,True,2026-07-25,2026-09-15,2,True,4.0
328,2026-06-06,App,True,2026-06-06,2026-07-23,2,True,3.0
329,2026-03-22,App,True,2026-03-25,2026-04-24,1,False,2.0
330,2026-05-19,Web,True,2026-05-19,2026-07-05,9,False,5.0
331,2026-08-17,App,True,2026-08-19,2026-10-02,4,False,3.0
332,2026-08-15,App,True,2026-08-18,2026-08-23,1,False,1.0
333,2026-07-15,App,False,,2026-08-27,0,True,
334,2026-07-04,Web,True,2026-07-05,2026-07-26,5,False,3.0
335,2026-05-07,Referral,False,,2026-06-11,0,True,
336,2026-04-28,Web,True,2026-05-01,2026-05-24,3,True,2.0
337,2026-08-14,Web,True,2026-08-15,2026-08-17,3,False,1.0
338,2026-02-22,Referral,False,,2026-03-17,0,True,
339,2026-07-05,Web,False,,2026-07-13,0,True,
340,2026-03-31,App,True,2026-04-03,2026-04-01,4,False,5.0
341,2026-04-20,Referral,True,2026-04-23,2026-05-04,3,True,3.0
342,2026-05-25,Web,True,2026-05-27,2026-07-10,2,False,4.0
343,2026-03-15,Web,False,,2026-04-24,0,False,
344,2026-06-15,App,False,,2026-07-02,0,True,
345,2026-04-19,Web,True,2026-04-20,2026-05-19,5,False,2.0
346,2026-06-13,App,False,,2026-07-30,0,True,
347,2026-08-04,Web,False,,2026-09-23,0,True,
348,2026-03-11,App,False,,2026-05-10,0,True,
349,2026-03-01,App,False,,2026-03-23,0,False,
350,2026-07-08,App,True,2026-07-11,2026-08-15,5,False,5.0
351,2026-06-03,Web,False,,2026-07-14,0,True,
352,2026-07-01,Referral,True,2026-07-01,2026-08-10,0,False,
353,2026-07-21,Web,False,,2026-08-25,0,False,
354,2026-04-09,App,True,2026-04-10,2026-04-21,5,True,3.0
355,2026-07-21,Web,True,2026-07-24,2026-07-27,1,True,2.0
356,2026-06-13,App,True,2026-06-14,2026-07-04,2,True,4.0
357,2026-07-26,Web,True,2026-07-29,2026-08-18,3,True,5.0
358,2026-03-02,App,True,2026-03-02,2026-04-24,6,True,4.0
359,2026-03-16,Referral,True,2026-03-16,2026-04-20,1,True,4.0
360,2026-04-18,App,False,,2026-05-20,0,False,
361,2026-03-31,App,True,2026-03-31,2026-04-16,1,True,2.0
362,2026-07-07,App,False,,2026-07-21,0,True,
363,2026-08-06,App,False,,2026-09-05,0,True,
364,2026-06-29,Web,True,2026-06-29,2026-07-07,3,False,4.0
365,2026-03-03,App,True,2026-03-04,2026-05-02,1,False,5.0
366,2026-03-13,App,True,2026-03-16,2026-03-24,0,True,
367,2026-08-08,App,True,2026-08-10,2026-09-23,0,False,
368,2026-08-03,Web,True,2026-08-04,2026-09-03,4,False,5.0
369,2026-03-17,App,True,2026-03-17,2026-03-28,4,True,5.0
370,2026-02-25,App,True,2026-02-25,2026-03-31,2,True,2.0
371,2026-03-15,Web,False,,2026-04-03,0,True,
372,2026-04-14,App,True,2026-04-14,2026-04-15,6,False,3.0
373,2026-03-29,App,True,2026-03-31,2026-05-18,4,False,2.0
374,2026-07-21,Referral,True,2026-07-24,2026-08-12,1,False,3.0
375,2026-06-22,App,False,,2026-08-05,0,True,
376,2026-05-14,Web,True,2026-05-17,2026-06-15,3,True,3.0
377,2026-05-13,App,True,2026-05-16,2026-06-02,4,False,5.0
378,2026-05-02,Web,True,2026-05-02,2026-06-19,4,False,2.0
379,2026-08-01,Referral,True,2026-08-01,2026-09-25,1,True,1.0
380,2026-03-09,App,True,2026-03-11,2026-03-19,1,False,3.0
381,2026-08-18,App,True,2026-08-18,2026-10-08,1,False,3.0
382,2026-04-14,App,True,2026-04-15,2026-05-08,0,False,
383,2026-03-03,App,False,,2026-04-22,0,True,
384,2026-04-30,App,True,2026-05-01,2026-05-03,2,False,3.0
385,2026-07-22,Referral,True,2026-07-22,2026-07-24,5,False,3.0
386,2026-07-03,Referral,False,,2026-08-17,0,True,
387,2026-04-06,App,True,2026-04-09,2026-05-15,5,False,3.0
388,2026-03-25,App,False,,2026-05-11,0,True,
389,2026-08-09,App,True,2026-08-09,2026-08-15,2,False,1.0
390,2026-04-10,App,True,2026-04-10,2026-05-31,1,False,3.0
391,2026-08-11,App,True,2026-08-12,2026-09-11,3,True,2.0
392,2026-07-28,Web,False,,2026-09-13,0,True,
393,2026-07-14,App,True,2026-07-16,2026-07-26,7,False,4.0
394,2026-04-26,Web,True,2026-04-28,2026-05-19,2,False,3.0
395,2026-03-10,Web,True,2026-03-10,2026-03-18,3,False,3.0
396,2026-03-24,Web,False,,2026-04-25,0,False,
397,2026-05-04,App,True,2026-05-05,2026-06-29,3,False,2.0
398,2026-07-29,App,True,2026-07-31,2026-09-22,1,True,3.0
399,2026-04-05,App,True,2026-04-08,2026-05-27,7,True,4.0
400,2026-04-08,Web,True,2026-04-11,2026-05-26,2,False,1.0
401,2026-05-04,Web,True,2026-05-04,2026-05-07,4,True,2.0
402,2026-07-28,App,True,2026-07-28,2026-09-13,4,False,1.0
403,2026-03-16,App,True,2026-03-19,2026-04-23,4,True,4.0
404,2026-08-08,App,True,2026-08-09,2026-09-18,1,False,2.0
405,2026-08-06,Web,False,,2026-10-03,0,True,
406,2026-06-19,App,False,,2026-07-27,0,True,
407,2026-04-29,App,False,,2026-05-22,0,False,
408,2026-03-26,App,True,2026-03-28,2026-04-29,2,True,3.0
409,2026-04-25,Web,True,2026-04-27,2026-05-23,2,False,3.0
410,2026-06-20,App,True,2026-06-22,2026-07-10,3,True,4.0
411,2026-05-31,App,True,2026-05-31,2026-07-08,2,True,1.0
412,2026-06-29,Referral,True,2026-07-02,2026-07-02,5,True,3.0
413,2026-05-04,App,True,2026-05-05,2026-05-11,2,False,4.0
414,2026-06-29,Web,True,2026-06-29,2026-08-12,2,False,5.0
415,2026-05-22,Web,False,,2026-06-06,0,True,
416,2026-04-22,App,True,2026-04-25,2026-05-29,2,False,2.0
417,2026-06-25,App,False,,2026-08-21,0,True,
418,2026-03-13,App,True,2026-03-13,2026-04-07,1,False,2.0
419,2026-05-31,App,False,,2026-06-10,0,True,
420,2026-05-28,Web,True,2026-05-30,2026-07-12,3,False,5.0
421,2026-07-19,App,True,2026-07-20,2026-08-06,3,False,5.0
422,2026-07-09,App,True,2026-07-09,2026-08-13,3,True,3.0
423,2026-07-09,Referral,True,2026-07-09,2026-07-18,6,True,2.0
424,2026-05-12,App,False,,2026-05-21,0,True,
425,2026-05-18,App,True,2026-05-19,2026-06-20,5,False,3.0
426,2026-04-08,Web,True,2026-04-11,2026-05-13,4,True,2.0
427,2026-05-23,Referral,True,2026-05-24,2026-06-01,1,False,2.0
428,2026-08-05,Web,False,,2026-09-03,0,True,
429,2026-05-22,App,True,2026-05-25,2026-07-03,4,True,5.0
430,2026-05-18,App,True,2026-05-21,2026-06-24,2,False,5.0
431,2026-05-24,Web,False,,2026-07-17,0,True,
432,2026-03-20,App,True,2026-03-23,2026-04-07,0,False,
433,2026-03-18,App,False,,2026-05-15,0,True,
434,2026-05-11,Web,False,,2026-05-27,0,True,
435,2026-04-01,Web,True,2026-04-03,2026-05-11,5,True,2.0
436,2026-04-20,App,True,2026-04-21,2026-05-01,3,False,5.0
437,2026-05-11,Web,False,,2026-07-07,0,True,
438,2026-02-28,App,True,2026-03-01,2026-04-18,2,False,2.0
439,2026-04-05,Web,True,2026-04-05,2026-04-17,5,False,1.0
440,2026-03-27,Web,False,,2026-04-22,0,True,
441,2026-03-27,App,True,2026-03-30,2026-05-21,4,False,1.0
442,2026-03-04,App,True,2026-03-05,2026-04-29,4,False,1.0
443,2026-07-12,Web,False,,2026-07-18,0,True,
444,2026-03-17,App,True,2026-03-20,2026-04-28,3,True,5.0
445,2026-07-29,Web,False,,2026-08-13,0,True,
446,2026-04-18,App,True,2026-04-21,2026-06-01,3,False,4.0
447,2026-06-23,Web,True,2026-06-25,2026-06-25,3,False,2.0
448,2026-05-22,App,True,2026-05-23,2026-07-03,7,True,2.0
449,2026-06-14,Web,False,,2026-08-10,0,True,
450,2026-05-09,Referral,False,,2026-06-18,0,True,
451,2026-06-24,Referral,True,2026-06-27,2026-08-08,4,True,4.0
452,2026-06-14,App,True,2026-06-15,2026-07-29,2,False,2.0
453,2026-06-12,App,True,2026-06-13,2026-08-06,2,False,3.0
454,2026-02-23,Web,False,,2026-04-02,0,True,
455,2026-06-11,App,False,,2026-07-15,0,True,
456,2026-04-27,Referral,True,2026-04-28,2026-05-26,4,False,3.0
457,2026-03-12,Web,True,2026-03-15,2026-05-01,2,True,3.0
458,2026-03-11,Referral,True,2026-03-12,2026-05-04,7,False,4.0
459,2026-03-19,App,True,2026-03-21,2026-03-27,1,False,4.0
460,2026-05-23,Web,True,2026-05-24,2026-06-13,9,False,2.0
461,2026-07-19,App,True,2026-07-21,2026-09-10,5,True,2.0
462,2026-06-05,App,True,2026-06-07,2026-08-01,3,False,5.0
463,2026-04-03,App,True,2026-04-04,2026-05-27,2,False,5.0
464,2026-03-17,App,False,,2026-04-02,0,True,
465,2026-02-23,Web,True,2026-02-24,2026-04-24,3,False,5.0
466,2026-03-27,App,True,2026-03-27,2026-03-28,3,False,3.0
467,2026-06-29,Web,False,,2026-07-22,0,True,
468,2026-04-20,Web,True,2026-04-22,2026-05-01,3,True,2.0
469,2026-03-21,App,False,,2026-04-06,0,True,
470,2026-05-27,Web,False,,2026-07-05,0,True,
471,2026-04-16,App,True,2026-04-17,2026-06-04,4,False,2.0
472,2026-07-27,Web,True,2026-07-27,2026-09-10,3,False,1.0
473,2026-04-18,Referral,True,2026-04-20,2026-05-04,4,False,1.0
474,2026-07-08,Web,True,2026-07-11,2026-08-05,2,False,5.0
475,2026-06-18,App,True,2026-06-18,2026-08-13,4,True,1.0
476,2026-08-02,Web,False,,2026-08-07,0,True,
477,2026-08-14,Referral,True,2026-08-17,2026-10-08,2,True,1.0
478,2026-06-17,App,True,2026-06-17,2026-08-01,5,False,5.0
479,2026-05-28,App,False,,2026-06-29,0,False,
480,2026-05-13,App,True,2026-05-13,2026-05-19,6,False,3.0
481,2026-03-12,Web,True,2026-03-12,2026-03-27,3,False,5.0
482,2026-06-27,Web,True,2026-06-27,2026-08-01,1,True,4.0
483,2026-05-20,App,True,2026-05-21,2026-06-26,3,False,3.0
484,2026-08-13,App,False,,2026-09-02,0,True,
485,2026-03-14,App,False,,2026-05-08,0,True,
486,2026-03-06,App,False,,2026-04-30,0,True,
487,2026-03-18,App,True,2026-03-20,2026-05-11,2,False,3.0
488,2026-03-14,App,True,2026-03-15,2026-04-26,3,False,2.0
489,2026-07-12,Web,False,,2026-09-07,0,False,
490,2026-05-21,Referral,False,,2026-06-27,0,True,
491,2026-07-19,Referral,True,2026-07-22,2026-08-24,4,False,2.0
492,2026-08-05,Web,True,2026-08-05,2026-08-20,1,True,3.0
493,2026-03-11,App,False,,2026-04-01,0,True,
494,2026-05-21,Web,True,2026-05-23,2026-06-07,6,False,1.0
495,2026-06-02,App,False,,2026-07-16,0,True,
496,2026-03-04,App,False,,2026-04-10,0,False,
497,2026-06-11,App,False,,2026-07-02,0,False,
498,2026-07-17,Web,True,2026-07-17,2026-09-12,2,False,3.0
499,2026-04-30,Web,False,,2026-06-03,0,False,
500,2026-03-03,Web,True,2026-03-05,2026-03-24,1,False,4.0
501,2026-08-12,Web,True,2026-08-14,2026-09-12,6,False,3.0
502,2026-07-17,App,True,2026-07-17,2026-08-20,3,True,4.0
503,2026-04-30,App,True,2026-05-03,2026-06-08,1,True,2.0
504,2026-05-15,Web,True,2026-05-17,2026-05-20,3,False,4.0
505,2026-08-11,App,True,2026-08-12,2026-09-04,4,True,2.0
506,2026-07-09,App,True,2026-07-10,2026-08-11,6,False,3.0
507,2026-04-28,Web,True,2026-04-29,2026-06-05,3,True,4.0
508,2026-06-04,Web,True,2026-06-06,2026-06-12,1,True,5.0
509,2026-05-04,App,False,,2026-05-22,0,True,
510,2026-06-18,Web,True,2026-06-18,2026-08-09,4,False,2.0
511,2026-03-14,Web,True,2026-03-16,2026-04-19,4,False,2.0
512,2026-05-13,Web,False,,2026-05-28,0,True,
513,2026-03-07,App,True,2026-03-09,2026-04-02,4,True,4.0
514,2026-04-26,App,False,,2026-06-14,0,True,
515,2026-05-16,Web,True,2026-05-18,2026-06-08,3,True,1.0
516,2026-06-25,App,True,2026-06-26,2026-07-20,3,False,4.0
517,2026-08-01,Web,True,2026-08-02,2026-08-11,3,False,2.0
518,2026-04-09,App,True,2026-04-12,2026-04-13,3,False,5.0
519,2026-06-16,App,False,,2026-07-17,0,True,
520,2026-06-21,Web,True,2026-06-22,2026-06-30,6,False,4.0
521,2026-05-01,Web,True,2026-05-03,2026-05-11,0,True,
522,2026-04-25,Web,True,2026-04-28,2026-05-19,2,True,1.0
523,2026-05-05,Referral,False,,2026-05-09,0,True,
524,2026-06-28,App,True,2026-06-29,2026-08-25,3,False,2.0
525,2026-06-03,Web,True,2026-06-05,2026-07-14,5,True,1.0
526,2026-03-18,Web,True,2026-03-19,2026-05-16,2,True,3.0
527,2026-05-02,Web,True,2026-05-02,2026-06-22,4,False,2.0
528,2026-07-19,Web,False,,2026-08-12,0,True,
529,2026-05-29,App,False,,2026-06-25,0,False,
530,2026-06-05,App,True,2026-06-05,2026-07-24,0,False,
531,2026-04-18,App,True,2026-04-19,2026-05-26,4,True,2.0
532,2026-08-02,Web,True,2026-08-03,2026-08-30,4,True,3.0
533,2026-08-18,Web,True,2026-08-19,2026-10-09,5,False,5.0
534,2026-07-09,Web,True,2026-07-11,2026-07-10,1,False,1.0
535,2026-03-26,App,False,,2026-04-17,0,True,
536,2026-05-03,App,True,2026-05-06,2026-05-21,2,True,1.0
537,2026-08-15,Referral,True,2026-08-18,2026-09-07,4,True,2.0
538,2026-05-12,Referral,False,,2026-06-15,0,False,
539,2026-05-04,App,True,2026-05-07,2026-06-01,5,False,4.0
540,2026-04-03,App,True,2026-04-06,2026-04-14,3,False,3.0
541,2026-07-19,Referral,True,2026-07-22,2026-09-07,6,False,3.0
542,2026-07-11,App,True,2026-07-14,2026-08-03,3,False,4.0
543,2026-03-26,Referral,True,2026-03-28,2026-04-28,7,True,3.0
544,2026-07-01,Web,True,2026-07-04,2026-08-20,7,False,4.0
545,2026-08-20,App,True,2026-08-20,2026-10-18,0,False,
546,2026-02-22,Web,True,2026-02-24,2026-04-17,3,False,5.0
547,2026-07-13,App,False,,2026-08-28,0,False,
548,2026-02-22,Web,True,2026-02-24,2026-04-17,2,False,1.0
549,2026-05-14,App,False,,2026-07-06,0,True,
550,2026-04-04,Web,False,,2026-04-17,0,True,
551,2026-07-09,Referral,True,2026-07-09,2026-08-26,1,False,5.0
552,2026-07-28,App,True,2026-07-31,2026-09-19,0,False,
553,2026-08-10,App,False,,2026-08-17,0,True,
554,2026-06-07,Web,True,2026-06-09,2026-06-29,3,False,4.0
555,2026-07-27,App,True,2026-07-29,2026-08-04,6,False,4.0
556,2026-08-13,App,False,,2026-08-28,0,True,
557,2026-05-20,Web,True,2026-05-20,2026-06-08,1,False,4.0
558,2026-03-13,App,True,2026-03-14,2026-04-28,2,False,2.0
559,2026-05-14,Web,True,2026-05-16,2026-06-19,6,False,1.0
560,2026-03-06,Referral,False,,2026-03-10,0,True,
561,2026-05-19,App,True,2026-05-21,2026-06-15,5,False,3.0
562,2026-06-06,App,False,,2026-08-01,0,True,
563,2026-04-30,App,True,2026-05-01,2026-06-06,0,True,
564,2026-02-27,Web,True,2026-02-27,2026-03-22,1,False,4.0
565,2026-03-26,App,True,2026-03-29,2026-05-21,4,False,4.0
566,2026-06-10,Web,True,2026-06-12,2026-07-16,5,False,3.0
567,2026-07-30,Web,True,2026-07-31,2026-09-16,0,True,
568,2026-07-18,App,False,,2026-08-03,0,True,
569,2026-04-14,Web,False,,2026-05-17,0,False,
570,2026-05-22,Referral,True,2026-05-23,2026-06-21,6,True,4.0
571,2026-05-22,App,True,2026-05-22,2026-07-05,5,False,2.0
572,2026-03-20,Web,True,2026-03-21,2026-04-16,1,True,3.0
573,2026-05-24,Web,True,2026-05-24,2026-07-17,3,True,5.0
574,2026-07-29,Web,True,2026-07-30,2026-09-19,4,False,2.0
575,2026-04-14,Web,True,2026-04-15,2026-05-29,2,False,5.0
576,2026-06-28,Web,True,2026-06-29,2026-08-17,3,False,1.0
577,2026-08-05,Referral,True,2026-08-07,2026-09-22,2,True,2.0
578,2026-05-04,Web,True,2026-05-07,2026-06-15,1,True,3.0
579,2026-05-27,Referral,True,2026-05-29,2026-06-20,3,False,1.0
580,2026-05-22,App,False,,2026-05-27,0,False,
581,2026-07-20,Web,True,2026-07-22,2026-07-24,0,True,
582,2026-05-01,App,True,2026-05-01,2026-05-18,1,False,4.0
583,2026-03-11,App,True,2026-03-12,2026-05-02,0,True,
584,2026-04-09,Referral,False,,2026-06-06,0,False,
585,2026-06-19,App,False,,2026-08-05,0,False,
586,2026-03-21,Web,True,2026-03-22,2026-04-20,4,False,3.0
587,2026-02-25,App,True,2026-02-27,2026-02-28,2,True,5.0
588,2026-04-14,App,True,2026-04-16,2026-05-06,2,False,5.0
589,2026-07-21,Web,True,2026-07-21,2026-08-09,0,False,
590,2026-06-01,App,True,2026-06-01,2026-06-22,1,False,1.0
591,2026-04-09,App,True,2026-04-10,2026-04-19,4,False,4.0
592,2026-08-04,Web,True,2026-08-04,2026-09-17,6,False,1.0
593,2026-07-04,Referral,False,,2026-08-08,0,True,
594,2026-07-09,Referral,True,2026-07-12,2026-08-10,0,True,
595,2026-06-26,App,True,2026-06-26,2026-07-02,5,True,3.0
596,2026-04-15,Web,True,2026-04-15,2026-05-29,4,False,4.0
597,2026-05-30,Referral,False,,2026-06-22,0,True,
598,2026-04-29,App,False,,2026-06-07,0,False,
599,2026-05-03,App,True,2026-05-05,2026-07-01,5,False,1.0
600,2026-06-02,App,True,2026-06-03,2026-07-21,5,False,5.0
601,2026-03-31,App,True,2026-04-01,2026-04-20,1,False,4.0
602,2026-05-03,Referral,True,2026-05-05,2026-05-20,3,False,5.0
603,2026-06-25,Referral,True,2026-06-26,2026-08-20,0,False,
604,2026-07-07,App,True,2026-07-07,2026-07-08,2,False,4.0
605,2026-07-05,Web,True,2026-07-05,2026-07-30,0,False,
606,2026-06-02,App,True,2026-06-02,2026-07-05,4,True,2.0
607,2026-05-29,Web,False,,2026-07-01,0,True,
608,2026-06-14,Web,False,,2026-06-23,0,True,
609,2026-05-03,Web,False,,2026-06-01,0,True,
610,2026-03-23,App,True,2026-03-24,2026-04-17,5,False,2.0
611,2026-04-23,Web,False,,2026-05-29,0,True,
612,2026-03-31,App,False,,2026-05-25,0,False,
613,2026-02-24,Referral,False,,2026-03-07,0,True,
614,2026-06-21,App,True,2026-06-23,2026-07-04,3,False,1.0
615,2026-08-05,Web,True,2026-08-05,2026-09-26,5,True,4.0
616,2026-04-11,Referral,False,,2026-04-30,0,True,
617,2026-07-19,Web,False,,2026-07-27,0,True,
618,2026-04-10,Web,True,2026-04-11,2026-05-05,2,False,3.0
619,2026-06-03,App,True,2026-06-05,2026-07-28,2,True,2.0
620,2026-07-23,App,False,,2026-08-11,0,True,
621,2026-03-13,App,False,,2026-05-02,0,True,
622,2026-06-18,App,False,,2026-08-06,0,True,
623,2026-08-04,App,False,,2026-10-03,0,False,
624,2026-07-26,Web,True,2026-07-28,2026-08-29,4,False,2.0
625,2026-07-11,Web,True,2026-07-14,2026-08-30,0,False,
626,2026-06-16,Web,False,,2026-08-08,0,True,
627,2026-07-12,Web,False,,2026-09-09,0,True,
628,2026-07-01,App,True,2026-07-01,2026-07-19,1,True,2.0
629,2026-05-04,Web,False,,2026-05-11,0,False,
630,2026-05-26,Web,True,2026-05-27,2026-07-23,3,False,5.0
631,2026-04-24,Web,False,,2026-06-02,0,True,
632,2026-07-18,App,False,,2026-08-08,0,False,
633,2026-07-02,Web,False,,2026-08-09,0,True,
634,2026-08-04,App,True,2026-08-06,2026-09-22,2,False,3.0
635,2026-06-08,App,True,2026-06-11,2026-06-19,1,False,5.0
636,2026-08-14,App,True,2026-08-15,2026-10-12,3,True,5.0
637,2026-05-17,Referral,True,2026-05-19,2026-07-10,1,True,5.0
638,2026-06-03,Web,True,2026-06-05,2026-07-20,2,False,2.0
639,2026-05-29,Web,True,2026-05-31,2026-06-06,1,True,5.0
640,2026-08-02,App,False,,2026-09-13,0,True,
641,2026-07-26,Web,False,,2026-08-17,0,False,
642,2026-04-09,App,True,2026-04-10,2026-05-25,1,True,5.0
643,2026-02-23,App,True,2026-02-25,2026-03-27,0,False,
644,2026-07-03,Referral,True,2026-07-04,2026-08-24,4,True,4.0
645,2026-08-16,App,False,,2026-10-13,0,True,
646,2026-04-28,Web,True,2026-04-30,2026-05-15,3,False,1.0
647,2026-05-10,Web,True,2026-05-12,2026-06-17,2,True,3.0
648,2026-07-18,App,False,,2026-08-04,0,True,
649,2026-08-09,App,True,2026-08-11,2026-09-25,2,False,3.0
650,2026-03-26,Referral,True,2026-03-29,2026-04-09,4,True,5.0
651,2026-03-17,Web,True,2026-03-20,2026-04-30,1,False,5.0
652,2026-03-17,Web,True,2026-03-19,2026-04-04,2,False,1.0
653,2026-08-20,App,True,2026-08-22,2026-10-13,2,False,4.0
654,2026-06-16,Referral,True,2026-06-18,2026-08-14,4,False,4.0
655,2026-06-13,App,True,2026-06-14,2026-06-21,3,True,4.0
656,2026-05-10,App,False,,2026-06-18,0,True,
657,2026-08-04,Web,True,2026-08-05,2026-08-11,4,True,5.0
658,2026-04-23,App,True,2026-04-23,2026-05-27,1,False,3.0
659,2026-04-04,App,True,2026-04-07,2026-04-30,3,True,1.0
660,2026-06-01,Web,False,,2026-06-30,0,True,
661,2026-06-28,App,False,,2026-07-07,0,True,
662,2026-02-22,App,True,2026-02-25,2026-04-02,1,False,1.0
663,2026-06-07,Referral,True,2026-06-07,2026-07-24,4,False,3.0
664,2026-02-25,Web,True,2026-02-26,2026-03-15,5,True,4.0
665,2026-04-12,App,False,,2026-05-15,0,True,
666,2026-03-04,App,True,2026-03-07,2026-03-21,2,False,5.0
667,2026-08-11,Referral,False,,2026-09-19,0,True,
668,2026-07-15,Referral,True,2026-07-16,2026-07-27,2,False,5.0
669,2026-02-28,Web,True,2026-03-03,2026-04-04,1,False,2.0
670,2026-03-23,Referral,True,2026-03-23,2026-04-29,5,False,5.0
671,2026-06-01,Web,True,2026-06-03,2026-06-19,4,False,4.0
672,2026-07-31,Web,False,,2026-08-19,0,True,
673,2026-05-30,App,True,2026-06-01,2026-07-05,5,False,3.0
674,2026-06-20,App,False,,2026-07-29,0,True,
675,2026-04-08,App,True,2026-04-10,2026-05-27,4,True,3.0
676,2026-03-20,App,True,2026-03-23,2026-04-10,1,False,2.0
677,2026-03-18,Referral,False,,2026-03-31,0,False,
678,2026-05-30,Web,True,2026-06-02,2026-06-24,3,False,3.0
679,2026-07-07,App,False,,2026-07-14,0,True,
680,2026-03-22,App,True,2026-03-24,2026-04-30,6,True,1.0
681,2026-03-27,App,False,,2026-04-06,0,True,
682,2026-08-04,App,True,2026-08-06,2026-08-24,8,False,2.0
683,2026-08-07,Web,False,,2026-09-13,0,True,
684,2026-05-21,App,True,2026-05-22,2026-06-04,2,False,3.0
685,2026-04-16,App,False,,2026-05-02,0,False,
686,2026-05-19,App,True,2026-05-21,2026-07-11,1,False,4.0
687,2026-06-28,App,True,2026-06-30,2026-07-12,6,False,5.0
688,2026-03-16,Web,True,2026-03-19,2026-04-21,2,True,5.0
689,2026-03-20,Referral,True,2026-03-22,2026-04-19,1,False,2.0
690,2026-05-15,Web,True,2026-05-15,2026-05-22,2,False,1.0
691,2026-06-20,App,True,2026-06-22,2026-07-20,4,True,2.0
692,2026-06-26,App,True,2026-06-29,2026-07-17,1,False,4.0
693,2026-02-28,Referral,True,2026-03-02,2026-03-18,4,False,3.0
694,2026-05-27,Web,True,2026-05-27,2026-06-21,2,False,1.0
695,2026-06-22,App,True,2026-06-23,2026-08-21,1,True,3.0
696,2026-04-03,Web,True,2026-04-03,2026-05-30,1,True,2.0
697,2026-05-20,App,True,2026-05-22,2026-05-24,6,True,2.0
698,2026-03-31,Referral,False,,2026-04-28,0,True,
699,2026-07-26,Web,True,2026-07-27,2026-09-04,1,False,2.0
700,2026-06-21,App,False,,2026-06-25,0,True,
701,2026-04-18,App,True,2026-04-20,2026-05-01,5,False,5.0
702,2026-03-02,App,True,2026-03-02,2026-04-19,8,False,3.0
703,2026-05-04,Referral,False,,2026-06-15,0,False,
704,2026-06-12,Referral,False,,2026-07-30,0,False,
705,2026-05-30,Web,True,2026-05-30,2026-06-12,2,True,3.0
706,2026-08-18,Web,True,2026-08-18,2026-09-05,4,False,3.0
707,2026-05-24,App,True,2026-05-25,2026-07-02,9,True,1.0
708,2026-04-23,App,True,2026-04-23,2026-06-04,1,False,5.0
709,2026-04-06,App,True,2026-04-08,2026-05-12,0,True,
710,2026-03-05,Web,True,2026-03-06,2026-04-11,2,False,5.0
711,2026-06-23,App,False,,2026-07-13,0,False,
712,2026-03-31,Web,True,2026-04-02,2026-05-15,5,False,4.0
713,2026-06-16,Web,True,2026-06-16,2026-08-12,2,False,4.0
714,2026-04-30,App,True,2026-05-02,2026-05-29,5,True,4.0
715,2026-07-01,Web,True,2026-07-03,2026-08-14,5,False,5.0
716,2026-03-10,App,False,,2026-03-23,0,False,
717,2026-05-20,App,True,2026-05-23,2026-07-18,3,True,2.0
718,2026-06-03,App,False,,2026-06-14,0,True,
719,2026-04-04,Referral,True,2026-04-04,2026-06-02,2,True,5.0
720,2026-08-10,App,True,2026-08-13,2026-09-11,3,True,2.0
721,2026-02-22,App,True,2026-02-22,2026-04-23,2,False,5.0
722,2026-05-06,Web,True,2026-05-08,2026-05-12,2,True,3.0
723,2026-07-10,App,False,,2026-08-24,0,True,
724,2026-07-27,Referral,True,2026-07-27,2026-08-17,3,False,3.0
725,2026-04-08,App,False,,2026-04-18,0,True,
726,2026-04-22,App,False,,2026-04-23,0,True,
727,2026-07-28,App,True,2026-07-29,2026-08-06,1,False,3.0
728,2026-03-09,App,True,2026-03-10,2026-04-08,2,True,5.0
729,2026-06-20,App,True,2026-06-23,2026-06-26,4,True,4.0
730,2026-07-05,App,True,2026-07-08,2026-07-23,3,True,5.0
731,2026-03-16,Referral,True,2026-03-18,2026-04-15,3,False,5.0
732,2026-04-30,App,False,,2026-05-25,0,True,
733,2026-05-08,Web,True,2026-05-08,2026-05-31,4,False,5.0
734,2026-07-22,Web,True,2026-07-25,2026-07-26,1,False,5.0
735,2026-04-13,App,True,2026-04-15,2026-04-23,3,False,3.0
736,2026-05-07,Web,True,2026-05-09,2026-06-17,0,False,
737,2026-03-24,App,False,,2026-04-19,0,True,
738,2026-07-25,Referral,True,2026-07-26,2026-09-08,2,True,4.0
739,2026-03-05,Referral,True,2026-03-08,2026-05-04,4,False,1.0
740,2026-05-20,App,True,2026-05-20,2026-05-22,2,True,5.0
741,2026-04-01,Web,True,2026-04-02,2026-05-11,1,False,1.0
742,2026-07-22,Web,True,2026-07-25,2026-08-04,1,False,2.0
743,2026-05-19,Referral,True,2026-05-19,2026-06-15,7,False,4.0
744,2026-03-15,App,True,2026-03-16,2026-04-15,3,False,5.0
745,2026-04-20,Web,True,2026-04-21,2026-05-04,3,False,2.0
746,2026-03-23,App,True,2026-03-26,2026-05-04,4,False,1.0
747,2026-07-27,App,False,,2026-08-22,0,False,
748,2026-05-14,Web,True,2026-05-14,2026-05-31,4,False,4.0
749,2026-07-24,App,False,,2026-09-13,0,True,
750,2026-03-19,App,False,,2026-04-13,0,False,
751,2026-03-19,Referral,True,2026-03-20,2026-04-08,2,True,4.0
752,2026-03-14,App,True,2026-03-15,2026-05-04,6,False,3.0
753,2026-03-01,Web,True,2026-03-04,2026-04-21,3,True,1.0
754,2026-04-30,App,True,2026-04-30,2026-05-16,3,False,3.0
755,2026-07-03,App,False,,2026-08-26,0,True,
756,2026-05-29,App,True,2026-05-29,2026-06-23,2,False,4.0
757,2026-02-26,App,False,,2026-04-04,0,True,
758,2026-07-15,App,True,2026-07-18,2026-08-06,1,True,1.0
759,2026-03-01,App,True,2026-03-04,2026-03-29,3,True,2.0
760,2026-05-13,App,True,2026-05-15,2026-05-31,4,False,1.0
761,2026-05-24,Web,False,,2026-07-04,0,True,
762,2026-03-26,Web,True,2026-03-28,2026-04-22,3,False,3.0
763,2026-06-07,Web,False,,2026-06-29,0,True,
764,2026-03-23,App,False,,2026-04-28,0,True,
765,2026-03-10,Web,True,2026-03-10,2026-04-06,2,False,4.0
766,2026-07-03,Web,False,,2026-08-23,0,True,
767,2026-05-22,App,False,,2026-07-08,0,True,
768,2026-03-07,Web,True,2026-03-10,2026-03-27,2,False,4.0
769,2026-04-26,App,False,,2026-04-27,0,False,
770,2026-08-09,App,False,,2026-08-18,0,True,
771,2026-08-16,App,False,,2026-08-27,0,False,
772,2026-05-15,App,False,,2026-05-18,0,True,
773,2026-07-02,Web,True,2026-07-03,2026-07-10,6,False,4.0
774,2026-02-25,Referral,True,2026-02-26,2026-03-19,2,False,3.0
775,2026-02-25,Web,True,2026-02-27,2026-04-13,4,True,5.0
776,2026-06-24,Referral,True,2026-06-25,2026-07-04,1,False,1.0
777,2026-08-07,Referral,True,2026-08-10,2026-08-15,7,False,1.0
778,2026-05-17,App,False,,2026-07-06,0,True,
779,2026-06-15,App,True,2026-06-16,2026-08-10,4,False,4.0
780,2026-07-19,App,False,,2026-07-28,0,False,
781,2026-07-30,Web,True,2026-08-02,2026-09-03,1,False,1.0
782,2026-06-29,App,True,2026-06-29,2026-07-31,5,False,1.0
783,2026-07-21,App,True,2026-07-21,2026-08-31,0,False,
784,2026-08-07,Referral,False,,2026-10-04,0,True,
785,2026-05-21,Web,True,2026-05-24,2026-07-10,1,False,1.0
786,2026-02-24,Web,True,2026-02-24,2026-04-20,2,False,4.0
787,2026-02-27,Referral,True,2026-02-27,2026-03-13,3,True,1.0
788,2026-03-27,App,True,2026-03-27,2026-05-03,5,True,3.0
789,2026-07-11,Web,True,2026-07-13,2026-08-16,3,True,4.0
790,2026-03-04,Web,False,,2026-03-15,0,True,
791,2026-03-15,App,False,,2026-03-25,0,False,
792,2026-07-18,Web,True,2026-07-21,2026-08-05,4,False,5.0
793,2026-02-23,App,True,2026-02-23,2026-03-22,3,True,1.0
794,2026-04-17,App,True,2026-04-20,2026-05-15,2,True,1.0
795,2026-08-04,Web,True,2026-08-07,2026-09-11,2,False,3.0
796,2026-03-24,Referral,True,2026-03-27,2026-05-03,3,True,3.0
797,2026-05-15,Referral,True,2026-05-17,2026-06-04,2,False,3.0
798,2026-06-18,Web,True,2026-06-21,2026-07-20,4,False,4.0
799,2026-05-18,Web,True,2026-05-19,2026-05-20,3,True,3.0
800,2026-07-21,Web,True,2026-07-22,2026-09-09,5,True,4.0
801,2026-05-12,Referral,True,2026-05-13,2026-06-21,1,True,2.0
802,2026-05-14,Referral,True,2026-05-17,2026-06-19,6,True,1.0
803,2026-03-05,Web,True,2026-03-06,2026-04-06,2,True,2.0
804,2026-07-12,Web,True,2026-07-15,2026-09-05,0,False,
805,2026-03-21,App,True,2026-03-24,2026-03-28,4,False,1.0
806,2026-06-16,Web,True,2026-06-17,2026-08-02,1,False,1.0
807,2026-07-18,Web,True,2026-07-19,2026-09-12,4,True,4.0
808,2026-05-10,Web,True,2026-05-12,2026-06-04,1,False,4.0
809,2026-06-11,App,True,2026-06-14,2026-06-24,1,False,2.0
810,2026-04-10,App,False,,2026-05-13,0,True,
811,2026-05-03,Web,True,2026-05-05,2026-05-11,6,True,4.0
812,2026-04-02,App,False,,2026-04-21,0,True,
813,2026-08-09,App,False,,2026-08-19,0,True,
814,2026-06-22,App,True,2026-06-22,2026-07-14,4,False,2.0
815,2026-08-01,Referral,True,2026-08-01,2026-08-29,3,False,3.0
816,2026-05-08,Web,True,2026-05-10,2026-05-29,4,False,5.0
817,2026-05-10,App,True,2026-05-11,2026-05-20,3,True,1.0
818,2026-07-03,Web,False,,2026-07-09,0,True,
819,2026-07-17,Web,True,2026-07-20,2026-08-17,5,True,4.0
820,2026-08-10,App,False,,2026-08-29,0,True,
821,2026-05-26,App,True,2026-05-26,2026-07-03,4,False,1.0
822,2026-03-22,Web,False,,2026-05-07,0,True,
823,2026-04-08,Web,False,,2026-05-14,0,True,
824,2026-06-28,Web,True,2026-06-28,2026-08-09,1,False,3.0
825,2026-03-17,Web,True,2026-03-17,2026-04-23,2,True,4.0
826,2026-08-07,App,True,2026-08-08,2026-08-14,0,False,
827,2026-05-02,App,True,2026-05-02,2026-06-06,5,True,5.0
828,2026-05-20,App,True,2026-05-20,2026-07-10,2,False,3.0
829,2026-05-08,Web,False,,2026-05-18,0,True,
830,2026-06-13,App,True,2026-06-15,2026-07-14,1,True,1.0
831,2026-03-31,Web,True,2026-04-02,2026-04-24,4,False,1.0
832,2026-07-07,App,False,,2026-08-21,0,False,
833,2026-08-19,App,True,2026-08-21,2026-09-01,2,False,5.0
834,2026-08-14,Web,True,2026-08-15,2026-10-01,3,False,3.0
835,2026-06-26,App,True,2026-06-27,2026-08-14,3,False,2.0
836,2026-06-08,Web,False,,2026-07-24,0,True,
837,2026-04-13,Web,True,2026-04-15,2026-06-02,4,False,2.0
838,2026-08-13,App,True,2026-08-13,2026-08-16,1,True,5.0
839,2026-07-04,Web,True,2026-07-07,2026-07-30,5,False,3.0
840,2026-07-10,Web,True,2026-07-11,2026-07-17,5,True,3.0
841,2026-06-03,Web,False,,2026-06-20,0,True,
842,2026-05-08,App,False,,2026-06-08,0,False,
843,2026-05-31,Web,True,2026-06-02,2026-06-13,0,False,
844,2026-08-16,Web,True,2026-08-16,2026-09-28,0,False,
845,2026-03-01,App,False,,2026-04-14,0,True,
846,2026-07-09,Referral,False,,2026-08-14,0,True,
847,2026-06-18,App,False,,2026-08-01,0,True,
848,2026-07-20,Web,True,2026-07-23,2026-08-07,3,False,2.0
849,2026-06-15,Referral,True,2026-06-18,2026-08-03,2,False,3.0
850,2026-03-28,App,False,,2026-04-21,0,True,
851,2026-06-28,App,True,2026-06-29,2026-07-23,3,False,5.0
852,2026-06-05,Referral,True,2026-06-07,2026-06-16,3,False,5.0
853,2026-07-04,App,True,2026-07-07,2026-08-05,1,True,4.0
854,2026-05-08,Referral,False,,2026-05-15,0,True,
855,2026-07-24,App,True,2026-07-26,2026-09-05,4,False,4.0
856,2026-05-29,Web,True,2026-05-29,2026-07-04,2,False,4.0
857,2026-04-21,Web,False,,2026-06-04,0,True,
858,2026-07-06,Web,True,2026-07-06,2026-07-14,3,False,3.0
859,2026-04-14,App,False,,2026-04-25,0,True,
860,2026-03-30,App,False,,2026-04-26,0,True,
861,2026-04-06,App,True,2026-04-08,2026-04-15,4,True,2.0
862,2026-06-16,App,True,2026-06-18,2026-06-22,5,True,4.0
863,2026-05-14,Web,True,2026-05-14,2026-07-04,3,False,5.0
864,2026-05-25,App,True,2026-05-25,2026-06-17,1,False,4.0
865,2026-03-22,App,False,,2026-05-19,0,True,
866,2026-08-06,App,False,,2026-09-13,0,True,
867,2026-06-15,App,False,,2026-07-04,0,True,
868,2026-07-16,App,True,2026-07-18,2026-08-23,4,True,1.0
869,2026-06-11,App,True,2026-06-13,2026-07-23,3,False,4.0
870,2026-05-07,Web,False,,2026-05-27,0,True,
871,2026-03-27,App,True,2026-03-30,2026-05-02,4,True,1.0
872,2026-06-01,Referral,False,,2026-06-24,0,True,
873,2026-05-12,App,False,,2026-05-24,0,True,
874,2026-07-06,Web,True,2026-07-09,2026-07-13,1,False,4.0
875,2026-05-24,Web,True,2026-05-27,2026-06-09,6,False,5.0
876,2026-07-22,App,True,2026-07-23,2026-08-30,1,False,5.0
877,2026-07-12,Web,True,2026-07-13,2026-09-08,4,True,5.0
878,2026-03-30,App,True,2026-04-01,2026-05-18,2,False,2.0
879,2026-02-28,App,True,2026-03-02,2026-04-09,2,False,1.0
880,2026-07-27,App,False,,2026-08-21,0,True,
881,2026-07-25,App,False,,2026-08-26,0,True,
882,2026-07-03,App,False,,2026-08-12,0,True,
883,2026-04-29,App,True,2026-05-01,2026-05-29,1,False,1.0
884,2026-05-13,App,True,2026-05-16,2026-06-20,2,True,3.0
885,2026-06-21,Web,True,2026-06-23,2026-07-02,2,False,2.0
886,2026-06-07,Web,True,2026-06-10,2026-07-31,3,False,4.0
887,2026-03-08,Referral,True,2026-03-10,2026-04-17,4,True,5.0
888,2026-05-29,Referral,False,,2026-07-18,0,True,
889,2026-04-02,App,True,2026-04-02,2026-05-27,2,False,3.0
890,2026-06-09,App,True,2026-06-11,2026-06-23,1,True,5.0
891,2026-08-19,Web,False,,2026-10-02,0,False,
892,2026-04-30,App,False,,2026-06-19,0,True,
893,2026-08-10,App,False,,2026-10-09,0,True,
894,2026-06-03,App,False,,2026-06-19,0,False,
895,2026-05-04,App,True,2026-05-04,2026-05-14,4,False,3.0
896,2026-07-03,App,True,2026-07-05,2026-07-12,3,True,3.0
897,2026-05-30,Web,True,2026-05-30,2026-07-05,4,True,4.0
898,2026-06-23,Web,True,2026-06-26,2026-07-06,6,False,3.0
899,2026-06-16,Web,True,2026-06-18,2026-06-17,5,False,4.0
900,2026-03-24,App,True,2026-03-27,2026-04-19,1,True,2.0
901,2026-06-01,App,True,2026-06-01,2026-06-12,5,True,5.0
902,2026-06-05,Referral,False,,2026-07-13,0,True,
903,2026-04-12,Referral,True,2026-04-13,2026-04-16,3,False,2.0
904,2026-07-07,App,True,2026-07-07,2026-08-31,5,False,3.0
905,2026-03-01,App,False,,2026-04-23,0,False,
906,2026-06-23,App,True,2026-06-26,2026-07-11,5,True,2.0
907,2026-05-12,App,True,2026-05-14,2026-07-01,4,False,1.0
908,2026-07-22,App,False,,2026-08-09,0,True,
909,2026-07-13,Referral,True,2026-07-15,2026-08-19,2,False,2.0
910,2026-04-10,App,True,2026-04-12,2026-05-24,4,False,2.0
911,2026-04-16,Web,True,2026-04-17,2026-05-03,5,False,5.0
912,2026-05-17,App,True,2026-05-18,2026-07-03,4,False,4.0
913,2026-05-03,Referral,True,2026-05-03,2026-05-16,0,True,
914,2026-03-04,App,True,2026-03-06,2026-04-29,2,False,1.0
915,2026-06-08,Web,True,2026-06-11,2026-06-18,4,False,4.0
916,2026-04-26,Referral,False,,2026-05-02,0,True,
917,2026-08-03,App,False,,2026-08-27,0,False,
918,2026-04-27,App,False,,2026-06-17,0,True,
919,2026-06-30,App,False,,2026-07-05,0,False,
920,2026-04-15,App,True,2026-04-18,2026-04-18,3,False,2.0
921,2026-06-21,Referral,True,2026-06-21,2026-08-06,5,True,2.0
922,2026-04-23,Web,True,2026-04-25,2026-06-13,4,True,5.0
923,2026-02-27,App,True,2026-02-27,2026-04-13,5,False,4.0
924,2026-08-04,Web,True,2026-08-06,2026-08-24,3,True,2.0
925,2026-07-02,Referral,False,,2026-08-27,0,True,
926,2026-06-24,App,True,2026-06-24,2026-07-27,3,False,5.0
927,2026-05-30,Web,True,2026-06-02,2026-06-04,1,False,4.0
928,2026-05-17,App,False,,2026-06-14,0,True,
929,2026-07-08,App,True,2026-07-08,2026-08-14,2,True,4.0
930,2026-08-06,Web,True,2026-08-08,2026-08-12,5,True,3.0
931,2026-08-09,Web,True,2026-08-11,2026-08-24,7,False,1.0
932,2026-07-16,Web,True,2026-07-18,2026-09-01,0,False,
933,2026-06-07,Referral,True,2026-06-09,2026-06-08,3,False,3.0
934,2026-08-17,Web,False,,2026-09-25,0,True,
935,2026-06-19,Web,True,2026-06-20,2026-07-21,3,False,2.0
936,2026-07-15,Web,True,2026-07-16,2026-08-17,6,False,4.0
937,2026-03-13,Referral,True,2026-03-13,2026-04-08,2,False,4.0
938,2026-06-23,App,True,2026-06-26,2026-08-05,0,False,
939,2026-06-05,Web,True,2026-06-06,2026-07-01,1,False,2.0
940,2026-07-23,App,False,,2026-08-03,0,True,
941,2026-07-25,App,True,2026-07-25,2026-09-10,3,False,1.0
942,2026-03-11,Web,True,2026-03-14,2026-05-02,4,False,2.0
943,2026-03-23,App,True,2026-03-24,2026-04-03,4,False,3.0
944,2026-06-30,App,False,,2026-07-02,0,True,
945,2026-04-30,Web,True,2026-04-30,2026-05-16,3,False,4.0
946,2026-03-09,App,True,2026-03-12,2026-05-01,2,False,3.0
947,2026-04-20,App,True,2026-04-22,2026-05-09,3,True,5.0
948,2026-07-29,Web,True,2026-07-30,2026-09-08,3,False,3.0
949,2026-03-19,Web,False,,2026-04-18,0,True,
950,2026-05-29,App,True,2026-05-29,2026-07-09,3,False,1.0
951,2026-03-23,Referral,True,2026-03-23,2026-05-05,4,True,3.0
952,2026-04-03,App,False,,2026-05-12,0,True,
953,2026-05-07,App,False,,2026-06-29,0,True,
954,2026-02-28,Web,False,,2026-04-08,0,True,
955,2026-07-18,Web,False,,2026-08-30,0,True,
956,2026-08-16,Referral,True,2026-08-16,2026-08-25,2,True,2.0
957,2026-03-03,Web,True,2026-03-04,2026-03-10,4,False,2.0
958,2026-04-01,App,True,2026-04-01,2026-05-15,2,True,3.0
959,2026-05-15,Web,True,2026-05-17,2026-06-04,1,False,3.0
960,2026-03-03,App,False,,2026-03-05,0,False,
961,2026-08-17,App,False,,2026-08-26,0,True,
962,2026-06-29,App,False,,2026-08-27,0,True,
963,2026-02-28,Referral,False,,2026-03-20,0,True,
964,2026-04-19,App,True,2026-04-22,2026-06-13,2,False,3.0
965,2026-06-08,Web,True,2026-06-10,2026-06-14,3,True,3.0
966,2026-02-22,Web,True,2026-02-25,2026-03-04,2,False,4.0
967,2026-03-01,App,True,2026-03-04,2026-03-23,4,False,1.0
968,2026-04-30,App,False,,2026-05-12,0,True,
969,2026-04-07,App,True,2026-04-07,2026-06-01,2,False,3.0
970,2026-07-11,App,True,2026-07-13,2026-08-28,5,False,3.0
971,2026-06-19,Web,True,2026-06-21,2026-07-04,2,False,2.0
972,2026-07-24,App,True,2026-07-24,2026-08-25,5,False,4.0
973,2026-05-05,Referral,True,2026-05-08,2026-06-29,3,False,1.0
974,2026-07-25,App,True,2026-07-28,2026-08-01,6,False,5.0
975,2026-04-13,App,True,2026-04-14,2026-05-05,1,False,3.0
976,2026-03-20,App,False,,2026-04-22,0,False,
977,2026-06-17,App,True,2026-06-19,2026-06-27,1,True,4.0
978,2026-05-31,Referral,False,,2026-07-14,0,True,
979,2026-03-29,Referral,True,2026-03-31,2026-04-02,2,False,1.0
980,2026-08-08,App,True,2026-08-11,2026-08-23,2,False,3.0
981,2026-08-12,App,False,,2026-09-12,0,True,
982,2026-08-20,Web,True,2026-08-22,2026-09-05,1,True,2.0
983,2026-05-19,App,True,2026-05-20,2026-07-03,1,False,2.0
984,2026-05-11,App,True,2026-05-14,2026-06-16,4,True,1.0
985,2026-03-13,App,True,2026-03-16,2026-03-25,3,True,1.0
986,2026-08-06,App,False,,2026-08-12,0,True,
987,2026-07-24,App,True,2026-07-25,2026-08-20,3,True,1.0
988,2026-05-20,Referral,True,2026-05-21,2026-06-02,3,False,1.0
989,2026-06-21,Web,True,2026-06-24,2026-08-17,2,False,1.0
990,2026-08-10,App,False,,2026-10-09,0,True,
991,2026-07-26,Web,True,2026-07-29,2026-09-22,2,False,5.0
992,2026-08-16,Web,True,2026-08-16,2026-09-09,2,False,3.0
993,2026-04-27,App,True,2026-04-27,2026-05-20,4,False,2.0
994,2026-06-11,App,False,,2026-06-19,0,True,
995,2026-04-10,App,True,2026-04-13,2026-04-15,2,True,3.0
996,2026-03-18,Referral,False,,2026-04-08,0,True,
997,2026-08-16,Web,True,2026-08-17,2026-09-15,2,True,2.0
998,2026-07-07,App,True,2026-07-09,2026-07-28,3,False,1.0
999,2026-07-03,Web,False,,2026-08-19,0,True,
1000,2026-05-13,App,True,2026-05-13,2026-05-27,1,False,4.0
1001,2026-03-08,Referral,True,2026-03-10,2026-05-03,3,False,2.0
1002,2026-04-13,Referral,True,2026-04-15,2026-05-23,4,False,5.0
1003,2026-06-26,App,True,2026-06-28,2026-07-10,1,False,4.0
1004,2026-02-28,App,True,2026-03-03,2026-03-07,2,False,1.0
1005,2026-07-20,Web,True,2026-07-21,2026-08-24,4,False,2.0
1006,2026-06-11,App,False,,2026-06-15,0,True,
1007,2026-06-06,App,False,,2026-07-13,0,True,
1008,2026-07-05,Web,True,2026-07-06,2026-08-01,2,True,4.0
1009,2026-04-13,Web,True,2026-04-14,2026-06-03,5,False,2.0
1010,2026-06-23,App,False,,2026-07-22,0,True,
1011,2026-07-21,App,True,2026-07-24,2026-08-16,6,True,3.0
1012,2026-04-25,App,True,2026-04-27,2026-05-01,4,False,4.0
1013,2026-04-05,App,False,,2026-05-11,0,True,
1014,2026-03-03,Web,False,,2026-04-30,0,False,
1015,2026-08-01,App,True,2026-08-04,2026-08-07,1,True,5.0
1016,2026-05-16,App,True,2026-05-16,2026-07-10,2,False,1.0
1017,2026-08-08,Referral,True,2026-08-09,2026-09-09,3,True,5.0
1018,2026-05-02,App,True,2026-05-05,2026-06-12,4,True,2.0
1019,2026-07-10,App,False,,2026-07-20,0,True,
1020,2026-06-03,Referral,True,2026-06-03,2026-07-20,2,False,2.0
1021,2026-05-23,App,True,2026-05-24,2026-07-13,7,False,3.0
1022,2026-06-12,App,True,2026-06-15,2026-06-21,2,False,2.0
1023,2026-06-22,App,False,,2026-08-17,0,True,
1024,2026-07-01,Web,True,2026-07-03,2026-08-24,3,False,1.0
1025,2026-04-22,App,True,2026-04-25,2026-06-06,0,False,
1026,2026-05-06,Web,True,2026-05-06,2026-06-07,4,False,1.0
1027,2026-06-08,App,True,2026-06-11,2026-07-23,5,True,1.0
1028,2026-08-17,App,True,2026-08-18,2026-09-26,1,False,1.0
1029,2026-05-22,Web,True,2026-05-25,2026-05-23,2,False,4.0
1030,2026-06-17,Web,True,2026-06-18,2026-07-14,5,True,5.0
1031,2026-04-26,App,True,2026-04-28,2026-06-15,4,False,3.0
1032,2026-05-29,App,True,2026-05-30,2026-07-01,3,False,1.0
1033,2026-07-22,Web,True,2026-07-24,2026-09-14,1,False,5.0
1034,2026-05-03,App,False,,2026-06-04,0,True,
1035,2026-05-14,Referral,True,2026-05-16,2026-06-23,0,True,
1036,2026-04-16,Web,True,2026-04-16,2026-04-20,3,True,5.0
1037,2026-07-10,App,True,2026-07-13,2026-07-27,3,False,4.0
1038,2026-06-06,App,True,2026-06-06,2026-06-07,3,False,1.0
1039,2026-05-01,Web,True,2026-05-02,2026-06-12,4,True,5.0
1040,2026-04-25,App,True,2026-04-25,2026-06-13,4,False,2.0
1041,2026-04-28,Web,False,,2026-05-29,0,True,
1042,2026-04-01,App,True,2026-04-04,2026-04-05,2,True,5.0
1043,2026-06-15,Web,True,2026-06-17,2026-07-07,4,False,1.0
1044,2026-02-22,Referral,True,2026-02-23,2026-03-06,2,True,4.0
1045,2026-05-15,App,True,2026-05-15,2026-05-20,4,True,1.0
1046,2026-03-04,Web,True,2026-03-07,2026-04-28,3,False,1.0
1047,2026-07-03,Web,True,2026-07-06,2026-09-01,3,True,2.0
1048,2026-05-24,Web,True,2026-05-25,2026-07-02,3,True,2.0
1049,2026-08-15,Web,False,,2026-09-08,0,True,
1050,2026-03-06,App,True,2026-03-09,2026-03-24,1,False,3.0
1051,2026-03-03,Referral,True,2026-03-06,2026-03-13,1,False,1.0
1052,2026-05-21,Web,False,,2026-06-03,0,True,
1053,2026-03-30,Web,True,2026-03-31,2026-05-01,2,True,4.0
1054,2026-02-23,App,True,2026-02-25,2026-04-08,2,True,5.0
1055,2026-07-29,App,True,2026-07-29,2026-08-20,2,False,4.0
1056,2026-04-26,Web,True,2026-04-26,2026-06-01,2,True,4.0
1057,2026-03-30,App,False,,2026-05-14,0,False,
1058,2026-06-29,App,True,2026-07-02,2026-07-09,4,True,3.0
1059,2026-06-13,App,True,2026-06-15,2026-07-08,7,False,1.0
1060,2026-05-18,Web,True,2026-05-18,2026-06-16,2,True,5.0
1061,2026-08-10,App,False,,2026-09-28,0,True,
1062,2026-06-04,App,True,2026-06-05,2026-07-18,2,False,5.0
1063,2026-03-28,Web,False,,2026-05-12,0,True,
1064,2026-04-24,Referral,True,2026-04-25,2026-04-25,3,False,1.0
1065,2026-04-13,App,True,2026-04-14,2026-05-01,2,False,3.0
1066,2026-05-25,App,True,2026-05-25,2026-06-01,3,False,5.0
1067,2026-07-02,App,True,2026-07-02,2026-07-10,4,False,1.0
1068,2026-07-18,Web,True,2026-07-19,2026-07-22,2,True,2.0
1069,2026-05-13,Web,True,2026-05-13,2026-06-09,1,True,1.0
1070,2026-03-11,Web,False,,2026-05-10,0,False,
1071,2026-04-27,Web,True,2026-04-28,2026-05-03,0,True,
1072,2026-06-30,App,True,2026-07-03,2026-08-02,3,True,1.0
1073,2026-08-17,Web,False,,2026-08-18,0,True,
1074,2026-04-21,App,False,,2026-05-01,0,False,
1075,2026-07-27,App,False,,2026-09-18,0,True,
1076,2026-05-02,Referral,True,2026-05-05,2026-06-13,2,False,1.0
1077,2026-07-15,App,True,2026-07-17,2026-07-24,3,True,5.0
1078,2026-06-12,App,False,,2026-06-19,0,True,
1079,2026-05-18,Referral,False,,2026-06-23,0,True,
1080,2026-05-29,Web,True,2026-05-30,2026-07-12,2,False,2.0
1081,2026-06-06,Web,True,2026-06-09,2026-06-11,2,True,5.0
1082,2026-04-08,Web,True,2026-04-08,2026-04-24,3,True,3.0
1083,2026-07-31,App,False,,2026-08-30,0,True,
1084,2026-04-17,Web,False,,2026-04-19,0,True,
1085,2026-06-30,App,True,2026-07-01,2026-07-16,1,True,3.0
1086,2026-06-08,Web,True,2026-06-09,2026-06-13,4,True,1.0
1087,2026-04-20,App,True,2026-04-20,2026-05-11,1,False,5.0
1088,2026-06-01,App,False,,2026-06-26,0,True,
1089,2026-08-07,Referral,True,2026-08-08,2026-09-23,3,True,1.0
1090,2026-03-31,App,False,,2026-05-09,0,True,
1091,2026-08-16,App,False,,2026-08-26,0,True,
1092,2026-06-23,Web,True,2026-06-25,2026-06-29,7,False,3.0
1093,2026-06-13,App,True,2026-06-13,2026-08-01,3,True,2.0
1094,2026-07-02,App,False,,2026-08-09,0,True,
1095,2026-03-04,App,True,2026-03-04,2026-04-29,1,False,5.0
1096,2026-07-01,Web,True,2026-07-01,2026-07-20,1,False,4.0
1097,2026-02-27,Web,False,,2026-02-28,0,False,
1098,2026-04-30,Web,False,,2026-05-31,0,True,
1099,2026-05-15,Web,False,,2026-06-30,0,True,
1100,2026-07-12,Referral,False,,2026-08-11,0,True,
1101,2026-06-02,Referral,True,2026-06-04,2026-07-19,6,False,1.0
1102,2026-03-23,App,True,2026-03-23,2026-04-01,6,True,4.0
1103,2026-06-15,App,True,2026-06-16,2026-07-09,2,False,3.0
1104,2026-04-24,App,True,2026-04-25,2026-05-29,2,True,3.0
1105,2026-07-16,App,True,2026-07-17,2026-07-23,5,False,5.0
1106,2026-07-02,Web,False,,2026-07-20,0,True,
1107,2026-06-19,Web,True,2026-06-20,2026-08-04,4,False,2.0
1108,2026-07-08,App,False,,2026-08-01,0,True,
1109,2026-08-20,App,True,2026-08-22,2026-09-22,0,False,
1110,2026-08-15,App,True,2026-08-16,2026-08-29,2,False,3.0
1111,2026-07-15,Referral,False,,2026-09-12,0,True,
1112,2026-07-14,App,False,,2026-08-11,0,True,
1113,2026-04-27,Web,False,,2026-05-15,0,True,
1114,2026-03-25,Referral,True,2026-03-28,2026-05-24,1,False,2.0
1115,2026-06-23,App,True,2026-06-25,2026-07-04,2,True,2.0
1116,2026-04-14,Web,False,,2026-05-02,0,True,
1117,2026-07-06,App,False,,2026-07-23,0,True,
1118,2026-07-12,Web,True,2026-07-13,2026-07-20,1,False,5.0
1119,2026-06-28,Web,True,2026-06-29,2026-08-08,6,True,1.0
1120,2026-03-19,Web,True,2026-03-21,2026-03-22,3,False,3.0
1121,2026-03-17,App,True,2026-03-20,2026-05-10,4,False,4.0
1122,2026-07-19,Referral,True,2026-07-22,2026-09-13,4,False,4.0
1123,2026-07-09,App,False,,2026-07-16,0,True,
1124,2026-08-10,Referral,True,2026-08-11,2026-09-17,2,False,3.0
1125,2026-05-07,Referral,True,2026-05-10,2026-07-02,6,True,5.0
1126,2026-07-13,Referral,True,2026-07-16,2026-07-27,4,False,4.0
1127,2026-03-29,App,False,,2026-05-26,0,True,
1128,2026-07-27,App,False,,2026-08-29,0,True,
1129,2026-06-07,App,True,2026-06-10,2026-06-13,2,False,5.0
1130,2026-07-15,Referral,False,,2026-08-20,0,False,
1131,2026-06-08,Web,False,,2026-07-18,0,False,
1132,2026-07-24,App,True,2026-07-25,2026-07-25,6,False,4.0
1133,2026-07-01,App,False,,2026-08-25,0,True,
1134,2026-03-26,App,False,,2026-04-06,0,True,
1135,2026-06-21,Web,True,2026-06-21,2026-06-26,5,True,2.0
1136,2026-03-03,Web,False,,2026-04-22,0,True,
1137,2026-04-20,Web,False,,2026-06-10,0,False,
1138,2026-05-19,Web,True,2026-05-21,2026-05-27,1,False,4.0
1139,2026-06-22,Referral,True,2026-06-23,2026-08-10,6,False,5.0
1140,2026-03-12,Web,True,2026-03-15,2026-04-04,2,True,3.0
1141,2026-03-01,Referral,False,,2026-04-04,0,True,
1142,2026-07-02,App,True,2026-07-05,2026-07-21,1,True,5.0
1143,2026-05-19,Web,True,2026-05-20,2026-06-18,1,False,3.0
1144,2026-05-13,App,True,2026-05-14,2026-06-06,4,True,2.0
1145,2026-04-08,App,False,,2026-05-10,0,True,
1146,2026-03-12,App,False,,2026-04-07,0,True,
1147,2026-03-28,Referral,True,2026-03-28,2026-05-03,2,True,3.0
1148,2026-05-07,Web,True,2026-05-09,2026-05-16,5,False,1.0
1149,2026-05-22,Web,False,,2026-06-21,0,True,
1150,2026-05-01,Web,True,2026-05-01,2026-06-16,1,True,2.0
1151,2026-08-17,Web,True,2026-08-18,2026-10-06,3,False,4.0
1152,2026-05-04,App,True,2026-05-07,2026-05-31,3,True,4.0
1153,2026-04-09,Web,True,2026-04-09,2026-05-15,3,True,2.0
1154,2026-06-27,App,False,,2026-07-13,0,True,
1155,2026-03-28,App,False,,2026-03-29,0,True,
1156,2026-05-30,App,True,2026-06-01,2026-06-14,1,False,2.0
1157,2026-03-06,App,True,2026-03-06,2026-04-27,4,True,2.0
1158,2026-03-01,Web,True,2026-03-01,2026-03-08,3,True,3.0
1159,2026-08-10,App,True,2026-08-13,2026-08-29,4,False,1.0
1160,2026-05-03,Web,False,,2026-06-11,0,True,
1161,2026-05-29,App,True,2026-05-31,2026-07-07,3,True,1.0
1162,2026-02-26,Web,False,,2026-03-18,0,True,
1163,2026-03-24,App,True,2026-03-25,2026-04-10,2,False,1.0
1164,2026-03-14,Referral,True,2026-03-14,2026-04-11,9,False,5.0
1165,2026-04-09,Web,True,2026-04-11,2026-04-27,5,False,3.0
1166,2026-04-25,Referral,True,2026-04-27,2026-06-07,6,True,3.0
1167,2026-03-25,Web,True,2026-03-25,2026-04-24,3,False,1.0
1168,2026-03-09,Web,False,,2026-04-17,0,True,
1169,2026-02-28,Referral,True,2026-03-02,2026-04-09,2,True,1.0
1170,2026-03-09,App,True,2026-03-12,2026-03-13,2,False,3.0
1171,2026-05-20,Web,True,2026-05-23,2026-06-22,2,False,4.0
1172,2026-07-09,App,False,,2026-07-29,0,True,
1173,2026-03-10,Referral,True,2026-03-10,2026-04-22,4,False,5.0
1174,2026-06-06,App,True,2026-06-09,2026-07-15,4,False,1.0
1175,2026-04-17,App,False,,2026-05-13,0,True,
1176,2026-04-26,App,True,2026-04-29,2026-05-20,1,False,1.0
1177,2026-07-29,Web,True,2026-07-30,2026-08-28,6,False,2.0
1178,2026-05-25,App,True,2026-05-27,2026-06-03,3,True,5.0
1179,2026-03-23,App,False,,2026-05-19,0,True,
1180,2026-08-10,App,True,2026-08-13,2026-08-14,2,True,2.0
1181,2026-07-25,Web,True,2026-07-27,2026-08-26,4,True,4.0
1182,2026-07-02,Web,True,2026-07-03,2026-08-18,5,True,5.0
1183,2026-08-15,App,True,2026-08-16,2026-09-25,2,False,1.0
1184,2026-04-08,App,False,,2026-04-10,0,True,
1185,2026-03-04,App,False,,2026-04-08,0,True,
1186,2026-06-28,App,True,2026-07-01,2026-08-18,7,True,1.0
1187,2026-05-27,App,False,,2026-06-21,0,True,
1188,2026-08-19,App,True,2026-08-22,2026-08-28,2,False,4.0
1189,2026-05-22,App,False,,2026-07-20,0,True,
1190,2026-03-26,Web,False,,2026-05-25,0,True,
1191,2026-04-03,Web,False,,2026-04-13,0,True,
1192,2026-05-01,App,True,2026-05-03,2026-06-24,1,False,4.0
1193,2026-06-04,Web,True,2026-06-05,2026-06-08,3,True,1.0
1194,2026-07-22,App,False,,2026-09-19,0,True,
1195,2026-05-10,App,False,,2026-07-04,0,False,
1196,2026-07-27,App,True,2026-07-27,2026-08-24,3,True,2.0
1197,2026-04-17,App,False,,2026-04-29,0,True,
1198,2026-08-03,Referral,False,,2026-08-11,0,True,
1199,2026-08-03,Web,False,,2026-08-21,0,True,
1200,2026-05-26,App,True,2026-05-28,2026-07-12,0,True,
1201,2026-04-26,Web,False,,2026-05-12,0,True,
1202,2026-06-28,Referral,False,,2026-08-18,0,True,
1203,2026-05-25,Web,False,,2026-07-02,0,True,
1204,2026-08-19,App,False,,2026-09-18,0,True,
1205,2026-08-16,App,True,2026-08-17,2026-10-01,3,False,1.0
1206,2026-03-13,App,True,2026-03-14,2026-03-30,3,False,5.0
1207,2026-05-19,Web,False,,2026-07-09,0,True,
1208,2026-04-20,App,True,2026-04-21,2026-05-04,3,False,1.0
1209,2026-07-17,Referral,False,,2026-08-05,0,True,
1210,2026-08-02,App,False,,2026-08-24,0,True,
1211,2026-08-05,Web,True,2026-08-07,2026-09-18,4,True,3.0
1212,2026-06-03,Referral,False,,2026-07-31,0,True,
1213,2026-07-24,Referral,True,2026-07-24,2026-08-06,2,True,1.0
1214,2026-07-01,App,True,2026-07-04,2026-08-01,3,False,5.0
1215,2026-05-11,Web,True,2026-05-14,2026-06-11,2,False,4.0
1216,2026-08-05,App,False,,2026-09-08,0,True,
1217,2026-08-11,App,True,2026-08-13,2026-08-31,1,False,5.0
1218,2026-05-06,App,True,2026-05-08,2026-05-17,5,False,1.0
1219,2026-06-10,App,True,2026-06-12,2026-07-26,3,False,4.0
1220,2026-05-18,App,True,2026-05-20,2026-06-12,1,False,5.0
1221,2026-04-13,App,True,2026-04-16,2026-05-16,5,False,5.0
1222,2026-03-19,Referral,True,2026-03-20,2026-04-10,6,False,1.0
1223,2026-02-26,App,True,2026-02-28,2026-03-24,4,True,5.0
1224,2026-05-27,Web,True,2026-05-30,2026-07-22,0,True,
1225,2026-08-02,Referral,False,,2026-08-21,0,True,
1226,2026-06-25,Referral,False,,2026-06-30,0,True,
1227,2026-08-03,Referral,False,,2026-08-15,0,True,
1228,2026-06-05,App,True,2026-06-06,2026-07-01,3,False,1.0
1229,2026-03-22,App,False,,2026-03-24,0,True,
1230,2026-05-08,App,False,,2026-05-09,0,True,
1231,2026-07-18,Web,False,,2026-09-15,0,True,
1232,2026-05-06,Web,True,2026-05-09,2026-07-02,1,False,2.0
1233,2026-04-17,App,False,,2026-04-20,0,False,
1234,2026-07-03,App,True,2026-07-05,2026-07-11,5,False,5.0
1235,2026-08-18,Web,True,2026-08-21,2026-09-03,4,False,4.0
1236,2026-04-04,Referral,True,2026-04-04,2026-05-07,2,True,1.0
1237,2026-03-26,Web,False,,2026-03-27,0,True,
1238,2026-05-24,App,False,,2026-07-03,0,True,
1239,2026-04-21,Web,True,2026-04-21,2026-06-07,2,False,3.0
1240,2026-03-12,App,False,,2026-03-23,0,True,
1241,2026-03-13,App,False,,2026-04-06,0,True,
1242,2026-06-18,App,True,2026-06-18,2026-06-19,1,False,4.0
1243,2026-08-12,App,True,2026-08-12,2026-10-01,2,False,5.0
1244,2026-05-02,Web,True,2026-05-03,2026-05-07,2,False,5.0
1245,2026-08-20,App,False,,2026-09-06,0,False,
1246,2026-08-02,App,True,2026-08-04,2026-08-12,3,True,4.0
1247,2026-04-23,Web,True,2026-04-24,2026-06-16,7,False,1.0
1248,2026-06-20,App,False,,2026-07-24,0,True,
1249,2026-04-09,App,True,2026-04-12,2026-05-08,5,True,5.0
1250,2026-06-06,Web,True,2026-06-08,2026-07-14,6,False,1.0
1251,2026-04-15,Web,True,2026-04-18,2026-04-29,6,True,1.0
1252,2026-05-11,Web,True,2026-05-13,2026-05-30,4,False,3.0
1253,2026-07-07,Web,True,2026-07-10,2026-08-05,1,True,3.0
1254,2026-03-21,App,True,2026-03-23,2026-04-19,5,True,1.0
1255,2026-07-11,Web,True,2026-07-12,2026-08-24,6,True,1.0
1256,2026-07-20,Web,True,2026-07-21,2026-07-24,3,False,5.0
1257,2026-07-11,Web,False,,2026-08-24,0,True,
1258,2026-08-01,Web,False,,2026-08-25,0,True,
1259,2026-05-30,App,True,2026-05-30,2026-07-11,2,False,5.0
1260,2026-04-08,Web,True,2026-04-11,2026-04-10,2,False,1.0
1261,2026-05-03,Referral,True,2026-05-05,2026-06-24,3,False,3.0
1262,2026-07-19,App,False,,2026-09-16,0,True,
1263,2026-06-19,Web,True,2026-06-19,2026-07-09,1,True,4.0
1264,2026-06-25,App,False,,2026-06-28,0,True,
1265,2026-04-21,Referral,False,,2026-05-13,0,True,
1266,2026-08-01,App,False,,2026-09-08,0,True,
1267,2026-03-06,App,True,2026-03-09,2026-04-30,2,False,4.0
1268,2026-03-23,Web,True,2026-03-25,2026-04-29,1,False,5.0
1269,2026-06-07,App,False,,2026-08-04,0,True,
1270,2026-03-29,App,False,,2026-05-26,0,True,
1271,2026-06-03,Web,True,2026-06-06,2026-06-26,2,True,3.0
1272,2026-03-22,App,True,2026-03-22,2026-03-27,5,True,3.0
1273,2026-04-26,Referral,True,2026-04-26,2026-05-19,4,False,4.0
1274,2026-04-19,App,True,2026-04-20,2026-06-02,1,True,3.0
1275,2026-06-29,App,True,2026-07-02,2026-08-26,4,False,5.0
1276,2026-07-04,App,True,2026-07-05,2026-07-07,5,True,2.0
1277,2026-04-20,Web,True,2026-04-23,2026-04-27,3,False,3.0
1278,2026-05-08,App,True,2026-05-11,2026-05-17,2,False,1.0
1279,2026-03-20,App,True,2026-03-21,2026-05-03,2,False,4.0
1280,2026-05-28,App,True,2026-05-30,2026-06-02,2,False,5.0
1281,2026-03-02,Web,True,2026-03-05,2026-04-13,2,False,1.0
1282,2026-02-24,App,True,2026-02-24,2026-04-24,3,True,2.0
1283,2026-03-08,Web,True,2026-03-10,2026-04-30,1,True,1.0
1284,2026-07-06,Web,True,2026-07-09,2026-07-28,4,True,1.0
1285,2026-04-18,App,True,2026-04-20,2026-06-08,3,False,1.0
1286,2026-08-12,Web,True,2026-08-14,2026-08-22,1,False,4.0
1287,2026-04-05,Web,False,,2026-05-28,0,True,
1288,2026-07-14,Referral,True,2026-07-15,2026-07-26,6,True,5.0
1289,2026-05-03,Web,True,2026-05-06,2026-05-21,4,True,2.0
1290,2026-05-16,Web,True,2026-05-19,2026-06-29,1,False,3.0
1291,2026-03-03,Web,False,,2026-04-17,0,True,
1292,2026-05-18,Referral,True,2026-05-19,2026-05-22,3,False,5.0
1293,2026-06-04,Referral,True,2026-06-07,2026-06-20,1,False,4.0
1294,2026-08-14,App,False,,2026-10-13,0,True,
1295,2026-03-25,App,True,2026-03-28,2026-05-17,5,True,3.0
1296,2026-03-27,Referral,True,2026-03-30,2026-04-19,3,False,1.0
1297,2026-05-20,Web,True,2026-05-22,2026-07-13,1,True,2.0
1298,2026-07-09,Web,False,,2026-08-08,0,True,
1299,2026-05-27,Web,True,2026-05-30,2026-07-07,5,True,3.0
1300,2026-05-15,App,False,,2026-05-20,0,True,
1301,2026-03-06,Web,False,,2026-04-04,0,True,
1302,2026-06-02,App,True,2026-06-04,2026-06-24,2,False,3.0
1303,2026-06-28,Web,False,,2026-08-18,0,True,
1304,2026-08-04,Web,True,2026-08-04,2026-08-12,4,False,2.0
1305,2026-08-16,App,True,2026-08-16,2026-08-18,4,False,1.0
1306,2026-04-29,Web,False,,2026-05-27,0,True,
1307,2026-05-18,Web,False,,2026-06-14,0,True,
1308,2026-08-10,App,True,2026-08-10,2026-09-19,7,True,1.0
1309,2026-04-07,App,True,2026-04-10,2026-04-27,1,False,1.0
1310,2026-08-12,Referral,True,2026-08-15,2026-08-27,2,False,3.0
1311,2026-07-09,App,False,,2026-08-09,0,True,
1312,2026-06-21,App,True,2026-06-21,2026-07-12,7,False,1.0
1313,2026-07-18,App,True,2026-07-18,2026-07-24,2,False,5.0
1314,2026-07-31,App,True,2026-07-31,2026-08-31,2,False,3.0
1315,2026-04-06,App,False,,2026-05-10,0,True,
1316,2026-07-27,App,False,,2026-08-15,0,True,
1317,2026-08-08,App,True,2026-08-11,2026-08-25,4,True,4.0
1318,2026-05-08,Web,False,,2026-06-03,0,True,
1319,2026-06-05,Web,True,2026-06-06,2026-06-06,2,True,2.0
1320,2026-04-14,App,False,,2026-05-02,0,True,
1321,2026-04-30,App,True,2026-05-03,2026-06-10,4,True,4.0
1322,2026-07-20,App,True,2026-07-20,2026-07-31,3,True,1.0
1323,2026-08-01,App,True,2026-08-02,2026-08-24,8,False,1.0
1324,2026-08-12,App,True,2026-08-13,2026-09-07,1,True,3.0
1325,2026-08-19,App,True,2026-08-20,2026-09-03,2,False,2.0
1326,2026-08-02,App,True,2026-08-05,2026-09-14,5,False,3.0
1327,2026-07-19,Web,True,2026-07-20,2026-09-06,3,False,2.0
1328,2026-06-30,Web,True,2026-06-30,2026-08-15,6,True,1.0
1329,2026-04-27,App,True,2026-04-28,2026-05-30,4,False,2.0
1330,2026-04-05,Web,True,2026-04-05,2026-05-05,4,True,3.0
1331,2026-05-04,Web,True,2026-05-06,2026-06-05,1,True,3.0
1332,2026-06-02,Web,False,,2026-07-27,0,True,
1333,2026-07-02,App,True,2026-07-03,2026-07-14,3,True,2.0
1334,2026-03-13,App,True,2026-03-16,2026-04-28,3,False,1.0
1335,2026-07-28,Web,True,2026-07-30,2026-09-26,5,True,3.0
1336,2026-06-09,Web,False,,2026-07-27,0,True,
1337,2026-04-07,App,False,,2026-04-20,0,False,
1338,2026-07-23,Referral,True,2026-07-23,2026-08-28,8,False,4.0
1339,2026-03-23,Referral,False,,2026-05-10,0,True,
1340,2026-05-01,Web,True,2026-05-01,2026-05-21,2,False,5.0
1341,2026-04-05,App,True,2026-04-08,2026-05-07,2,False,3.0
1342,2026-04-10,Web,True,2026-04-10,2026-06-08,3,False,5.0
1343,2026-03-08,App,True,2026-03-08,2026-05-07,1,False,4.0
1344,2026-03-07,App,False,,2026-03-23,0,True,
1345,2026-06-10,App,False,,2026-07-20,0,True,
1346,2026-08-14,App,True,2026-08-15,2026-08-21,1,False,4.0
1347,2026-04-30,App,False,,2026-05-25,0,True,
1348,2026-08-17,Referral,True,2026-08-18,2026-09-23,4,True,5.0
1349,2026-06-04,App,False,,2026-07-17,0,True,
1350,2026-04-30,App,True,2026-04-30,2026-05-12,3,False,3.0
1351,2026-07-16,Web,True,2026-07-19,2026-07-17,5,False,4.0
1352,2026-08-03,App,True,2026-08-05,2026-09-11,1,False,4.0
1353,2026-03-06,Web,True,2026-03-07,2026-04-29,2,True,3.0
1354,2026-04-26,App,True,2026-04-26,2026-06-19,6,False,4.0
1355,2026-08-07,Web,False,,2026-08-12,0,True,
1356,2026-05-27,Web,True,2026-05-28,2026-06-10,1,True,4.0
1357,2026-04-20,Referral,True,2026-04-21,2026-05-16,2,True,1.0
1358,2026-03-30,App,True,2026-04-01,2026-04-23,1,True,3.0
1359,2026-03-10,App,False,,2026-05-06,0,True,
1360,2026-05-25,App,True,2026-05-26,2026-06-08,4,True,3.0
1361,2026-03-30,App,False,,2026-04-04,0,True,
1362,2026-05-13,Referral,True,2026-05-13,2026-05-25,3,False,3.0
1363,2026-04-18,Web,True,2026-04-20,2026-05-09,3,False,4.0
1364,2026-02-22,Web,False,,2026-04-05,0,True,
1365,2026-06-12,Web,False,,2026-07-18,0,False,
1366,2026-06-27,Web,True,2026-06-28,2026-08-02,3,False,1.0
1367,2026-05-19,Web,False,,2026-07-02,0,True,
1368,2026-07-08,Web,True,2026-07-08,2026-07-23,3,True,2.0
1369,2026-03-10,App,False,,2026-03-19,0,True,
1370,2026-05-22,Referral,False,,2026-06-15,0,True,
1371,2026-03-17,App,True,2026-03-19,2026-03-19,4,False,3.0
1372,2026-07-12,Web,False,,2026-08-27,0,True,
1373,2026-06-17,App,False,,2026-07-08,0,True,
1374,2026-08-07,Web,True,2026-08-07,2026-08-19,3,True,1.0
1375,2026-07-26,App,False,,2026-08-02,0,True,
1376,2026-07-26,Web,True,2026-07-28,2026-07-30,2,False,5.0
1377,2026-03-03,Web,True,2026-03-04,2026-04-06,2,True,3.0
1378,2026-07-21,Referral,False,,2026-07-23,0,True,
1379,2026-03-15,App,True,2026-03-16,2026-04-07,1,False,5.0
1380,2026-03-09,Web,False,,2026-05-08,0,False,
1381,2026-07-26,App,False,,2026-09-10,0,True,
1382,2026-05-23,App,False,,2026-07-13,0,True,
1383,2026-08-14,App,True,2026-08-14,2026-09-04,1,True,3.0
1384,2026-08-03,Web,True,2026-08-06,2026-09-13,2,False,1.0
1385,2026-04-03,Web,True,2026-04-05,2026-04-29,2,False,5.0
1386,2026-07-21,App,False,,2026-07-29,0,False,
1387,2026-04-01,App,True,2026-04-02,2026-04-30,3,True,3.0
1388,2026-04-17,App,True,2026-04-20,2026-05-14,2,True,3.0
1389,2026-06-24,Web,True,2026-06-24,2026-07-07,3,False,3.0
1390,2026-07-03,App,True,2026-07-04,2026-08-14,3,False,1.0
1391,2026-08-09,App,True,2026-08-12,2026-09-02,1,False,4.0
1392,2026-06-17,App,True,2026-06-19,2026-08-11,2,False,4.0
1393,2026-06-12,Web,True,2026-06-14,2026-06-21,6,False,2.0
1394,2026-04-07,App,True,2026-04-10,2026-04-21,6,False,4.0
1395,2026-04-13,App,False,,2026-05-24,0,False,
1396,2026-07-23,App,True,2026-07-24,2026-07-24,3,True,2.0
1397,2026-05-09,Referral,True,2026-05-12,2026-06-02,1,True,2.0
1398,2026-03-29,App,True,2026-04-01,2026-04-17,2,True,1.0
1399,2026-05-27,Web,True,2026-05-28,2026-07-20,5,True,2.0
1400,2026-06-29,Web,True,2026-07-02,2026-07-09,3,False,4.0
1401,2026-03-06,Web,True,2026-03-07,2026-04-18,2,True,3.0
1402,2026-07-28,App,False,,2026-09-02,0,True,
1403,2026-07-15,App,False,,2026-08-12,0,True,
1404,2026-06-26,Web,True,2026-06-26,2026-07-23,1,False,2.0
1405,2026-06-22,Web,False,,2026-07-21,0,True,
1406,2026-08-15,Web,True,2026-08-18,2026-10-04,4,False,5.0
1407,2026-03-14,App,False,,2026-03-27,0,False,
1408,2026-07-27,Web,True,2026-07-28,2026-08-25,3,True,4.0
1409,2026-05-18,Web,True,2026-05-21,2026-07-12,1,True,4.0
1410,2026-02-25,Web,True,2026-02-26,2026-03-04,1,True,5.0
1411,2026-05-05,Web,True,2026-05-08,2026-06-25,3,False,1.0
1412,2026-06-16,App,True,2026-06-19,2026-07-24,2,False,3.0
1413,2026-03-20,Web,True,2026-03-23,2026-04-20,5,False,5.0
1414,2026-04-06,Web,True,2026-04-09,2026-05-01,1,True,2.0
1415,2026-03-31,App,False,,2026-04-23,0,False,
1416,2026-07-23,Web,False,,2026-08-27,0,True,
1417,2026-06-24,Referral,True,2026-06-26,2026-06-27,5,False,3.0
1418,2026-06-28,App,True,2026-06-30,2026-08-08,4,False,2.0
1419,2026-07-17,Referral,True,2026-07-18,2026-07-31,4,False,4.0
1420,2026-06-11,App,True,2026-06-12,2026-06-20,0,False,
1421,2026-05-09,App,True,2026-05-09,2026-06-10,4,False,3.0
1422,2026-04-09,Web,True,2026-04-12,2026-05-10,1,False,1.0
1423,2026-02-23,Web,True,2026-02-26,2026-04-23,3,True,1.0
1424,2026-04-08,App,False,,2026-04-26,0,True,
1425,2026-04-05,App,False,,2026-05-18,0,True,
1426,2026-03-07,Referral,True,2026-03-07,2026-04-08,5,False,5.0
1427,2026-03-28,App,True,2026-03-30,2026-04-27,3,False,2.0
1428,2026-03-01,App,True,2026-03-02,2026-04-17,5,False,1.0
1429,2026-06-27,App,True,2026-06-27,2026-07-16,3,True,2.0
1430,2026-06-01,App,True,2026-06-01,2026-06-12,2,False,2.0
1431,2026-07-12,App,False,,2026-09-01,0,False,
1432,2026-04-12,Web,False,,2026-06-06,0,True,
1433,2026-07-30,App,False,,2026-08-27,0,True,
1434,2026-03-12,Referral,True,2026-03-12,2026-05-08,1,False,2.0
1435,2026-07-13,App,False,,2026-08-02,0,False,
1436,2026-04-13,Web,False,,2026-05-09,0,True,
1437,2026-07-02,App,False,,2026-07-28,0,True,
1438,2026-04-09,App,True,2026-04-10,2026-04-21,2,False,3.0
1439,2026-04-09,App,True,2026-04-11,2026-05-02,2,False,2.0
1440,2026-07-25,Referral,False,,2026-08-24,0,True,
1441,2026-08-08,App,True,2026-08-08,2026-08-09,4,False,5.0
1442,2026-05-10,Web,True,2026-05-13,2026-05-30,1,True,2.0
1443,2026-04-23,App,True,2026-04-25,2026-05-16,2,False,4.0
1444,2026-03-05,App,True,2026-03-08,2026-05-03,2,False,5.0
1445,2026-06-10,Web,True,2026-06-13,2026-07-08,1,False,4.0
1446,2026-06-21,Web,False,,2026-08-05,0,False,
1447,2026-08-09,Web,True,2026-08-12,2026-09-24,2,False,2.0
1448,2026-06-04,App,False,,2026-07-27,0,True,
1449,2026-03-17,Web,True,2026-03-20,2026-03-23,0,False,
1450,2026-06-26,Referral,True,2026-06-29,2026-07-12,5,False,4.0
1451,2026-03-12,App,False,,2026-04-10,0,False,
1452,2026-06-30,Web,False,,2026-08-05,0,True,
1453,2026-06-05,Referral,True,2026-06-07,2026-06-07,2,False,5.0
1454,2026-05-16,App,True,2026-05-18,2026-06-19,3,False,1.0
1455,2026-03-06,Web,True,2026-03-06,2026-04-18,2,True,2.0
1456,2026-07-11,App,True,2026-07-12,2026-07-12,3,False,3.0
1457,2026-08-15,Referral,True,2026-08-18,2026-09-07,2,False,2.0
1458,2026-04-14,App,False,,2026-05-09,0,True,
1459,2026-05-14,Web,True,2026-05-17,2026-06-14,3,False,1.0
1460,2026-06-28,Web,False,,2026-08-21,0,True,
1461,2026-05-11,Referral,False,,2026-07-04,0,True,
1462,2026-07-25,App,False,,2026-08-02,0,True,
1463,2026-07-22,App,False,,2026-07-25,0,True,
1464,2026-05-21,App,True,2026-05-23,2026-06-19,2,False,3.0
1465,2026-07-13,Web,False,,2026-08-30,0,False,
1466,2026-04-12,Web,False,,2026-05-23,0,False,
1467,2026-07-09,Referral,True,2026-07-09,2026-07-13,4,False,3.0
1468,2026-05-23,App,True,2026-05-24,2026-07-13,6,False,3.0
1469,2026-03-13,Web,True,2026-03-15,2026-03-15,7,True,5.0
1470,2026-07-09,Web,True,2026-07-12,2026-08-15,2,True,5.0
1471,2026-06-11,Referral,True,2026-06-11,2026-07-15,4,False,5.0
1472,2026-06-17,Web,False,,2026-07-14,0,False,
1473,2026-07-19,App,False,,2026-09-13,0,True,
1474,2026-05-15,App,True,2026-05-18,2026-06-27,2,False,4.0
1475,2026-05-28,Referral,True,2026-05-29,2026-07-06,1,False,4.0
1476,2026-05-03,App,True,2026-05-03,2026-05-24,4,True,2.0
1477,2026-04-23,App,True,2026-04-25,2026-04-29,2,False,3.0
1478,2026-08-03,App,False,,2026-09-08,0,True,
1479,2026-07-26,Referral,True,2026-07-26,2026-09-04,2,True,1.0
1480,2026-06-02,App,True,2026-06-04,2026-07-18,1,False,1.0
1481,2026-02-23,Web,True,2026-02-25,2026-04-13,5,True,3.0
1482,2026-07-08,App,True,2026-07-11,2026-08-20,1,False,3.0
1483,2026-03-15,Web,True,2026-03-18,2026-04-14,3,False,1.0
1484,2026-08-04,App,True,2026-08-04,2026-09-14,4,False,2.0
1485,2026-05-28,App,True,2026-05-30,2026-06-23,2,True,4.0
1486,2026-08-19,Web,True,2026-08-21,2026-10-10,0,False,
1487,2026-08-01,App,True,2026-08-02,2026-08-21,3,True,5.0
1488,2026-06-03,App,False,,2026-07-19,0,False,
1489,2026-03-30,App,True,2026-03-30,2026-04-09,2,False,1.0
1490,2026-05-11,Web,True,2026-05-13,2026-06-17,3,False,4.0
1491,2026-06-28,Referral,False,,2026-08-05,0,True,
1492,2026-05-06,Referral,False,,2026-05-31,0,False,
1493,2026-04-23,Web,False,,2026-04-28,0,True,
1494,2026-04-22,Referral,False,,2026-05-03,0,True,
1495,2026-06-20,Web,True,2026-06-21,2026-08-14,2,True,4.0
1496,2026-05-28,App,True,2026-05-29,2026-06-12,2,True,5.0
1497,2026-03-30,App,True,2026-04-02,2026-05-17,4,True,2.0
1498,2026-04-03,Web,True,2026-04-04,2026-05-16,4,False,1.0
1499,2026-04-14,Web,True,2026-04-15,2026-05-12,4,False,1.0
1500,2026-02-25,App,False,,2026-03-28,0,True,
1501,2026-03-25,App,True,2026-03-27,2026-04-29,1,True,3.0
1502,2026-03-23,App,True,2026-03-26,2026-04-09,0,False,
1503,2026-07-13,App,False,,2026-09-08,0,True,
1504,2026-05-30,Web,True,2026-05-31,2026-07-18,0,True,
1505,2026-02-23,App,False,,2026-04-02,0,False,
1506,2026-05-30,Referral,True,2026-06-02,2026-07-15,0,True,
1507,2026-03-31,App,False,,2026-05-26,0,True,
1508,2026-05-17,App,True,2026-05-18,2026-06-17,5,False,1.0
1509,2026-05-07,Web,True,2026-05-10,2026-06-27,3,True,2.0
1510,2026-02-26,App,False,,2026-04-07,0,False,
1511,2026-07-26,Web,True,2026-07-26,2026-08-06,1,False,1.0
1512,2026-05-16,Web,True,2026-05-16,2026-06-02,5,False,4.0
1513,2026-04-08,Web,True,2026-04-10,2026-04-25,5,True,2.0
1514,2026-04-29,App,True,2026-05-02,2026-05-08,2,False,2.0
1515,2026-08-01,Web,True,2026-08-01,2026-09-29,1,False,4.0
1516,2026-06-28,App,False,,2026-07-31,0,False,
1517,2026-06-29,Web,True,2026-07-02,2026-07-21,5,True,2.0
1518,2026-04-02,Web,True,2026-04-02,2026-04-05,3,False,1.0
1519,2026-04-22,App,False,,2026-06-11,0,True,
1520,2026-05-03,App,True,2026-05-06,2026-07-02,1,False,1.0
1521,2026-06-17,App,True,2026-06-20,2026-07-23,5,False,3.0
1522,2026-05-16,Web,True,2026-05-16,2026-05-22,1,True,2.0
1523,2026-04-01,App,True,2026-04-01,2026-04-12,4,False,5.0
1524,2026-06-18,App,False,,2026-08-07,0,True,
1525,2026-03-02,Web,True,2026-03-03,2026-03-20,1,False,5.0
1526,2026-06-18,Web,True,2026-06-18,2026-07-08,0,True,
1527,2026-04-06,App,True,2026-04-08,2026-04-29,1,False,3.0
1528,2026-04-17,App,True,2026-04-18,2026-04-20,0,True,
1529,2026-07-16,App,True,2026-07-17,2026-08-20,6,False,5.0
1530,2026-02-22,App,True,2026-02-22,2026-03-14,3,False,3.0
1531,2026-05-25,App,True,2026-05-28,2026-06-10,2,False,1.0
1532,2026-05-09,App,True,2026-05-10,2026-07-05,1,False,5.0
1533,2026-05-25,Web,False,,2026-07-10,0,True,
1534,2026-07-03,App,False,,2026-08-26,0,False,
1535,2026-04-10,Web,True,2026-04-11,2026-04-21,2,False,2.0
1536,2026-07-28,App,True,2026-07-28,2026-08-14,1,True,5.0
1537,2026-03-31,App,True,2026-04-03,2026-04-08,3,False,4.0
1538,2026-04-16,App,True,2026-04-19,2026-04-30,2,False,4.0
1539,2026-04-19,App,False,,2026-06-14,0,True,
1540,2026-07-31,Web,True,2026-08-03,2026-08-20,2,False,5.0
1541,2026-02-24,App,True,2026-02-26,2026-04-03,0,False,
1542,2026-04-26,Referral,True,2026-04-28,2026-06-01,6,False,4.0
1543,2026-06-10,Web,True,2026-06-11,2026-06-17,2,False,4.0
1544,2026-08-03,Web,True,2026-08-04,2026-08-18,6,False,2.0
1545,2026-03-02,App,True,2026-03-02,2026-04-03,2,True,2.0
1546,2026-03-16,App,False,,2026-04-17,0,True,
1547,2026-04-25,Web,True,2026-04-25,2026-05-03,4,False,4.0
1548,2026-04-06,App,False,,2026-04-15,0,True,
1549,2026-06-01,App,False,,2026-07-27,0,True,
1550,2026-05-10,App,False,,2026-06-23,0,True,
1551,2026-05-17,App,True,2026-05-19,2026-05-22,4,True,4.0
1552,2026-03-21,App,True,2026-03-21,2026-03-27,4,False,4.0
1553,2026-03-09,Referral,False,,2026-05-02,0,False,
1554,2026-06-27,Referral,True,2026-06-30,2026-07-28,4,False,3.0
1555,2026-05-03,App,True,2026-05-05,2026-06-15,2,True,3.0
1556,2026-05-14,Web,True,2026-05-14,2026-05-27,2,False,3.0
1557,2026-06-19,App,False,,2026-08-09,0,True,
1558,2026-08-01,App,True,2026-08-03,2026-08-05,2,True,4.0
1559,2026-02-25,App,False,,2026-03-30,0,False,
1560,2026-03-05,App,False,,2026-03-13,0,True,
1561,2026-08-07,App,True,2026-08-10,2026-08-29,2,False,5.0
1562,2026-08-16,App,False,,2026-10-14,0,True,
1563,2026-07-08,App,False,,2026-07-25,0,True,
1564,2026-06-06,App,False,,2026-07-16,0,True,
1565,2026-03-10,Web,True,2026-03-12,2026-03-19,1,False,2.0
1566,2026-07-06,App,True,2026-07-08,2026-07-28,2,False,4.0
1567,2026-07-19,App,True,2026-07-22,2026-09-07,4,False,2.0
1568,2026-06-29,Referral,True,2026-06-30,2026-08-02,2,False,3.0
1569,2026-03-09,Web,True,2026-03-09,2026-03-22,2,False,4.0
1570,2026-08-17,Referral,True,2026-08-19,2026-09-20,6,False,5.0
1571,2026-03-09,Web,True,2026-03-09,2026-03-17,5,True,5.0
1572,2026-03-03,App,True,2026-03-03,2026-03-30,3,False,3.0
1573,2026-05-10,App,False,,2026-05-28,0,True,
1574,2026-06-20,App,True,2026-06-23,2026-08-06,1,True,1.0
1575,2026-05-23,Web,True,2026-05-25,2026-05-24,2,False,3.0
1576,2026-04-29,App,True,2026-05-02,2026-06-25,6,False,4.0
1577,2026-05-09,App,False,,2026-06-04,0,True,
1578,2026-03-25,Web,True,2026-03-26,2026-05-19,1,False,5.0
1579,2026-06-24,App,False,,2026-07-30,0,True,
1580,2026-05-31,Referral,True,2026-06-02,2026-06-16,0,False,
1581,2026-05-05,Web,True,2026-05-05,2026-06-07,3,False,3.0
1582,2026-05-01,App,True,2026-05-03,2026-05-11,3,True,4.0
1583,2026-07-02,Referral,True,2026-07-05,2026-08-10,3,False,1.0
1584,2026-03-08,App,True,2026-03-10,2026-04-27,3,False,3.0
1585,2026-08-05,Web,True,2026-08-05,2026-09-09,2,True,2.0
1586,2026-07-01,App,True,2026-07-02,2026-08-30,2,False,4.0
1587,2026-04-20,App,False,,2026-05-08,0,False,
1588,2026-04-10,App,True,2026-04-10,2026-04-20,1,True,2.0
1589,2026-06-27,App,True,2026-06-28,2026-08-11,1,True,4.0
1590,2026-03-05,Referral,True,2026-03-08,2026-04-29,1,True,5.0
1591,2026-02-24,Web,False,,2026-04-14,0,True,
1592,2026-05-09,App,True,2026-05-12,2026-06-20,5,True,3.0
1593,2026-08-19,App,False,,2026-09-09,0,True,
1594,2026-08-01,Web,True,2026-08-03,2026-08-07,3,True,2.0
1595,2026-06-24,App,True,2026-06-24,2026-06-29,7,False,3.0
1596,2026-03-20,App,True,2026-03-21,2026-04-02,2,False,1.0
1597,2026-07-22,Web,False,,2026-08-04,0,True,
1598,2026-08-17,Web,True,2026-08-17,2026-08-22,10,True,3.0
1599,2026-04-26,App,True,2026-04-26,2026-05-23,1,False,2.0
1600,2026-05-24,Web,True,2026-05-25,2026-06-07,6,True,5.0
1601,2026-04-04,App,True,2026-04-07,2026-05-27,4,True,4.0
1602,2026-03-04,Referral,False,,2026-03-28,0,True,
1603,2026-07-27,Web,True,2026-07-29,2026-09-24,3,False,2.0
1604,2026-03-17,App,True,2026-03-19,2026-04-24,1,False,3.0
1605,2026-03-21,Referral,True,2026-03-22,2026-04-06,3,True,1.0
1606,2026-03-11,Web,True,2026-03-14,2026-05-04,4,True,5.0
1607,2026-04-08,Referral,True,2026-04-10,2026-04-09,3,False,4.0
1608,2026-07-24,Web,True,2026-07-27,2026-08-27,3,False,2.0
1609,2026-06-25,Web,True,2026-06-27,2026-07-02,3,False,2.0
1610,2026-06-04,App,False,,2026-07-06,0,True,
1611,2026-08-12,Referral,True,2026-08-12,2026-09-26,3,False,1.0
1612,2026-08-10,Web,False,,2026-08-29,0,True,
1613,2026-05-27,Web,True,2026-05-28,2026-07-05,3,False,1.0
1614,2026-05-15,App,True,2026-05-16,2026-05-16,3,False,5.0
1615,2026-08-15,App,True,2026-08-15,2026-08-27,3,False,2.0
1616,2026-04-09,Web,True,2026-04-09,2026-04-14,3,True,1.0
1617,2026-06-03,App,True,2026-06-06,2026-06-26,3,False,3.0
1618,2026-08-13,App,True,2026-08-14,2026-09-08,3,False,5.0
1619,2026-07-11,App,False,,2026-08-24,0,True,
1620,2026-03-29,Web,False,,2026-04-27,0,False,
1621,2026-04-23,App,False,,2026-05-29,0,True,
1622,2026-02-24,Web,True,2026-02-26,2026-03-29,2,False,3.0
1623,2026-07-19,App,True,2026-07-19,2026-07-20,3,False,4.0
1624,2026-02-25,App,True,2026-02-28,2026-04-17,1,False,5.0
1625,2026-07-10,App,True,2026-07-11,2026-08-14,1,True,4.0
1626,2026-05-20,Referral,True,2026-05-20,2026-06-24,6,True,2.0
1627,2026-03-28,Web,False,,2026-05-16,0,True,
1628,2026-02-26,Web,True,2026-02-27,2026-04-22,2,True,5.0
1629,2026-04-23,Referral,False,,2026-05-31,0,False,
1630,2026-03-22,App,False,,2026-04-17,0,True,
1631,2026-04-11,App,False,,2026-05-21,0,True,
1632,2026-03-16,Web,True,2026-03-17,2026-05-14,2,False,4.0
1633,2026-08-02,App,False,,2026-08-25,0,True,
1634,2026-04-10,Web,False,,2026-05-08,0,True,
1635,2026-03-29,Referral,True,2026-04-01,2026-04-26,2,True,1.0
1636,2026-03-31,App,True,2026-04-01,2026-04-23,2,True,5.0
1637,2026-07-06,Web,False,,2026-07-27,0,False,
1638,2026-03-17,Web,True,2026-03-17,2026-05-08,4,True,2.0
1639,2026-02-27,App,False,,2026-04-26,0,True,
1640,2026-05-14,App,True,2026-05-15,2026-05-31,2,True,3.0
1641,2026-04-30,Web,True,2026-04-30,2026-06-09,4,False,2.0
1642,2026-04-24,App,True,2026-04-25,2026-06-17,3,False,4.0
1643,2026-05-29,App,True,2026-05-30,2026-07-18,5,True,4.0
1644,2026-04-06,Web,True,2026-04-07,2026-04-11,3,False,4.0
1645,2026-03-10,Referral,False,,2026-05-08,0,True,
1646,2026-03-04,App,True,2026-03-07,2026-03-22,2,False,4.0
1647,2026-04-01,App,False,,2026-04-14,0,True,
1648,2026-07-21,App,True,2026-07-23,2026-07-29,3,False,3.0
1649,2026-03-07,Referral,True,2026-03-10,2026-04-14,2,False,3.0
1650,2026-07-15,Web,False,,2026-09-08,0,False,
1651,2026-07-16,App,True,2026-07-18,2026-07-26,2,False,3.0
1652,2026-04-10,Referral,True,2026-04-11,2026-05-05,2,False,3.0
1653,2026-07-01,App,True,2026-07-03,2026-08-26,3,True,3.0
1654,2026-07-27,Web,False,,2026-08-07,0,True,
1655,2026-05-06,Web,True,2026-05-09,2026-05-28,3,True,5.0
1656,2026-03-03,Referral,True,2026-03-03,2026-04-19,4,False,3.0
1657,2026-03-30,App,False,,2026-04-04,0,True,
1658,2026-05-09,Web,False,,2026-06-12,0,True,
1659,2026-07-05,Web,True,2026-07-07,2026-08-26,3,True,5.0
1660,2026-08-10,Referral,True,2026-08-11,2026-09-22,4,False,2.0
1661,2026-06-30,App,False,,2026-07-08,0,True,
1662,2026-03-08,App,True,2026-03-10,2026-04-04,4,False,5.0
1663,2026-05-11,App,True,2026-05-11,2026-05-24,4,False,5.0
1664,2026-07-03,Web,True,2026-07-04,2026-07-30,2,False,1.0
1665,2026-03-31,Referral,True,2026-04-03,2026-04-16,4,False,2.0
1666,2026-05-10,App,True,2026-05-13,2026-06-10,2,True,2.0
1667,2026-06-12,App,True,2026-06-13,2026-06-13,4,True,4.0
1668,2026-03-27,Web,False,,2026-05-03,0,True,
1669,2026-07-05,App,True,2026-07-08,2026-08-27,1,False,5.0
1670,2026-06-12,App,False,,2026-08-09,0,True,
1671,2026-08-12,App,True,2026-08-14,2026-09-05,2,False,2.0
1672,2026-03-26,Referral,True,2026-03-29,2026-05-21,7,True,5.0
1673,2026-06-27,App,False,,2026-07-10,0,False,
1674,2026-06-06,Web,True,2026-06-09,2026-06-21,2,False,5.0
1675,2026-07-16,App,False,,2026-08-10,0,True,
1676,2026-03-04,App,True,2026-03-06,2026-04-06,2,False,3.0
1677,2026-08-14,Web,True,2026-08-17,2026-09-20,1,False,3.0
1678,2026-03-10,App,True,2026-03-11,2026-04-12,2,False,2.0
1679,2026-05-03,App,True,2026-05-05,2026-05-13,0,False,
1680,2026-06-21,App,False,,2026-06-27,0,True,
1681,2026-06-14,App,True,2026-06-16,2026-08-02,3,True,2.0
1682,2026-08-16,App,True,2026-08-18,2026-09-10,4,False,5.0
1683,2026-04-23,Web,True,2026-04-26,2026-06-19,4,False,1.0
1684,2026-03-28,App,False,,2026-03-29,0,True,
1685,2026-06-08,App,False,,2026-06-14,0,True,
1686,2026-06-12,Referral,True,2026-06-13,2026-08-08,7,True,3.0
1687,2026-06-10,App,True,2026-06-12,2026-07-14,3,True,5.0
1688,2026-03-28,App,True,2026-03-29,2026-03-31,4,True,3.0
1689,2026-03-16,App,True,2026-03-18,2026-04-22,5,False,5.0
1690,2026-05-11,Referral,True,2026-05-14,2026-05-29,1,False,2.0
1691,2026-07-21,Web,True,2026-07-24,2026-08-21,5,False,5.0
1692,2026-03-20,Web,True,2026-03-22,2026-04-20,3,False,5.0
1693,2026-06-20,App,True,2026-06-20,2026-07-10,2,False,5.0
1694,2026-03-31,App,True,2026-04-03,2026-04-21,4,False,4.0
1695,2026-06-29,Web,True,2026-07-02,2026-07-23,2,False,2.0
1696,2026-06-11,App,True,2026-06-13,2026-07-12,6,True,4.0
1697,2026-05-08,Referral,True,2026-05-10,2026-05-23,3,True,1.0
1698,2026-04-28,Web,True,2026-04-28,2026-05-23,2,False,2.0
1699,2026-03-08,Web,False,,2026-04-05,0,True,
1700,2026-03-26,App,False,,2026-05-06,0,False,
1701,2026-05-20,Referral,True,2026-05-22,2026-06-26,4,True,3.0
1702,2026-02-24,Referral,False,,2026-04-04,0,True,
1703,2026-04-01,Web,True,2026-04-01,2026-05-22,4,False,1.0
1704,2026-06-08,App,False,,2026-08-01,0,True,
1705,2026-06-18,Web,False,,2026-07-30,0,True,
1706,2026-06-19,Referral,True,2026-06-20,2026-06-30,1,False,3.0
1707,2026-04-03,App,True,2026-04-06,2026-04-28,3,False,4.0
1708,2026-06-09,App,False,,2026-06-24,0,False,
1709,2026-04-29,Web,True,2026-04-30,2026-05-05,4,False,1.0
1710,2026-07-22,Web,True,2026-07-25,2026-08-25,0,False,
1711,2026-04-30,Referral,False,,2026-06-19,0,False,
1712,2026-07-03,App,True,2026-07-05,2026-07-24,4,False,5.0
1713,2026-03-10,Web,True,2026-03-13,2026-03-18,1,False,4.0
1714,2026-07-19,App,False,,2026-08-24,0,False,
1715,2026-03-01,Web,False,,2026-04-05,0,True,
1716,2026-08-13,App,False,,2026-09-19,0,True,
1717,2026-07-22,App,True,2026-07-22,2026-08-26,4,False,5.0
1718,2026-04-20,Referral,True,2026-04-23,2026-05-06,3,False,2.0
1719,2026-06-13,Web,True,2026-06-16,2026-06-17,3,False,3.0
1720,2026-07-04,Web,True,2026-07-05,2026-08-21,3,False,1.0
1721,2026-04-26,Referral,True,2026-04-28,2026-05-21,2,False,4.0
1722,2026-02-24,App,False,,2026-04-06,0,True,
1723,2026-06-23,App,False,,2026-08-05,0,True,
1724,2026-06-26,Referral,True,2026-06-29,2026-07-08,1,False,5.0
1725,2026-06-19,Referral,True,2026-06-21,2026-06-26,3,False,3.0
1726,2026-07-18,Web,False,,2026-08-07,0,True,
1727,2026-04-24,Referral,True,2026-04-27,2026-05-23,1,True,3.0
1728,2026-07-05,App,False,,2026-08-27,0,True,
1729,2026-07-07,App,False,,2026-08-04,0,True,
1730,2026-06-05,App,False,,2026-07-13,0,True,
1731,2026-08-06,App,True,2026-08-07,2026-09-30,2,True,4.0
1732,2026-07-02,Web,True,2026-07-02,2026-07-14,3,False,1.0
1733,2026-06-20,App,True,2026-06-23,2026-07-05,1,True,2.0
1734,2026-04-10,App,True,2026-04-11,2026-04-21,6,False,4.0
1735,2026-04-13,App,True,2026-04-16,2026-05-19,3,False,1.0
1736,2026-07-21,App,True,2026-07-22,2026-09-16,5,False,4.0
1737,2026-06-15,Web,True,2026-06-16,2026-07-18,5,False,1.0
1738,2026-08-09,App,True,2026-08-12,2026-09-07,5,True,3.0
1739,2026-04-03,Referral,False,,2026-05-23,0,True,
1740,2026-03-27,Web,True,2026-03-28,2026-04-08,1,False,2.0
1741,2026-07-25,App,True,2026-07-25,2026-09-18,4,True,5.0
1742,2026-05-21,App,True,2026-05-24,2026-06-07,6,False,5.0
1743,2026-07-14,App,True,2026-07-16,2026-08-01,4,True,2.0
1744,2026-05-23,Web,True,2026-05-24,2026-06-24,2,True,3.0
1745,2026-07-18,Web,False,,2026-09-14,0,False,
1746,2026-07-09,App,False,,2026-07-31,0,False,
1747,2026-06-26,Referral,True,2026-06-29,2026-07-21,2,False,5.0
1748,2026-07-20,App,True,2026-07-22,2026-07-27,2,True,5.0
1749,2026-08-18,App,True,2026-08-20,2026-09-30,2,False,2.0
1750,2026-08-03,Web,False,,2026-08-15,0,True,
1751,2026-03-20,Web,True,2026-03-21,2026-04-12,4,True,4.0
1752,2026-08-01,Web,True,2026-08-04,2026-08-26,4,False,5.0
1753,2026-05-15,Referral,False,,2026-06-20,0,False,
1754,2026-03-28,Referral,True,2026-03-29,2026-04-29,5,False,2.0
1755,2026-04-14,App,True,2026-04-16,2026-04-30,4,False,3.0
1756,2026-04-27,Referral,True,2026-04-29,2026-05-26,5,True,4.0
1757,2026-08-13,Web,True,2026-08-13,2026-08-27,2,True,4.0
1758,2026-07-20,Web,True,2026-07-23,2026-08-08,1,False,1.0
1759,2026-06-25,App,True,2026-06-26,2026-07-17,4,False,5.0
1760,2026-07-03,Referral,True,2026-07-06,2026-08-17,4,False,4.0
1761,2026-07-30,App,True,2026-08-02,2026-09-04,3,False,1.0
1762,2026-08-08,App,True,2026-08-11,2026-09-16,1,False,3.0
1763,2026-03-29,App,True,2026-03-31,2026-04-06,1,False,3.0
1764,2026-05-27,App,True,2026-05-27,2026-07-25,5,True,2.0
1765,2026-05-29,App,True,2026-05-31,2026-07-05,3,False,5.0
1766,2026-06-26,Referral,False,,2026-06-27,0,True,
1767,2026-06-29,App,True,2026-06-30,2026-07-28,4,True,1.0
1768,2026-06-28,Web,True,2026-06-30,2026-07-13,3,False,3.0
1769,2026-08-06,App,True,2026-08-08,2026-08-19,3,False,4.0
1770,2026-05-16,Web,True,2026-05-18,2026-06-19,3,True,4.0
1771,2026-06-25,Web,True,2026-06-26,2026-07-04,4,True,2.0
1772,2026-08-05,App,True,2026-08-07,2026-09-19,4,False,2.0
1773,2026-04-20,App,True,2026-04-23,2026-05-28,3,False,4.0
1774,2026-04-13,Web,False,,2026-05-28,0,True,
1775,2026-04-06,App,True,2026-04-09,2026-05-02,3,False,4.0
1776,2026-07-20,Referral,True,2026-07-23,2026-07-24,3,False,2.0
1777,2026-04-08,Referral,False,,2026-04-15,0,True,
1778,2026-04-18,App,False,,2026-05-03,0,False,
1779,2026-03-10,Referral,True,2026-03-13,2026-03-12,5,True,1.0
1780,2026-05-26,Referral,True,2026-05-28,2026-06-07,4,True,2.0
1781,2026-07-28,App,True,2026-07-30,2026-09-01,1,False,1.0
1782,2026-05-29,Web,True,2026-05-29,2026-07-21,3,False,5.0
1783,2026-05-26,App,True,2026-05-29,2026-07-18,5,False,2.0
1784,2026-05-07,Web,True,2026-05-09,2026-05-24,2,False,4.0
1785,2026-07-22,Referral,False,,2026-08-08,0,True,
1786,2026-06-12,App,True,2026-06-13,2026-07-14,2,True,3.0
1787,2026-02-23,App,True,2026-02-26,2026-04-23,0,True,
1788,2026-07-26,App,False,,2026-09-22,0,True,
1789,2026-04-23,Web,False,,2026-06-18,0,True,
1790,2026-06-22,App,True,2026-06-23,2026-08-02,3,True,1.0
1791,2026-02-25,App,False,,2026-03-16,0,True,
1792,2026-07-13,Web,False,,2026-07-17,0,False,
1793,2026-06-16,Referral,False,,2026-06-25,0,True,
1794,2026-03-24,Web,True,2026-03-25,2026-03-29,3,False,5.0
1795,2026-07-19,Web,True,2026-07-19,2026-09-11,2,True,2.0
1796,2026-06-04,App,False,,2026-06-29,0,True,
1797,2026-06-02,App,True,2026-06-04,2026-06-23,1,False,5.0
1798,2026-07-29,App,True,2026-07-30,2026-09-09,4,True,2.0
1799,2026-07-15,Web,True,2026-07-18,2026-08-25,3,True,1.0
1800,2026-05-20,Referral,False,,2026-06-02,0,True,
1801,2026-06-08,App,True,2026-06-10,2026-07-03,5,True,1.0
1802,2026-07-13,Web,True,2026-07-13,2026-08-12,3,False,5.0
1803,2026-04-17,App,True,2026-04-20,2026-05-24,6,False,5.0
1804,2026-06-10,Web,True,2026-06-10,2026-07-14,5,False,1.0
1805,2026-06-16,Referral,False,,2026-06-17,0,True,
1806,2026-05-15,Web,True,2026-05-17,2026-07-05,3,True,4.0
1807,2026-08-13,Web,True,2026-08-16,2026-09-05,3,False,1.0
1808,2026-03-09,Web,True,2026-03-09,2026-04-29,3,True,5.0
1809,2026-07-03,Referral,False,,2026-07-25,0,True,
1810,2026-05-18,Web,False,,2026-07-03,0,False,
1811,2026-06-18,Referral,True,2026-06-19,2026-08-11,4,False,2.0
1812,2026-05-22,Referral,False,,2026-06-21,0,True,
1813,2026-07-12,App,True,2026-07-14,2026-08-25,3,False,5.0
1814,2026-08-07,App,False,,2026-08-26,0,True,
1815,2026-03-02,App,True,2026-03-04,2026-03-11,5,True,3.0
1816,2026-03-09,App,True,2026-03-12,2026-04-21,0,False,
1817,2026-03-10,Web,True,2026-03-11,2026-04-23,3,False,3.0
1818,2026-07-02,App,True,2026-07-02,2026-07-31,1,True,1.0
1819,2026-03-07,App,True,2026-03-09,2026-03-25,5,True,1.0
1820,2026-06-05,App,True,2026-06-08,2026-07-05,5,False,5.0
1821,2026-07-03,App,False,,2026-07-24,0,True,
1822,2026-03-27,App,False,,2026-05-16,0,True,
1823,2026-08-04,App,True,2026-08-06,2026-09-20,3,True,5.0
1824,2026-06-24,App,True,2026-06-25,2026-08-04,1,True,3.0
1825,2026-03-09,Web,True,2026-03-12,2026-04-12,3,True,3.0
1826,2026-05-18,Web,True,2026-05-18,2026-07-14,1,True,3.0
1827,2026-04-12,Web,True,2026-04-15,2026-04-15,1,False,3.0
1828,2026-06-20,Referral,False,,2026-07-23,0,True,
1829,2026-07-23,App,True,2026-07-25,2026-09-10,4,True,4.0
1830,2026-05-30,App,False,,2026-06-17,0,True,
1831,2026-03-12,Web,True,2026-03-14,2026-04-12,1,True,4.0
1832,2026-06-28,App,True,2026-07-01,2026-08-03,1,True,4.0
1833,2026-04-18,App,True,2026-04-21,2026-04-21,6,False,5.0
1834,2026-03-26,App,True,2026-03-28,2026-05-06,4,True,2.0
1835,2026-04-16,Web,False,,2026-04-26,0,True,
1836,2026-08-19,Web,True,2026-08-21,2026-10-16,4,True,3.0
1837,2026-06-23,Web,True,2026-06-26,2026-08-07,2,False,3.0
1838,2026-03-09,App,True,2026-03-09,2026-04-15,2,False,3.0
1839,2026-05-24,Web,False,,2026-07-05,0,True,
1840,2026-06-19,App,True,2026-06-22,2026-07-31,4,False,3.0
1841,2026-03-02,App,False,,2026-03-11,0,False,
1842,2026-02-26,App,False,,2026-03-27,0,True,
1843,2026-07-18,App,True,2026-07-19,2026-08-18,3,False,5.0
1844,2026-07-16,Referral,True,2026-07-19,2026-08-13,2,False,4.0
1845,2026-03-07,App,True,2026-03-07,2026-04-09,4,False,3.0
1846,2026-08-13,Web,True,2026-08-16,2026-09-16,2,False,4.0
1847,2026-05-22,App,True,2026-05-23,2026-06-22,6,False,4.0
1848,2026-07-26,Web,False,,2026-09-08,0,True,
1849,2026-07-24,Referral,True,2026-07-25,2026-08-31,3,False,1.0
1850,2026-06-21,Referral,True,2026-06-22,2026-08-16,0,False,
1851,2026-06-30,Web,False,,2026-08-18,0,True,
1852,2026-07-16,App,False,,2026-09-09,0,True,
1853,2026-05-13,App,False,,2026-06-05,0,True,
1854,2026-04-05,App,True,2026-04-06,2026-05-24,4,False,2.0
1855,2026-06-11,Web,True,2026-06-14,2026-07-06,7,True,2.0
1856,2026-03-23,App,True,2026-03-26,2026-04-25,1,True,1.0
1857,2026-08-14,App,True,2026-08-15,2026-08-27,4,False,5.0
1858,2026-07-21,Web,False,,2026-08-12,0,False,
1859,2026-06-22,App,True,2026-06-22,2026-08-12,1,False,4.0
1860,2026-08-14,Web,True,2026-08-15,2026-09-30,1,True,1.0
1861,2026-07-22,App,False,,2026-09-07,0,True,
1862,2026-04-10,Referral,True,2026-04-12,2026-05-08,2,False,3.0
1863,2026-06-26,App,False,,2026-08-25,0,True,
1864,2026-06-01,Referral,False,,2026-07-11,0,False,
1865,2026-06-07,Referral,False,,2026-06-26,0,True,
1866,2026-06-20,Web,True,2026-06-22,2026-08-13,2,False,5.0
1867,2026-03-17,App,False,,2026-03-21,0,False,
1868,2026-04-10,Referral,True,2026-04-10,2026-04-27,1,False,5.0
1869,2026-03-30,App,False,,2026-04-01,0,False,
1870,2026-07-29,App,True,2026-07-31,2026-09-04,4,False,1.0
1871,2026-05-23,Web,False,,2026-07-18,0,True,
1872,2026-07-12,App,True,2026-07-15,2026-08-31,2,True,4.0
1873,2026-08-04,Web,True,2026-08-05,2026-08-31,5,False,5.0
1874,2026-04-17,App,False,,2026-05-26,0,False,
1875,2026-04-03,Web,True,2026-04-03,2026-04-05,4,True,5.0
1876,2026-05-17,App,True,2026-05-18,2026-06-22,7,False,2.0
1877,2026-08-05,Referral,False,,2026-09-25,0,True,
1878,2026-07-18,Web,True,2026-07-18,2026-09-06,0,False,
1879,2026-06-28,Web,False,,2026-07-20,0,True,
1880,2026-05-18,App,True,2026-05-20,2026-06-04,3,False,5.0
1881,2026-05-18,App,True,2026-05-18,2026-07-08,3,False,2.0
1882,2026-05-31,App,False,,2026-06-16,0,True,
1883,2026-03-13,Web,True,2026-03-14,2026-04-15,0,False,
1884,2026-03-25,App,True,2026-03-27,2026-04-30,2,True,1.0
1885,2026-05-19,Web,True,2026-05-19,2026-06-16,3,False,5.0
1886,2026-07-02,App,True,2026-07-05,2026-07-11,3,True,3.0
1887,2026-05-19,App,True,2026-05-20,2026-06-06,4,True,3.0
1888,2026-06-06,Referral,False,,2026-06-16,0,True,
1889,2026-03-23,App,False,,2026-05-03,0,True,
1890,2026-02-24,App,True,2026-02-25,2026-04-25,3,True,5.0
1891,2026-05-15,App,True,2026-05-18,2026-06-21,1,False,5.0
1892,2026-05-01,App,False,,2026-06-20,0,True,
1893,2026-08-05,Web,False,,2026-08-27,0,False,
1894,2026-03-16,Web,True,2026-03-17,2026-03-30,6,False,2.0
1895,2026-07-14,App,True,2026-07-15,2026-07-19,2,False,2.0
1896,2026-08-19,Web,False,,2026-10-08,0,True,
1897,2026-03-07,App,True,2026-03-10,2026-04-20,5,False,1.0
1898,2026-05-10,App,True,2026-05-10,2026-06-19,2,False,5.0
1899,2026-05-13,App,False,,2026-06-28,0,True,
1900,2026-06-16,Web,True,2026-06-17,2026-07-18,0,True,
1901,2026-03-30,Referral,True,2026-03-30,2026-05-27,2,False,5.0
1902,2026-06-25,App,True,2026-06-28,2026-08-01,1,True,4.0
1903,2026-07-30,App,True,2026-08-01,2026-09-12,2,False,1.0
1904,2026-08-06,App,True,2026-08-06,2026-08-12,1,True,3.0
1905,2026-05-02,App,True,2026-05-05,2026-05-09,1,True,2.0
1906,2026-03-10,App,True,2026-03-11,2026-04-10,5,False,4.0
1907,2026-03-26,Referral,True,2026-03-26,2026-04-25,3,True,2.0
1908,2026-05-08,Referral,False,,2026-05-23,0,True,
1909,2026-03-25,App,False,,2026-05-09,0,True,
1910,2026-05-09,Web,False,,2026-06-06,0,True,
1911,2026-05-23,Web,True,2026-05-25,2026-07-10,3,False,1.0
1912,2026-06-16,App,False,,2026-08-14,0,False,
1913,2026-03-09,Referral,True,2026-03-12,2026-04-04,2,False,5.0
1914,2026-04-13,App,True,2026-04-16,2026-04-24,2,False,4.0
1915,2026-05-07,App,True,2026-05-07,2026-05-20,5,False,4.0
1916,2026-03-11,Referral,True,2026-03-12,2026-03-30,2,False,5.0
1917,2026-05-11,Referral,True,2026-05-13,2026-06-03,5,False,2.0
1918,2026-06-25,App,True,2026-06-28,2026-08-05,5,False,3.0
1919,2026-04-22,Referral,True,2026-04-25,2026-04-30,3,False,4.0
1920,2026-03-19,App,False,,2026-03-21,0,True,
1921,2026-06-27,App,True,2026-06-30,2026-08-16,7,False,2.0
1922,2026-07-05,Web,False,,2026-07-22,0,True,
1923,2026-06-21,Web,True,2026-06-22,2026-06-28,3,False,5.0
1924,2026-06-28,App,False,,2026-07-19,0,True,
1925,2026-08-15,App,True,2026-08-17,2026-09-06,6,False,5.0
1926,2026-08-01,Web,True,2026-08-02,2026-09-27,3,False,1.0
1927,2026-05-11,App,True,2026-05-12,2026-06-28,3,False,2.0
1928,2026-04-16,App,False,,2026-05-15,0,True,
1929,2026-07-13,Referral,False,,2026-08-24,0,True,
1930,2026-07-26,App,True,2026-07-28,2026-08-25,2,False,4.0
1931,2026-07-06,Web,True,2026-07-06,2026-07-25,1,False,3.0
1932,2026-06-27,App,True,2026-06-27,2026-07-05,3,False,2.0
1933,2026-07-03,Web,True,2026-07-05,2026-08-06,5,True,4.0
1934,2026-07-13,App,True,2026-07-15,2026-08-01,5,False,5.0
1935,2026-08-16,App,True,2026-08-19,2026-09-25,1,False,2.0
1936,2026-07-24,Web,True,2026-07-27,2026-07-29,2,False,5.0
1937,2026-07-25,Web,True,2026-07-28,2026-09-11,2,False,2.0
1938,2026-07-09,Web,True,2026-07-11,2026-08-24,1,False,3.0
1939,2026-04-12,Referral,True,2026-04-13,2026-05-24,5,False,3.0
1940,2026-03-09,App,False,,2026-04-28,0,True,
1941,2026-03-23,App,False,,2026-04-27,0,False,
1942,2026-03-27,App,False,,2026-05-05,0,True,
1943,2026-06-11,Web,False,,2026-07-29,0,True,
1944,2026-05-19,Web,True,2026-05-20,2026-07-04,4,False,5.0
1945,2026-07-24,App,True,2026-07-24,2026-08-31,3,False,3.0
1946,2026-07-31,App,True,2026-07-31,2026-09-13,2,False,1.0
1947,2026-03-20,App,False,,2026-04-29,0,True,
1948,2026-05-08,Web,True,2026-05-11,2026-06-26,3,False,1.0
1949,2026-05-05,Web,True,2026-05-08,2026-05-08,7,True,1.0
1950,2026-03-30,App,True,2026-04-01,2026-04-20,3,False,2.0
1951,2026-04-05,App,False,,2026-05-17,0,True,
1952,2026-06-12,App,False,,2026-07-02,0,False,
1953,2026-05-03,Referral,False,,2026-06-03,0,True,
1954,2026-07-14,Web,False,,2026-08-27,0,True,
1955,2026-08-01,Web,True,2026-08-03,2026-09-17,4,False,1.0
1956,2026-03-09,App,False,,2026-04-03,0,False,
1957,2026-07-29,App,False,,2026-07-30,0,True,
1958,2026-05-11,Web,True,2026-05-13,2026-06-19,4,True,5.0
1959,2026-03-29,Web,False,,2026-05-05,0,True,
1960,2026-07-29,Referral,True,2026-07-29,2026-09-21,4,False,2.0
1961,2026-06-18,Web,True,2026-06-20,2026-07-06,2,True,2.0
1962,2026-03-18,App,True,2026-03-19,2026-05-03,3,False,1.0
1963,2026-07-12,Web,True,2026-07-12,2026-07-21,0,False,
1964,2026-04-21,Web,False,,2026-05-03,0,True,
1965,2026-06-03,Referral,True,2026-06-03,2026-06-18,3,False,5.0
1966,2026-08-08,Web,True,2026-08-08,2026-09-18,7,True,3.0
1967,2026-05-05,App,True,2026-05-05,2026-05-19,1,False,4.0
1968,2026-07-16,Referral,False,,2026-09-03,0,True,
1969,2026-07-10,Referral,True,2026-07-13,2026-07-28,3,False,1.0
1970,2026-04-21,Web,False,,2026-06-10,0,True,
1971,2026-07-08,App,True,2026-07-08,2026-07-17,6,False,4.0
1972,2026-03-16,App,True,2026-03-17,2026-04-23,3,False,1.0
1973,2026-02-26,App,True,2026-02-28,2026-03-19,3,False,5.0
1974,2026-08-13,Referral,True,2026-08-15,2026-09-23,5,False,1.0
1975,2026-03-30,App,True,2026-03-31,2026-04-09,2,True,3.0
1976,2026-02-28,App,True,2026-03-01,2026-04-28,4,False,3.0
1977,2026-04-04,Web,True,2026-04-05,2026-05-08,2,False,4.0
1978,2026-08-13,Web,False,,2026-09-15,0,True,
1979,2026-08-09,Web,False,,2026-08-17,0,False,
1980,2026-07-27,App,False,,2026-08-01,0,True,
1981,2026-03-23,Web,True,2026-03-26,2026-05-16,4,True,1.0
1982,2026-05-09,App,False,,2026-06-03,0,False,
1983,2026-05-12,Web,True,2026-05-14,2026-06-07,2,True,1.0
1984,2026-05-22,Web,True,2026-05-22,2026-07-18,2,False,2.0
1985,2026-05-13,App,True,2026-05-15,2026-05-22,4,False,2.0
1986,2026-02-24,App,False,,2026-03-08,0,True,
1987,2026-03-16,Referral,False,,2026-04-28,0,True,
1988,2026-06-08,App,True,2026-06-09,2026-07-22,3,False,2.0
1989,2026-04-29,App,False,,2026-06-11,0,True,
1990,2026-08-12,App,True,2026-08-14,2026-09-13,1,False,5.0
1991,2026-08-14,App,False,,2026-09-26,0,True,
1992,2026-05-14,App,False,,2026-06-08,0,True,
1993,2026-07-17,App,True,2026-07-20,2026-08-15,2,False,1.0
1994,2026-04-27,Web,True,2026-04-30,2026-05-20,3,False,4.0
1995,2026-04-12,Referral,False,,2026-05-19,0,True,
1996,2026-06-24,Web,True,2026-06-26,2026-07-31,6,True,4.0
1997,2026-05-30,Web,False,,2026-06-23,0,False,
1998,2026-04-24,App,True,2026-04-25,2026-06-20,1,False,3.0
1999,2026-06-11,Web,True,2026-06-11,2026-07-26,3,True,2.0
2000,2026-04-10,App,False,,2026-05-12,0,False,
2001,2026-03-01,App,False,,2026-03-17,0,True,
2002,2026-06-03,Referral,True,2026-06-04,2026-07-03,1,True,5.0
2003,2026-04-23,App,True,2026-04-25,2026-04-26,2,False,3.0
2004,2026-02-23,Web,True,2026-02-24,2026-03-16,3,True,2.0
2005,2026-07-02,Referral,False,,2026-08-02,0,True,
2006,2026-06-18,App,True,2026-06-20,2026-07-29,1,False,1.0
2007,2026-07-09,Referral,True,2026-07-10,2026-09-05,5,False,4.0
2008,2026-03-25,Web,False,,2026-04-24,0,True,
2009,2026-03-22,Web,True,2026-03-25,2026-04-08,3,False,4.0
2010,2026-08-16,App,True,2026-08-16,2026-08-18,5,False,5.0
2011,2026-07-23,Web,False,,2026-08-10,0,True,
2012,2026-06-04,App,False,,2026-06-05,0,False,
2013,2026-04-22,App,False,,2026-05-13,0,True,
2014,2026-08-07,App,True,2026-08-08,2026-08-18,4,False,4.0
2015,2026-04-14,App,False,,2026-05-01,0,True,
2016,2026-03-12,App,True,2026-03-12,2026-04-25,4,True,3.0
2017,2026-06-08,App,True,2026-06-11,2026-08-06,2,False,4.0
2018,2026-05-18,Web,False,,2026-07-11,0,True,
2019,2026-04-09,App,True,2026-04-10,2026-05-02,3,False,4.0
2020,2026-02-26,App,True,2026-03-01,2026-02-28,5,False,2.0
2021,2026-06-29,Referral,False,,2026-07-05,0,True,
2022,2026-07-08,Web,True,2026-07-09,2026-07-24,3,False,4.0
2023,2026-03-27,Referral,True,2026-03-28,2026-04-12,2,True,3.0
2024,2026-05-09,App,True,2026-05-10,2026-06-26,3,False,4.0
2025,2026-07-04,Web,True,2026-07-06,2026-08-19,2,False,4.0
2026,2026-08-18,Web,False,,2026-08-22,0,True,
2027,2026-05-10,App,True,2026-05-11,2026-07-03,2,False,3.0
2028,2026-03-19,Web,False,,2026-04-09,0,True,
2029,2026-05-13,App,False,,2026-05-22,0,False,
2030,2026-07-27,App,True,2026-07-28,2026-08-18,8,False,2.0
2031,2026-04-21,Referral,False,,2026-06-13,0,True,
2032,2026-08-17,Referral,False,,2026-08-27,0,True,
2033,2026-06-10,Web,False,,2026-06-25,0,True,
2034,2026-04-29,Web,True,2026-04-29,2026-06-17,3,False,3.0
2035,2026-06-16,App,True,2026-06-17,2026-07-23,4,True,5.0
2036,2026-06-21,Web,False,,2026-06-29,0,True,
2037,2026-04-10,App,True,2026-04-13,2026-04-30,4,False,2.0
2038,2026-04-27,Web,False,,2026-05-16,0,True,
2039,2026-08-02,App,False,,2026-08-16,0,True,
2040,2026-05-22,App,False,,2026-07-12,0,False,
2041,2026-03-04,App,True,2026-03-06,2026-03-30,1,False,1.0
2042,2026-04-21,Web,True,2026-04-23,2026-06-05,7,True,3.0
2043,2026-06-10,App,False,,2026-07-30,0,True,
2044,2026-03-24,Web,True,2026-03-26,2026-05-20,1,False,4.0
2045,2026-07-28,App,True,2026-07-31,2026-08-05,2,False,2.0
2046,2026-05-13,App,True,2026-05-15,2026-06-22,3,False,5.0
2047,2026-05-23,App,True,2026-05-23,2026-06-20,2,True,1.0
2048,2026-06-11,App,False,,2026-06-18,0,True,
2049,2026-04-11,App,True,2026-04-13,2026-04-26,1,False,3.0
2050,2026-06-05,App,True,2026-06-08,2026-07-07,5,True,4.0
2051,2026-03-20,Web,False,,2026-05-05,0,False,
2052,2026-05-29,Web,True,2026-05-30,2026-07-02,5,False,1.0
2053,2026-04-11,Web,False,,2026-05-24,0,False,
2054,2026-04-05,App,True,2026-04-07,2026-04-25,1,False,3.0
2055,2026-03-05,App,True,2026-03-05,2026-04-12,6,False,1.0
2056,2026-05-07,Referral,True,2026-05-09,2026-06-26,2,False,4.0
2057,2026-05-26,Referral,False,,2026-06-06,0,True,
2058,2026-07-10,App,False,,2026-08-16,0,True,
2059,2026-03-23,App,True,2026-03-24,2026-05-11,4,False,2.0
2060,2026-05-16,App,True,2026-05-19,2026-06-09,2,False,1.0
2061,2026-08-08,App,True,2026-08-10,2026-08-30,5,False,5.0
2062,2026-03-25,Referral,False,,2026-05-16,0,True,
2063,2026-04-08,Web,True,2026-04-11,2026-05-27,6,False,5.0
2064,2026-06-16,Referral,True,2026-06-18,2026-08-14,2,True,2.0
2065,2026-06-20,App,True,2026-06-21,2026-08-16,6,False,5.0
2066,2026-06-18,App,True,2026-06-19,2026-06-26,6,True,2.0
2067,2026-04-22,App,True,2026-04-23,2026-06-02,3,True,3.0
2068,2026-07-18,Web,True,2026-07-20,2026-08-20,3,True,1.0
2069,2026-06-19,Referral,True,2026-06-21,2026-07-25,6,False,4.0
2070,2026-08-01,App,True,2026-08-01,2026-09-24,2,False,4.0
2071,2026-07-30,App,True,2026-07-31,2026-08-12,3,True,2.0
2072,2026-04-23,Web,True,2026-04-25,2026-05-12,3,False,5.0
2073,2026-03-03,Web,False,,2026-03-05,0,True,
2074,2026-04-08,App,True,2026-04-09,2026-05-02,3,False,2.0
2075,2026-07-04,App,True,2026-07-05,2026-07-25,2,False,2.0
2076,2026-05-03,App,True,2026-05-03,2026-06-24,5,False,1.0
2077,2026-05-13,Referral,True,2026-05-16,2026-05-17,4,False,3.0
2078,2026-08-16,App,False,,2026-09-13,0,True,
2079,2026-05-17,App,False,,2026-05-30,0,True,
2080,2026-08-19,Web,False,,2026-10-13,0,True,
2081,2026-05-02,App,False,,2026-06-08,0,False,
2082,2026-03-21,App,True,2026-03-22,2026-04-24,7,False,5.0
2083,2026-06-12,Referral,True,2026-06-14,2026-07-09,4,False,3.0
2084,2026-03-21,App,False,,2026-05-07,0,False,
2085,2026-05-06,Web,False,,2026-05-18,0,True,
2086,2026-05-11,App,True,2026-05-14,2026-05-19,5,False,4.0
2087,2026-06-22,App,False,,2026-08-21,0,True,
2088,2026-07-19,Web,True,2026-07-20,2026-08-26,3,False,2.0
2089,2026-06-09,Web,True,2026-06-10,2026-06-26,2,False,1.0
2090,2026-03-30,App,True,2026-04-02,2026-04-06,1,False,2.0
2091,2026-08-20,Web,True,2026-08-22,2026-10-02,1,True,1.0
2092,2026-06-20,App,True,2026-06-21,2026-08-10,3,False,1.0
2093,2026-08-14,App,False,,2026-09-22,0,True,
2094,2026-05-27,Web,False,,2026-07-20,0,True,
2095,2026-07-12,App,False,,2026-08-04,0,False,
2096,2026-05-19,App,True,2026-05-19,2026-06-14,3,True,2.0
2097,2026-06-14,Web,False,,2026-06-25,0,True,
2098,2026-05-21,App,False,,2026-06-10,0,True,
2099,2026-06-28,Referral,True,2026-06-30,2026-07-20,2,True,3.0
2100,2026-04-18,Referral,False,,2026-05-02,0,True,
2101,2026-03-15,Referral,True,2026-03-16,2026-04-14,4,False,2.0
2102,2026-06-01,Web,True,2026-06-02,2026-07-13,3,False,5.0
2103,2026-04-02,Web,False,,2026-05-27,0,True,
2104,2026-05-19,Web,False,,2026-06-15,0,False,
2105,2026-04-11,Web,True,2026-04-14,2026-06-09,3,False,2.0
2106,2026-06-24,App,True,2026-06-25,2026-08-18,1,True,3.0
2107,2026-07-01,Web,False,,2026-07-14,0,True,
2108,2026-06-11,App,True,2026-06-12,2026-07-27,4,False,3.0
2109,2026-02-22,Web,False,,2026-03-19,0,True,
2110,2026-06-23,Web,False,,2026-07-25,0,True,
2111,2026-06-24,App,True,2026-06-27,2026-07-03,8,False,3.0
2112,2026-06-08,App,True,2026-06-10,2026-06-14,3,False,3.0
2113,2026-06-27,App,True,2026-06-27,2026-06-29,1,False,5.0
2114,2026-04-21,App,True,2026-04-24,2026-04-27,4,False,2.0
2115,2026-06-08,App,True,2026-06-10,2026-07-23,2,False,3.0
2116,2026-02-23,Web,True,2026-02-26,2026-03-16,2,False,1.0
2117,2026-07-19,Web,True,2026-07-21,2026-08-02,4,False,2.0
2118,2026-02-28,Web,True,2026-03-02,2026-03-24,4,False,1.0
2119,2026-05-19,Referral,False,,2026-05-22,0,True,
2120,2026-02-24,Web,False,,2026-04-08,0,True,
2121,2026-06-14,App,False,,2026-06-15,0,True,
2122,2026-04-26,Referral,True,2026-04-26,2026-05-03,5,False,2.0
2123,2026-04-02,Web,True,2026-04-02,2026-05-17,3,False,1.0
2124,2026-04-02,Web,False,,2026-05-20,0,True,
2125,2026-04-03,App,False,,2026-04-24,0,True,
2126,2026-05-10,App,True,2026-05-10,2026-05-27,1,False,3.0
2127,2026-06-26,Web,True,2026-06-26,2026-08-21,4,False,5.0
2128,2026-08-18,Web,False,,2026-10-04,0,False,
2129,2026-07-16,Referral,True,2026-07-17,2026-08-16,7,False,4.0
2130,2026-04-26,Web,True,2026-04-28,2026-06-22,3,True,3.0
2131,2026-06-28,App,False,,2026-08-26,0,False,
2132,2026-06-24,Web,True,2026-06-26,2026-06-27,3,True,2.0
2133,2026-08-13,App,True,2026-08-15,2026-08-21,1,False,2.0
2134,2026-03-30,Referral,False,,2026-05-29,0,True,
2135,2026-05-06,App,True,2026-05-09,2026-06-29,0,True,
2136,2026-05-08,App,False,,2026-06-29,0,True,
2137,2026-07-12,App,True,2026-07-13,2026-07-21,1,False,5.0
2138,2026-03-07,Web,True,2026-03-08,2026-04-11,2,False,3.0
2139,2026-05-27,Web,True,2026-05-27,2026-06-22,2,False,1.0
2140,2026-07-10,Referral,True,2026-07-12,2026-08-16,6,False,5.0
2141,2026-04-24,Referral,True,2026-04-26,2026-06-02,5,False,2.0
2142,2026-05-10,App,True,2026-05-12,2026-07-06,3,True,4.0
2143,2026-05-17,Web,True,2026-05-18,2026-07-01,2,True,1.0
2144,2026-06-07,App,True,2026-06-09,2026-07-18,3,False,4.0
2145,2026-03-09,App,True,2026-03-11,2026-04-04,4,False,4.0
2146,2026-07-10,Web,True,2026-07-10,2026-08-13,0,False,
2147,2026-04-29,Web,True,2026-05-02,2026-05-14,1,False,1.0
2148,2026-08-10,App,False,,2026-09-14,0,True,
2149,2026-06-20,Web,True,2026-06-20,2026-07-07,4,False,1.0
2150,2026-03-01,Referral,True,2026-03-02,2026-04-26,6,False,1.0
2151,2026-07-24,App,False,,2026-08-09,0,False,
2152,2026-06-02,Web,True,2026-06-03,2026-07-04,5,True,2.0
2153,2026-04-10,App,True,2026-04-12,2026-06-01,1,True,1.0
2154,2026-03-01,Web,False,,2026-04-15,0,True,
2155,2026-08-11,App,True,2026-08-12,2026-09-09,5,False,1.0
2156,2026-02-28,App,True,2026-03-01,2026-03-29,3,False,4.0
2157,2026-04-16,App,False,,2026-05-27,0,True,
2158,2026-05-23,Web,True,2026-05-24,2026-06-11,3,True,3.0
2159,2026-06-01,Web,True,2026-06-03,2026-07-19,6,True,1.0
2160,2026-06-13,App,True,2026-06-13,2026-08-06,1,True,1.0
2161,2026-04-28,Web,False,,2026-05-03,0,False,
2162,2026-03-24,App,True,2026-03-24,2026-04-14,2,True,2.0
2163,2026-05-18,App,True,2026-05-19,2026-07-02,4,False,3.0
2164,2026-03-09,Referral,True,2026-03-11,2026-03-18,2,False,3.0
2165,2026-05-17,App,False,,2026-05-23,0,True,
2166,2026-04-23,Web,True,2026-04-26,2026-05-05,1,False,2.0
2167,2026-07-31,App,True,2026-08-03,2026-09-28,4,False,2.0
2168,2026-04-15,Web,False,,2026-05-08,0,True,
2169,2026-05-16,App,True,2026-05-16,2026-07-07,1,False,2.0
2170,2026-07-22,Referral,False,,2026-08-10,0,True,
2171,2026-06-11,Web,False,,2026-07-10,0,True,
2172,2026-05-27,Referral,False,,2026-06-08,0,True,
2173,2026-08-13,Web,True,2026-08-16,2026-10-04,4,False,3.0
2174,2026-03-08,App,False,,2026-05-06,0,True,
2175,2026-05-23,Web,True,2026-05-25,2026-06-08,4,True,4.0
2176,2026-04-12,Web,True,2026-04-15,2026-05-11,2,True,2.0
2177,2026-07-27,Web,False,,2026-09-04,0,True,
2178,2026-03-15,App,False,,2026-04-12,0,True,
2179,2026-07-23,App,True,2026-07-26,2026-08-03,3,False,5.0
2180,2026-07-25,Web,True,2026-07-26,2026-09-06,2,False,4.0
2181,2026-05-15,App,True,2026-05-17,2026-07-02,5,False,3.0
2182,2026-07-22,Referral,True,2026-07-24,2026-08-23,6,False,2.0
2183,2026-04-10,App,True,2026-04-11,2026-04-23,2,False,3.0
2184,2026-03-29,Web,True,2026-04-01,2026-04-13,5,True,1.0
2185,2026-03-12,App,True,2026-03-12,2026-03-30,2,False,2.0
2186,2026-08-13,Web,True,2026-08-13,2026-10-11,0,False,
2187,2026-08-08,Web,False,,2026-09-06,0,True,
2188,2026-04-04,App,True,2026-04-04,2026-04-28,5,False,2.0
2189,2026-07-04,App,False,,2026-07-18,0,True,
2190,2026-07-28,Web,True,2026-07-28,2026-08-11,2,False,4.0
2191,2026-06-19,Referral,True,2026-06-19,2026-07-19,0,False,
2192,2026-07-06,Referral,False,,2026-08-14,0,False,
2193,2026-03-04,App,False,,2026-04-21,0,True,
2194,2026-06-13,Web,True,2026-06-13,2026-08-09,5,False,5.0
2195,2026-05-26,App,False,,2026-05-30,0,True,
2196,2026-06-11,Web,False,,2026-07-26,0,True,
2197,2026-05-21,Referral,False,,2026-06-10,0,True,
2198,2026-03-19,Web,True,2026-03-20,2026-04-28,1,True,3.0
2199,2026-06-10,App,True,2026-06-11,2026-06-23,4,False,2.0
2200,2026-04-20,App,True,2026-04-22,2026-06-02,4,False,2.0
2201,2026-08-03,App,True,2026-08-06,2026-08-13,1,True,5.0
2202,2026-06-09,App,True,2026-06-11,2026-07-05,3,False,5.0
2203,2026-04-25,Web,True,2026-04-28,2026-06-05,2,False,4.0
2204,2026-07-11,Web,True,2026-07-11,2026-07-27,3,False,4.0
2205,2026-07-13,App,True,2026-07-15,2026-08-27,2,False,2.0
2206,2026-07-20,Web,True,2026-07-20,2026-09-16,5,True,2.0
2207,2026-03-08,App,True,2026-03-09,2026-05-04,2,False,2.0
2208,2026-07-02,App,True,2026-07-03,2026-07-10,3,False,3.0
2209,2026-02-26,Web,False,,2026-03-27,0,True,
2210,2026-03-31,App,False,,2026-05-30,0,True,
2211,2026-07-31,App,False,,2026-09-04,0,True,
2212,2026-06-08,App,False,,2026-06-26,0,True,
2213,2026-03-01,App,False,,2026-03-08,0,True,
2214,2026-06-15,App,False,,2026-07-29,0,True,
2215,2026-07-31,Web,True,2026-08-03,2026-09-15,2,False,1.0
2216,2026-06-07,Referral,True,2026-06-09,2026-08-06,3,False,4.0
2217,2026-04-10,Web,True,2026-04-12,2026-04-19,6,False,1.0
2218,2026-04-14,App,True,2026-04-14,2026-06-12,1,True,1.0
2219,2026-08-18,Web,True,2026-08-19,2026-09-16,3,False,2.0
2220,2026-07-07,App,False,,2026-08-21,0,True,
2221,2026-06-29,Web,True,2026-07-02,2026-08-14,4,False,1.0
2222,2026-06-30,Web,False,,2026-07-12,0,True,
2223,2026-05-11,Referral,True,2026-05-13,2026-06-21,2,False,4.0
2224,2026-03-01,App,False,,2026-03-14,0,True,
2225,2026-07-16,App,True,2026-07-19,2026-07-28,1,True,3.0
2226,2026-04-07,App,True,2026-04-10,2026-04-26,0,True,
2227,2026-07-21,Web,True,2026-07-22,2026-09-07,2,False,3.0
2228,2026-06-05,Web,True,2026-06-07,2026-07-10,5,False,4.0
2229,2026-05-15,App,True,2026-05-15,2026-05-31,2,False,5.0
2230,2026-08-12,App,True,2026-08-12,2026-09-30,4,True,5.0
2231,2026-04-09,Web,True,2026-04-09,2026-04-10,2,False,3.0
2232,2026-07-07,App,True,2026-07-10,2026-07-09,4,False,2.0
2233,2026-07-27,Referral,True,2026-07-30,2026-09-08,6,False,5.0
2234,2026-04-13,App,True,2026-04-13,2026-05-29,3,False,3.0
2235,2026-08-16,Web,True,2026-08-18,2026-10-08,5,False,3.0
2236,2026-06-30,Referral,False,,2026-08-09,0,True,
2237,2026-04-02,Web,True,2026-04-04,2026-04-26,2,False,1.0
2238,2026-06-09,Referral,True,2026-06-11,2026-06-10,7,True,2.0
2239,2026-04-16,Web,True,2026-04-18,2026-04-22,8,False,2.0
2240,2026-07-20,Web,True,2026-07-20,2026-07-22,2,True,4.0
2241,2026-06-17,Web,True,2026-06-19,2026-08-15,1,False,1.0
2242,2026-03-31,Referral,True,2026-04-03,2026-05-13,2,True,2.0
2243,2026-05-31,App,True,2026-06-01,2026-06-26,4,True,4.0
2244,2026-07-23,Web,True,2026-07-23,2026-09-08,1,True,2.0
2245,2026-07-26,Web,True,2026-07-27,2026-08-21,6,False,5.0
2246,2026-04-07,App,True,2026-04-09,2026-05-07,3,True,1.0
2247,2026-07-05,App,True,2026-07-06,2026-09-02,3,False,1.0
2248,2026-03-18,App,True,2026-03-20,2026-03-20,3,True,4.0
2249,2026-05-04,Web,True,2026-05-04,2026-06-26,5,False,5.0
2250,2026-06-10,Web,True,2026-06-12,2026-06-12,4,True,2.0
2251,2026-02-24,App,True,2026-02-27,2026-03-20,4,False,5.0
2252,2026-05-19,Web,True,2026-05-22,2026-06-28,5,False,1.0
2253,2026-06-24,App,True,2026-06-24,2026-07-03,3,True,5.0
2254,2026-07-13,App,True,2026-07-14,2026-08-31,5,False,4.0
2255,2026-03-10,Web,True,2026-03-12,2026-03-28,4,False,2.0
2256,2026-05-28,Referral,True,2026-05-31,2026-05-31,1,False,5.0
2257,2026-02-27,App,False,,2026-04-10,0,False,
2258,2026-07-31,App,True,2026-08-02,2026-08-26,5,False,4.0
2259,2026-07-29,App,True,2026-07-30,2026-09-16,1,False,2.0
2260,2026-03-17,Web,True,2026-03-17,2026-04-05,2,True,3.0
2261,2026-06-28,App,False,,2026-07-01,0,True,
2262,2026-03-31,Web,True,2026-04-01,2026-04-23,4,True,4.0
2263,2026-08-15,Referral,True,2026-08-15,2026-10-03,7,True,1.0
2264,2026-03-27,App,False,,2026-05-10,0,False,
2265,2026-06-04,App,True,2026-06-06,2026-06-09,1,True,3.0
2266,2026-05-15,Referral,True,2026-05-16,2026-06-19,2,True,4.0
2267,2026-06-04,Referral,True,2026-06-07,2026-06-11,2,False,3.0
2268,2026-05-11,Web,True,2026-05-14,2026-06-13,3,False,3.0
2269,2026-08-13,App,False,,2026-09-26,0,False,
2270,2026-04-03,Referral,True,2026-04-06,2026-04-19,2,False,5.0
2271,2026-03-27,App,True,2026-03-27,2026-04-17,2,False,5.0
2272,2026-03-23,Web,False,,2026-04-22,0,False,
2273,2026-05-27,App,True,2026-05-28,2026-07-01,4,False,1.0
2274,2026-06-11,App,True,2026-06-14,2026-06-14,4,False,5.0
2275,2026-06-11,Web,False,,2026-08-10,0,True,
2276,2026-07-02,App,True,2026-07-05,2026-08-12,2,True,1.0
2277,2026-03-17,App,True,2026-03-20,2026-04-15,4,False,5.0
2278,2026-06-05,Web,True,2026-06-05,2026-06-29,2,False,4.0
2279,2026-04-12,App,True,2026-04-12,2026-05-15,4,True,5.0
2280,2026-07-06,App,True,2026-07-09,2026-07-12,3,True,1.0
2281,2026-08-05,Web,True,2026-08-06,2026-08-26,5,False,2.0
2282,2026-07-03,Web,True,2026-07-04,2026-07-22,4,True,1.0
2283,2026-08-12,Referral,False,,2026-09-17,0,False,
2284,2026-03-31,Web,False,,2026-05-27,0,True,
2285,2026-07-10,App,True,2026-07-12,2026-08-18,1,False,1.0
2286,2026-07-12,Web,True,2026-07-13,2026-08-11,7,False,5.0
2287,2026-06-15,App,False,,2026-07-06,0,False,
2288,2026-02-25,Web,True,2026-02-25,2026-04-03,1,True,1.0
2289,2026-06-16,Referral,False,,2026-07-13,0,True,
2290,2026-04-03,App,True,2026-04-05,2026-05-15,3,True,2.0
2291,2026-05-07,App,False,,2026-05-08,0,True,
2292,2026-05-07,Referral,True,2026-05-07,2026-05-30,6,True,2.0
2293,2026-05-20,App,True,2026-05-20,2026-06-16,2,True,5.0
2294,2026-07-23,Referral,False,,2026-08-12,0,True,
2295,2026-07-03,Web,False,,2026-08-04,0,True,
2296,2026-07-24,App,False,,2026-09-08,0,False,
2297,2026-06-10,Web,False,,2026-06-30,0,True,
2298,2026-06-04,App,False,,2026-07-14,0,True,
2299,2026-07-31,App,False,,2026-09-05,0,True,
2300,2026-04-29,Web,True,2026-04-30,2026-06-10,2,True,5.0
2301,2026-06-17,Web,True,2026-06-19,2026-07-05,5,False,5.0
2302,2026-06-24,App,False,,2026-08-09,0,True,
2303,2026-06-29,App,True,2026-07-01,2026-08-28,3,True,4.0
2304,2026-06-11,App,True,2026-06-13,2026-07-23,3,True,4.0
2305,2026-04-15,Referral,False,,2026-05-29,0,True,
2306,2026-08-04,Referral,False,,2026-08-13,0,True,
2307,2026-04-16,Web,True,2026-04-16,2026-05-10,1,True,1.0
2308,2026-07-29,App,True,2026-08-01,2026-08-18,2,False,1.0
2309,2026-03-05,App,True,2026-03-05,2026-04-12,5,True,1.0
2310,2026-06-16,App,True,2026-06-16,2026-07-21,5,True,4.0
2311,2026-03-27,Web,False,,2026-04-12,0,True,
2312,2026-07-28,Referral,False,,2026-09-16,0,False,
2313,2026-03-28,App,True,2026-03-31,2026-05-05,5,False,5.0
2314,2026-05-03,App,True,2026-05-03,2026-06-22,6,True,1.0
2315,2026-05-11,App,True,2026-05-11,2026-05-13,2,False,2.0
2316,2026-03-14,Referral,True,2026-03-14,2026-04-15,4,False,4.0
2317,2026-07-26,App,True,2026-07-26,2026-08-09,3,True,5.0
2318,2026-08-18,App,True,2026-08-19,2026-08-26,2,False,5.0
2319,2026-06-06,App,False,,2026-07-06,0,True,
2320,2026-07-08,App,False,,2026-09-01,0,True,
2321,2026-07-01,App,False,,2026-07-30,0,True,
2322,2026-06-13,App,False,,2026-08-06,0,True,
2323,2026-07-17,App,False,,2026-08-11,0,True,
2324,2026-05-11,Web,True,2026-05-14,2026-06-19,3,False,3.0
2325,2026-05-09,App,False,,2026-05-19,0,True,
2326,2026-06-22,Web,False,,2026-07-08,0,True,
2327,2026-07-11,App,False,,2026-07-25,0,False,
2328,2026-03-25,Referral,True,2026-03-26,2026-04-06,1,True,5.0
2329,2026-07-26,App,True,2026-07-26,2026-08-09,4,True,4.0
2330,2026-05-15,Web,False,,2026-06-06,0,True,
2331,2026-02-24,Web,True,2026-02-25,2026-04-02,3,False,2.0
2332,2026-04-29,App,False,,2026-05-05,0,True,
2333,2026-07-05,Web,True,2026-07-05,2026-09-03,2,False,5.0
2334,2026-05-12,App,True,2026-05-12,2026-07-01,5,True,2.0
2335,2026-07-07,Referral,True,2026-07-09,2026-07-08,3,False,4.0
2336,2026-07-21,Web,False,,2026-09-07,0,True,
2337,2026-04-22,App,False,,2026-04-24,0,True,
2338,2026-08-08,App,True,2026-08-09,2026-09-05,4,True,3.0
2339,2026-07-12,App,True,2026-07-12,2026-07-18,0,False,
2340,2026-04-30,Web,True,2026-05-03,2026-05-12,4,False,4.0
2341,2026-07-16,App,False,,2026-08-11,0,False,
2342,2026-02-23,Web,True,2026-02-24,2026-03-03,2,False,5.0
2343,2026-07-31,App,False,,2026-09-25,0,True,
2344,2026-03-08,App,False,,2026-04-09,0,False,
2345,2026-04-25,App,True,2026-04-25,2026-06-17,7,True,4.0
2346,2026-07-30,Web,False,,2026-08-12,0,True,
2347,2026-07-15,Web,True,2026-07-18,2026-09-05,3,False,3.0
2348,2026-04-19,App,True,2026-04-22,2026-04-20,1,False,5.0
2349,2026-05-16,App,False,,2026-05-30,0,True,
2350,2026-03-18,Web,False,,2026-04-29,0,False,
2351,2026-07-25,Web,False,,2026-09-18,0,False,
2352,2026-02-27,App,True,2026-02-27,2026-03-27,6,False,2.0
2353,2026-04-30,Web,False,,2026-06-06,0,False,
2354,2026-03-07,App,False,,2026-03-21,0,True,
2355,2026-05-04,App,True,2026-05-04,2026-06-19,4,False,5.0
2356,2026-07-07,Web,False,,2026-08-13,0,True,
2357,2026-07-01,Web,False,,2026-07-25,0,True,
2358,2026-03-20,App,False,,2026-03-24,0,True,
2359,2026-03-28,App,True,2026-03-29,2026-05-14,1,False,5.0
2360,2026-07-04,App,False,,2026-07-18,0,True,
2361,2026-05-08,Web,True,2026-05-10,2026-05-17,4,False,4.0
2362,2026-06-16,Web,True,2026-06-17,2026-06-17,3,False,1.0
2363,2026-06-27,Referral,False,,2026-08-10,0,True,
2364,2026-07-09,App,True,2026-07-10,2026-08-27,3,True,2.0
2365,2026-07-01,Web,True,2026-07-01,2026-07-19,4,True,5.0
2366,2026-07-19,Referral,True,2026-07-21,2026-09-14,1,True,5.0
2367,2026-05-31,Web,True,2026-05-31,2026-07-13,2,False,2.0
2368,2026-06-02,App,False,,2026-07-30,0,True,
2369,2026-04-26,App,False,,2026-06-17,0,True,
2370,2026-08-09,Web,True,2026-08-11,2026-09-11,6,False,3.0
2371,2026-03-03,Web,True,2026-03-04,2026-04-26,1,False,4.0
2372,2026-03-02,Web,False,,2026-03-18,0,True,
2373,2026-08-01,App,True,2026-08-03,2026-08-20,3,True,1.0
2374,2026-05-28,Web,False,,2026-06-27,0,True,
2375,2026-08-10,Web,True,2026-08-12,2026-08-14,2,False,4.0
2376,2026-05-23,App,True,2026-05-25,2026-07-20,3,False,4.0
2377,2026-05-26,Referral,False,,2026-07-22,0,True,
2378,2026-04-10,App,True,2026-04-13,2026-04-13,5,True,4.0
2379,2026-03-04,App,True,2026-03-04,2026-03-19,1,True,4.0
2380,2026-04-14,App,False,,2026-05-15,0,False,
2381,2026-04-02,Referral,True,2026-04-02,2026-04-29,6,False,3.0
2382,2026-08-19,Referral,False,,2026-09-24,0,True,
2383,2026-08-19,Referral,False,,2026-10-07,0,True,
2384,2026-03-04,Referral,True,2026-03-04,2026-04-08,4,False,5.0
2385,2026-08-16,Referral,True,2026-08-16,2026-09-25,0,False,
2386,2026-05-07,Referral,True,2026-05-10,2026-05-11,1,False,5.0
2387,2026-05-02,App,True,2026-05-03,2026-07-01,3,False,3.0
2388,2026-05-28,App,True,2026-05-30,2026-07-15,2,False,5.0
2389,2026-07-04,Referral,False,,2026-07-15,0,True,
2390,2026-06-27,App,False,,2026-07-14,0,False,
2391,2026-03-20,App,True,2026-03-20,2026-05-01,6,True,1.0
2392,2026-07-19,Web,False,,2026-09-11,0,True,
2393,2026-04-07,App,False,,2026-04-10,0,True,
2394,2026-06-29,Referral,True,2026-07-01,2026-07-19,3,False,5.0
2395,2026-08-01,Web,False,,2026-08-16,0,True,
2396,2026-06-08,Web,True,2026-06-08,2026-07-24,1,False,5.0
2397,2026-07-19,Web,True,2026-07-19,2026-09-08,3,False,3.0
2398,2026-08-20,Web,False,,2026-09-25,0,False,
2399,2026-04-03,App,False,,2026-04-07,0,True,
2400,2026-06-12,Web,True,2026-06-14,2026-07-19,1,False,5.0
2401,2026-05-28,App,True,2026-05-28,2026-06-13,2,False,3.0
2402,2026-03-03,Web,True,2026-03-05,2026-04-03,4,False,3.0
2403,2026-06-19,App,False,,2026-06-24,0,True,
2404,2026-04-21,Web,True,2026-04-21,2026-06-03,1,False,1.0
2405,2026-06-07,App,True,2026-06-10,2026-07-18,3,False,3.0
2406,2026-04-06,App,True,2026-04-08,2026-05-01,1,True,2.0
2407,2026-08-05,App,False,,2026-09-28,0,True,
2408,2026-04-29,App,True,2026-04-29,2026-05-01,1,False,1.0
2409,2026-02-27,App,False,,2026-04-20,0,True,
2410,2026-07-23,App,True,2026-07-24,2026-09-19,5,True,4.0
2411,2026-07-27,App,False,,2026-09-18,0,True,
2412,2026-03-22,App,False,,2026-04-11,0,True,
2413,2026-08-05,App,False,,2026-09-02,0,True,
2414,2026-03-22,App,False,,2026-04-30,0,True,
2415,2026-06-13,Referral,True,2026-06-16,2026-06-19,6,False,1.0
2416,2026-04-11,Web,True,2026-04-13,2026-04-13,4,False,3.0
2417,2026-05-02,Web,True,2026-05-02,2026-05-29,5,False,1.0
2418,2026-04-29,App,True,2026-04-30,2026-05-31,2,False,2.0
2419,2026-06-20,Referral,False,,2026-07-07,0,True,
2420,2026-07-15,App,True,2026-07-16,2026-08-25,2,False,2.0
2421,2026-06-20,Web,True,2026-06-23,2026-07-06,1,True,5.0
2422,2026-06-07,Referral,False,,2026-07-23,0,True,
2423,2026-08-16,Web,False,,2026-09-29,0,False,
2424,2026-05-16,Referral,False,,2026-05-18,0,False,
2425,2026-04-12,App,True,2026-04-15,2026-04-26,3,False,5.0
2426,2026-05-24,Web,True,2026-05-26,2026-06-27,2,False,5.0
2427,2026-05-20,Web,True,2026-05-21,2026-05-23,2,False,2.0
2428,2026-03-31,Referral,False,,2026-05-27,0,True,
2429,2026-06-21,App,False,,2026-08-02,0,False,
2430,2026-08-14,Web,False,,2026-08-21,0,True,
2431,2026-06-30,App,True,2026-07-01,2026-07-31,3,True,5.0
2432,2026-05-06,Web,False,,2026-07-04,0,True,
2433,2026-04-09,App,True,2026-04-10,2026-05-03,2,False,2.0
2434,2026-07-11,App,False,,2026-08-23,0,True,
2435,2026-05-14,Web,True,2026-05-14,2026-05-26,4,True,4.0
2436,2026-07-08,Referral,True,2026-07-11,2026-08-19,6,False,5.0
2437,2026-08-10,Referral,True,2026-08-12,2026-08-17,4,False,2.0
2438,2026-05-17,Web,False,,2026-06-01,0,True,
2439,2026-07-07,Web,True,2026-07-08,2026-08-04,3,False,1.0
2440,2026-04-17,App,True,2026-04-18,2026-05-18,7,False,1.0
2441,2026-08-06,App,False,,2026-08-14,0,True,
2442,2026-07-19,App,True,2026-07-19,2026-09-06,3,False,3.0
2443,2026-07-04,Web,True,2026-07-07,2026-08-27,2,False,2.0
2444,2026-04-19,Web,False,,2026-05-19,0,True,
2445,2026-06-25,Web,False,,2026-07-10,0,True,
2446,2026-04-14,App,False,,2026-05-22,0,True,
2447,2026-02-25,App,True,2026-02-26,2026-03-19,2,False,5.0
2448,2026-04-22,Web,False,,2026-05-19,0,True,
2449,2026-04-05,App,False,,2026-05-30,0,True,
2450,2026-04-05,Referral,True,2026-04-08,2026-05-17,0,False,
2451,2026-07-17,Referral,False,,2026-09-08,0,True,
2452,2026-03-14,Web,False,,2026-05-07,0,True,
2453,2026-07-20,Web,True,2026-07-21,2026-07-31,4,False,3.0
2454,2026-03-09,Web,True,2026-03-10,2026-04-05,2,False,4.0
2455,2026-06-21,App,False,,2026-07-18,0,True,
2456,2026-05-13,App,False,,2026-06-26,0,True,
2457,2026-04-28,Referral,False,,2026-06-27,0,True,
2458,2026-05-08,App,True,2026-05-11,2026-07-02,0,True,
2459,2026-07-30,App,True,2026-07-30,2026-08-02,4,False,4.0
2460,2026-04-20,Referral,True,2026-04-20,2026-05-20,1,True,1.0
2461,2026-08-08,App,True,2026-08-11,2026-08-22,3,True,3.0
2462,2026-05-28,Referral,True,2026-05-31,2026-07-20,3,False,1.0
2463,2026-07-01,Web,False,,2026-07-18,0,True,
2464,2026-04-22,Web,True,2026-04-25,2026-05-26,3,False,5.0
2465,2026-03-10,Web,True,2026-03-12,2026-05-06,1,True,3.0
2466,2026-08-10,Referral,False,,2026-10-02,0,True,
2467,2026-04-15,App,False,,2026-06-05,0,True,
2468,2026-07-31,App,True,2026-08-01,2026-08-16,4,True,4.0
2469,2026-07-10,Referral,False,,2026-08-08,0,True,
2470,2026-03-07,Referral,True,2026-03-09,2026-03-16,6,True,2.0
2471,2026-06-11,App,False,,2026-07-29,0,True,
2472,2026-04-04,App,True,2026-04-04,2026-05-21,3,False,5.0
2473,2026-03-16,Web,True,2026-03-17,2026-03-30,5,False,4.0
2474,2026-05-14,Referral,True,2026-05-16,2026-07-08,4,False,2.0
2475,2026-03-17,Web,True,2026-03-17,2026-04-27,3,True,4.0
2476,2026-07-19,Web,True,2026-07-22,2026-07-21,2,True,2.0
2477,2026-06-06,Web,True,2026-06-09,2026-07-30,4,False,4.0
2478,2026-03-13,Web,True,2026-03-16,2026-03-22,1,True,4.0
2479,2026-08-14,App,True,2026-08-15,2026-09-14,3,False,5.0
2480,2026-04-16,App,True,2026-04-18,2026-04-19,5,False,5.0
2481,2026-07-04,Web,True,2026-07-07,2026-07-22,5,True,1.0
2482,2026-07-10,App,True,2026-07-12,2026-08-17,6,False,1.0
2483,2026-08-17,App,True,2026-08-19,2026-09-01,3,False,1.0
2484,2026-06-05,App,True,2026-06-07,2026-06-11,3,False,1.0
2485,2026-05-19,App,True,2026-05-21,2026-06-23,4,False,4.0
2486,2026-04-01,App,False,,2026-04-03,0,False,
2487,2026-06-22,Web,False,,2026-08-03,0,True,
2488,2026-07-11,Web,False,,2026-07-17,0,True,
2489,2026-05-13,Web,False,,2026-05-15,0,True,
2490,2026-06-21,Referral,True,2026-06-22,2026-08-18,5,False,1.0
2491,2026-08-06,Referral,False,,2026-09-20,0,False,
2492,2026-04-21,App,False,,2026-06-12,0,True,
2493,2026-08-02,Web,True,2026-08-04,2026-08-15,6,False,2.0
2494,2026-07-04,Referral,False,,2026-07-10,0,True,
2495,2026-05-09,Web,True,2026-05-11,2026-06-12,5,False,3.0
2496,2026-05-08,Web,False,,2026-05-16,0,False,
2497,2026-04-18,Web,False,,2026-06-11,0,False,
2498,2026-07-18,Web,True,2026-07-19,2026-08-10,4,False,2.0
2499,2026-06-01,App,True,2026-06-01,2026-06-08,2,False,1.0
2500,2026-05-25,App,False,,2026-07-02,0,True,
2501,2026-03-14,Web,True,2026-03-15,2026-04-07,1,False,1.0
2502,2026-05-06,App,True,2026-05-07,2026-05-20,2,False,2.0
2503,2026-06-06,Referral,False,,2026-06-25,0,True,
2504,2026-06-08,Web,True,2026-06-08,2026-07-06,5,False,3.0
2505,2026-03-01,Referral,False,,2026-04-11,0,True,
2506,2026-04-15,App,True,2026-04-17,2026-05-16,3,True,5.0
2507,2026-04-07,App,False,,2026-05-27,0,True,
2508,2026-08-09,App,True,2026-08-11,2026-08-15,4,True,5.0
2509,2026-08-03,Referral,False,,2026-08-24,0,True,
2510,2026-06-15,App,True,2026-06-16,2026-07-28,4,True,4.0
2511,2026-06-05,App,True,2026-06-08,2026-06-22,5,False,2.0
2512,2026-05-11,App,False,,2026-06-16,0,True,
2513,2026-03-01,App,False,,2026-04-07,0,True,
2514,2026-07-08,Referral,False,,2026-08-03,0,True,
2515,2026-04-04,Referral,True,2026-04-06,2026-05-12,4,True,3.0
2516,2026-06-06,App,True,2026-06-07,2026-06-16,1,False,2.0
2517,2026-04-23,Web,False,,2026-05-05,0,True,
2518,2026-03-02,Referral,False,,2026-04-12,0,True,
2519,2026-07-19,App,True,2026-07-22,2026-07-28,1,False,2.0
2520,2026-02-25,Referral,True,2026-02-27,2026-04-17,4,True,3.0
2521,2026-07-18,Web,True,2026-07-20,2026-09-09,5,False,1.0
2522,2026-06-07,Web,False,,2026-06-19,0,False,
2523,2026-04-29,Web,False,,2026-05-15,0,True,
2524,2026-04-03,Web,True,2026-04-03,2026-04-20,4,True,1.0
2525,2026-06-06,App,False,,2026-06-27,0,True,
2526,2026-03-30,Web,False,,2026-04-29,0,True,
2527,2026-05-25,Web,True,2026-05-26,2026-06-04,1,False,1.0
2528,2026-07-23,Web,False,,2026-09-16,0,True,
2529,2026-03-30,App,True,2026-04-01,2026-04-09,1,False,5.0
2530,2026-03-05,Web,True,2026-03-07,2026-04-07,2,True,2.0
2531,2026-06-04,Web,False,,2026-07-05,0,True,
2532,2026-08-19,Web,True,2026-08-22,2026-09-22,6,False,5.0
2533,2026-08-05,Web,True,2026-08-05,2026-08-12,2,False,2.0
2534,2026-08-08,App,True,2026-08-11,2026-08-25,2,True,2.0
2535,2026-06-20,Referral,True,2026-06-23,2026-07-07,3,True,5.0
2536,2026-08-04,Web,True,2026-08-06,2026-08-05,1,True,4.0
2537,2026-03-21,App,True,2026-03-22,2026-03-30,6,True,5.0
2538,2026-03-25,Web,False,,2026-04-11,0,True,
2539,2026-07-12,App,True,2026-07-14,2026-08-16,0,True,
2540,2026-03-05,App,True,2026-03-08,2026-04-05,0,True,
2541,2026-04-01,App,True,2026-04-02,2026-05-16,6,False,2.0
2542,2026-04-09,Referral,True,2026-04-11,2026-05-02,2,True,1.0
2543,2026-03-09,Referral,False,,2026-04-08,0,True,
2544,2026-03-28,App,False,,2026-04-26,0,True,
2545,2026-03-16,Web,False,,2026-03-25,0,True,
2546,2026-05-09,Referral,False,,2026-06-05,0,True,
2547,2026-05-31,Web,False,,2026-06-23,0,False,
2548,2026-07-05,App,True,2026-07-07,2026-08-22,2,False,5.0
2549,2026-08-03,App,True,2026-08-03,2026-08-13,0,False,
2550,2026-08-05,Web,False,,2026-09-27,0,True,
2551,2026-06-01,App,True,2026-06-04,2026-07-09,6,True,1.0
2552,2026-03-15,App,False,,2026-03-23,0,False,
2553,2026-05-21,App,True,2026-05-21,2026-05-30,3,True,4.0
2554,2026-05-30,App,True,2026-06-01,2026-07-08,5,True,5.0
2555,2026-07-18,App,True,2026-07-21,2026-08-23,5,True,2.0
2556,2026-03-27,Web,True,2026-03-28,2026-04-24,4,False,4.0
2557,2026-06-28,App,True,2026-06-29,2026-08-11,2,False,2.0
2558,2026-05-16,Referral,False,,2026-06-05,0,True,
2559,2026-07-17,Web,False,,2026-08-24,0,False,
2560,2026-07-16,Web,True,2026-07-16,2026-08-14,2,False,1.0
2561,2026-05-19,App,True,2026-05-19,2026-07-10,2,False,5.0
2562,2026-04-16,Web,True,2026-04-18,2026-05-05,4,False,2.0
2563,2026-02-22,Referral,True,2026-02-22,2026-04-01,4,True,5.0
2564,2026-03-20,App,False,,2026-05-04,0,True,
2565,2026-05-14,Referral,False,,2026-06-01,0,True,
2566,2026-08-05,App,True,2026-08-07,2026-08-18,2,False,2.0
2567,2026-04-11,App,True,2026-04-12,2026-05-14,3,False,2.0
2568,2026-04-09,App,True,2026-04-12,2026-05-31,4,True,1.0
2569,2026-07-16,Referral,False,,2026-08-21,0,True,
2570,2026-05-08,Web,True,2026-05-11,2026-06-24,1,False,4.0
2571,2026-04-17,Web,False,,2026-05-17,0,True,
2572,2026-06-26,Web,True,2026-06-29,2026-07-11,2,True,1.0
2573,2026-03-26,Web,False,,2026-04-15,0,True,
2574,2026-06-10,App,False,,2026-06-27,0,True,
2575,2026-08-17,Web,True,2026-08-18,2026-08-25,2,False,3.0
2576,2026-03-17,Web,True,2026-03-17,2026-04-01,2,True,2.0
2577,2026-04-23,Web,False,,2026-05-09,0,True,
2578,2026-08-17,App,True,2026-08-20,2026-09-04,1,False,3.0
2579,2026-05-27,Referral,True,2026-05-29,2026-07-14,7,False,1.0
2580,2026-05-28,App,True,2026-05-30,2026-07-18,3,False,4.0
2581,2026-05-13,Referral,True,2026-05-13,2026-05-29,3,False,4.0
2582,2026-04-05,Web,True,2026-04-06,2026-06-01,4,False,4.0
2583,2026-07-30,Web,True,2026-07-30,2026-08-22,1,True,1.0
2584,2026-06-18,App,False,,2026-06-21,0,True,
2585,2026-04-15,Referral,False,,2026-05-17,0,False,
2586,2026-03-15,App,False,,2026-03-21,0,True,
2587,2026-08-07,Web,True,2026-08-09,2026-08-09,2,False,2.0
2588,2026-08-03,Web,True,2026-08-05,2026-08-21,8,False,1.0
2589,2026-07-01,Web,True,2026-07-02,2026-08-04,3,True,2.0
2590,2026-05-30,App,True,2026-05-31,2026-07-18,4,False,2.0
2591,2026-03-22,App,False,,2026-04-03,0,False,
2592,2026-07-20,Web,True,2026-07-20,2026-07-30,5,False,5.0
2593,2026-07-09,Web,True,2026-07-09,2026-07-29,2,False,1.0
2594,2026-06-02,Web,True,2026-06-05,2026-06-10,0,False,
2595,2026-06-10,App,True,2026-06-10,2026-07-31,3,False,2.0
2596,2026-06-17,Web,True,2026-06-20,2026-06-24,4,True,2.0
2597,2026-07-20,Web,True,2026-07-23,2026-07-30,3,True,5.0
2598,2026-05-02,App,True,2026-05-04,2026-06-07,3,False,2.0
2599,2026-07-20,App,True,2026-07-22,2026-07-28,4,True,1.0
2600,2026-05-09,App,True,2026-05-10,2026-06-06,2,True,2.0
2601,2026-08-06,App,True,2026-08-08,2026-09-26,5,False,4.0
2602,2026-03-07,Referral,True,2026-03-09,2026-03-26,3,False,1.0
2603,2026-03-11,App,True,2026-03-11,2026-04-12,3,False,4.0
2604,2026-06-08,Web,True,2026-06-09,2026-06-21,4,False,5.0
2605,2026-03-24,App,True,2026-03-24,2026-04-11,4,False,4.0
2606,2026-07-13,App,True,2026-07-14,2026-08-13,2,True,4.0
2607,2026-07-27,App,False,,2026-08-23,0,True,
2608,2026-04-10,App,True,2026-04-12,2026-04-14,2,True,5.0
2609,2026-04-18,App,True,2026-04-18,2026-05-31,3,False,5.0
2610,2026-05-25,App,True,2026-05-28,2026-06-17,1,True,4.0
2611,2026-08-20,App,True,2026-08-20,2026-08-31,2,True,4.0
2612,2026-07-27,App,True,2026-07-29,2026-08-16,1,False,4.0
2613,2026-08-18,App,False,,2026-09-05,0,False,
2614,2026-08-14,Web,True,2026-08-14,2026-09-19,6,False,3.0
2615,2026-03-04,Web,True,2026-03-05,2026-04-17,7,False,3.0
2616,2026-07-08,Web,False,,2026-07-24,0,True,
2617,2026-04-22,App,True,2026-04-25,2026-06-16,2,False,2.0
2618,2026-03-30,Web,True,2026-03-31,2026-04-11,3,False,2.0
2619,2026-04-01,App,True,2026-04-02,2026-04-21,4,True,4.0
2620,2026-07-08,App,True,2026-07-09,2026-08-01,3,True,5.0
2621,2026-03-08,Web,True,2026-03-08,2026-04-27,3,True,3.0
2622,2026-05-08,Referral,False,,2026-05-25,0,True,
2623,2026-04-23,Web,True,2026-04-24,2026-06-11,1,True,5.0
2624,2026-06-05,Web,True,2026-06-07,2026-08-04,0,False,
2625,2026-06-13,Web,True,2026-06-13,2026-08-07,3,False,4.0
2626,2026-08-05,App,True,2026-08-05,2026-08-28,3,True,5.0
2627,2026-07-04,Web,True,2026-07-05,2026-08-14,5,False,1.0
2628,2026-02-28,App,True,2026-03-02,2026-03-08,1,False,2.0
2629,2026-06-12,Web,True,2026-06-15,2026-08-08,6,False,5.0
2630,2026-03-10,App,True,2026-03-10,2026-04-09,1,True,2.0
2631,2026-03-29,Web,True,2026-03-31,2026-04-26,5,False,5.0
2632,2026-03-28,App,True,2026-03-31,2026-04-17,4,True,1.0
2633,2026-08-09,App,False,,2026-08-31,0,True,
2634,2026-07-31,Referral,True,2026-08-03,2026-09-29,3,True,1.0
2635,2026-05-21,App,True,2026-05-23,2026-05-30,2,True,5.0
2636,2026-05-08,App,False,,2026-06-03,0,True,
2637,2026-03-14,App,False,,2026-03-25,0,True,
2638,2026-08-01,Referral,True,2026-08-01,2026-08-20,3,True,3.0
2639,2026-05-09,App,False,,2026-05-17,0,False,
2640,2026-04-23,App,True,2026-04-25,2026-05-22,4,False,4.0
2641,2026-05-28,App,True,2026-05-31,2026-06-24,2,True,5.0
2642,2026-04-09,App,True,2026-04-12,2026-05-13,2,True,2.0
2643,2026-08-03,App,True,2026-08-05,2026-09-04,4,False,4.0
2644,2026-06-29,Web,True,2026-06-29,2026-07-20,1,False,2.0
2645,2026-03-05,App,False,,2026-04-07,0,True,
2646,2026-04-30,Referral,True,2026-05-01,2026-06-20,2,False,4.0
2647,2026-06-26,App,False,,2026-07-15,0,True,
2648,2026-03-29,App,False,,2026-05-22,0,True,
2649,2026-06-08,App,False,,2026-07-13,0,True,
2650,2026-04-02,App,True,2026-04-04,2026-05-15,3,True,4.0
2651,2026-07-19,Web,True,2026-07-20,2026-08-03,2,True,3.0
2652,2026-03-13,Web,True,2026-03-13,2026-05-03,4,True,1.0
2653,2026-03-23,Referral,False,,2026-05-20,0,True,
2654,2026-07-29,App,True,2026-07-31,2026-09-20,1,False,4.0
2655,2026-07-27,App,False,,2026-09-24,0,True,
2656,2026-04-20,App,False,,2026-04-22,0,True,
2657,2026-08-13,App,True,2026-08-14,2026-10-11,2,False,5.0
2658,2026-07-20,App,True,2026-07-23,2026-09-02,0,True,
2659,2026-03-09,App,False,,2026-03-13,0,True,
2660,2026-04-21,App,False,,2026-06-13,0,True,
2661,2026-04-10,App,True,2026-04-11,2026-04-26,1,True,5.0
2662,2026-05-07,App,False,,2026-06-24,0,False,
2663,2026-05-17,App,False,,2026-05-26,0,True,
2664,2026-06-23,App,True,2026-06-25,2026-08-06,5,True,3.0
2665,2026-05-18,App,False,,2026-06-07,0,False,
2666,2026-07-02,Web,True,2026-07-05,2026-08-20,5,True,4.0
2667,2026-07-21,App,False,,2026-09-13,0,True,
2668,2026-03-15,App,True,2026-03-16,2026-04-23,1,False,5.0
2669,2026-04-17,App,False,,2026-06-06,0,True,
2670,2026-07-30,App,False,,2026-08-25,0,True,
2671,2026-08-17,Referral,True,2026-08-20,2026-08-19,4,False,5.0
2672,2026-05-30,Web,False,,2026-06-18,0,False,
2673,2026-08-20,App,True,2026-08-23,2026-10-16,3,True,5.0
2674,2026-07-06,Web,True,2026-07-09,2026-08-03,2,False,2.0
2675,2026-04-29,App,True,2026-04-30,2026-06-23,5,False,4.0
2676,2026-07-21,App,True,2026-07-21,2026-08-06,1,True,5.0
2677,2026-07-26,App,True,2026-07-26,2026-08-16,2,False,2.0
2678,2026-07-16,App,True,2026-07-16,2026-09-09,1,False,2.0
2679,2026-03-19,App,True,2026-03-21,2026-04-25,0,False,
2680,2026-06-07,App,True,2026-06-09,2026-06-16,3,False,2.0
2681,2026-05-16,Web,False,,2026-07-01,0,True,
2682,2026-05-12,Web,True,2026-05-15,2026-06-21,1,True,5.0
2683,2026-03-10,Referral,True,2026-03-13,2026-03-22,4,False,2.0
2684,2026-04-26,App,False,,2026-05-15,0,True,
2685,2026-03-23,Referral,True,2026-03-23,2026-03-27,3,True,4.0
2686,2026-06-11,App,False,,2026-07-28,0,True,
2687,2026-03-09,Web,False,,2026-04-08,0,True,
2688,2026-04-16,Referral,True,2026-04-18,2026-05-10,3,False,4.0
2689,2026-02-23,Web,True,2026-02-26,2026-03-09,2,True,3.0
2690,2026-03-30,Referral,False,,2026-05-28,0,True,
2691,2026-08-12,Web,False,,2026-09-11,0,True,
2692,2026-06-01,Referral,False,,2026-07-26,0,False,
2693,2026-07-11,App,False,,2026-07-16,0,True,
2694,2026-03-11,Web,True,2026-03-14,2026-05-08,2,True,3.0
2695,2026-07-03,App,True,2026-07-04,2026-08-10,1,False,2.0
2696,2026-03-07,App,True,2026-03-07,2026-04-17,5,False,3.0
2697,2026-04-24,App,True,2026-04-24,2026-06-04,6,False,5.0
2698,2026-03-18,App,False,,2026-04-26,0,True,
2699,2026-04-13,Web,False,,2026-05-14,0,True,
2700,2026-06-28,App,False,,2026-07-24,0,True,
2701,2026-05-31,Web,False,,2026-06-09,0,True,
2702,2026-05-09,Referral,True,2026-05-11,2026-07-07,4,True,5.0
2703,2026-08-11,Referral,True,2026-08-11,2026-09-02,1,False,5.0
2704,2026-07-20,App,False,,2026-07-24,0,True,
2705,2026-07-17,App,True,2026-07-17,2026-08-24,2,True,1.0
2706,2026-03-15,Web,True,2026-03-17,2026-04-18,1,False,3.0
2707,2026-08-06,Referral,True,2026-08-09,2026-09-03,6,True,4.0
2708,2026-03-01,Web,True,2026-03-04,2026-04-26,2,True,2.0
2709,2026-07-03,Web,True,2026-07-04,2026-08-24,2,True,5.0
2710,2026-07-21,App,True,2026-07-24,2026-09-13,3,False,5.0
2711,2026-04-20,Web,True,2026-04-23,2026-05-04,1,False,2.0
2712,2026-04-04,Web,False,,2026-05-31,0,False,
2713,2026-05-13,Referral,False,,2026-06-18,0,True,
2714,2026-03-05,Referral,True,2026-03-08,2026-04-12,1,False,2.0
2715,2026-03-20,App,True,2026-03-23,2026-04-03,3,False,4.0
2716,2026-07-14,App,True,2026-07-17,2026-08-11,2,True,2.0
2717,2026-02-28,Web,True,2026-02-28,2026-03-11,3,True,2.0
2718,2026-03-04,Web,True,2026-03-06,2026-03-19,5,False,3.0
2719,2026-06-07,App,True,2026-06-07,2026-06-12,4,False,5.0
2720,2026-07-03,Web,True,2026-07-06,2026-08-06,5,True,1.0
2721,2026-04-11,Web,True,2026-04-14,2026-05-26,2,False,4.0
2722,2026-05-31,Web,True,2026-06-01,2026-07-21,3,False,1.0
2723,2026-03-04,App,True,2026-03-05,2026-04-21,5,False,5.0
2724,2026-06-22,App,True,2026-06-22,2026-07-01,2,True,2.0
2725,2026-07-10,Web,True,2026-07-13,2026-07-29,3,False,1.0
2726,2026-07-18,App,False,,2026-08-18,0,True,
2727,2026-03-12,App,False,,2026-05-04,0,True,
2728,2026-07-22,Web,True,2026-07-23,2026-09-09,3,False,5.0
2729,2026-07-01,Web,True,2026-07-02,2026-08-19,3,True,1.0
2730,2026-04-06,App,True,2026-04-06,2026-06-05,3,True,5.0
2731,2026-08-08,App,False,,2026-09-14,0,True,
2732,2026-07-06,App,False,,2026-08-04,0,True,
2733,2026-05-14,App,False,,2026-06-26,0,False,
2734,2026-06-01,App,False,,2026-06-15,0,True,
2735,2026-03-16,App,False,,2026-04-09,0,True,
2736,2026-05-28,App,True,2026-05-31,2026-06-01,0,False,
2737,2026-06-25,App,True,2026-06-27,2026-08-16,1,True,4.0
2738,2026-03-01,App,False,,2026-04-28,0,True,
2739,2026-05-21,Web,True,2026-05-24,2026-07-06,1,True,5.0
2740,2026-03-28,Referral,True,2026-03-28,2026-04-19,4,False,1.0
2741,2026-06-11,Web,False,,2026-08-02,0,False,
2742,2026-07-04,App,True,2026-07-06,2026-08-04,2,False,5.0
2743,2026-06-08,Web,False,,2026-06-19,0,True,
2744,2026-04-26,Referral,False,,2026-05-09,0,True,
2745,2026-08-16,App,True,2026-08-16,2026-09-27,4,False,4.0
2746,2026-05-03,App,True,2026-05-03,2026-06-11,7,False,5.0
2747,2026-05-02,App,True,2026-05-02,2026-06-14,3,True,2.0
2748,2026-06-09,App,False,,2026-08-05,0,True,
2749,2026-05-17,Web,False,,2026-07-10,0,True,
2750,2026-03-02,Referral,False,,2026-04-26,0,False,
2751,2026-02-28,Web,True,2026-02-28,2026-04-22,1,True,5.0
2752,2026-06-30,App,True,2026-06-30,2026-07-14,5,False,3.0
2753,2026-04-05,Referral,True,2026-04-05,2026-05-20,3,False,2.0
2754,2026-08-17,App,False,,2026-10-08,0,False,
2755,2026-05-05,Web,False,,2026-06-20,0,False,
2756,2026-06-06,App,False,,2026-07-26,0,False,
2757,2026-05-21,Web,True,2026-05-21,2026-05-24,5,True,3.0
2758,2026-06-10,Web,True,2026-06-12,2026-07-08,5,True,3.0
2759,2026-05-25,Web,True,2026-05-25,2026-06-16,2,True,3.0
2760,2026-04-19,Referral,True,2026-04-20,2026-05-12,1,True,4.0
2761,2026-03-10,Web,True,2026-03-12,2026-04-24,2,False,5.0
2762,2026-07-13,App,True,2026-07-13,2026-07-21,1,False,4.0
2763,2026-04-12,Web,True,2026-04-15,2026-04-13,1,False,1.0
2764,2026-03-21,Web,False,,2026-05-08,0,True,
2765,2026-04-07,App,True,2026-04-09,2026-05-17,3,False,5.0
2766,2026-05-11,Web,False,,2026-05-21,0,True,
2767,2026-07-01,Referral,True,2026-07-02,2026-07-06,4,True,3.0
2768,2026-04-05,App,True,2026-04-08,2026-05-23,0,False,
2769,2026-05-16,Web,True,2026-05-19,2026-06-06,6,False,3.0
2770,2026-07-02,Web,False,,2026-08-02,0,True,
2771,2026-03-07,App,True,2026-03-09,2026-03-24,3,False,3.0
2772,2026-04-13,App,True,2026-04-16,2026-06-08,4,True,5.0
2773,2026-03-19,Web,True,2026-03-19,2026-04-27,3,False,4.0
2774,2026-03-19,Referral,False,,2026-04-10,0,True,
2775,2026-06-27,App,False,,2026-07-07,0,True,
2776,2026-05-29,App,True,2026-05-29,2026-07-08,3,True,5.0
2777,2026-03-02,Web,True,2026-03-03,2026-04-17,3,False,2.0
2778,2026-03-24,App,False,,2026-05-18,0,True,
2779,2026-08-05,App,True,2026-08-06,2026-09-27,3,False,1.0
2780,2026-08-05,App,True,2026-08-06,2026-08-06,5,False,4.0
2781,2026-07-26,Web,False,,2026-08-29,0,True,
2782,2026-05-31,App,False,,2026-07-12,0,True,
2783,2026-05-04,App,True,2026-05-06,2026-06-04,1,False,2.0
2784,2026-04-16,App,True,2026-04-19,2026-04-21,2,False,3.0
2785,2026-04-23,Referral,True,2026-04-25,2026-06-21,3,False,4.0
2786,2026-04-28,Web,True,2026-04-30,2026-06-07,4,False,1.0
2787,2026-07-09,App,True,2026-07-12,2026-09-04,1,False,3.0
2788,2026-04-17,Web,True,2026-04-18,2026-06-02,4,False,4.0
2789,2026-06-01,App,True,2026-06-02,2026-07-22,2,False,2.0
2790,2026-05-28,App,True,2026-05-30,2026-06-20,2,False,4.0
2791,2026-04-18,Web,False,,2026-05-24,0,True,
2792,2026-03-07,Referral,True,2026-03-09,2026-03-25,7,False,5.0
2793,2026-05-23,App,True,2026-05-23,2026-06-11,2,False,4.0
2794,2026-07-20,App,False,,2026-09-11,0,False,
2795,2026-08-06,Web,True,2026-08-08,2026-09-07,4,False,3.0
2796,2026-08-05,Web,True,2026-08-08,2026-09-18,3,False,3.0
2797,2026-07-30,Web,False,,2026-09-13,0,False,
2798,2026-04-17,App,True,2026-04-17,2026-06-04,2,False,3.0
2799,2026-07-01,App,True,2026-07-04,2026-07-12,8,False,2.0
2800,2026-03-08,App,True,2026-03-10,2026-04-17,2,False,3.0
2801,2026-03-27,App,True,2026-03-30,2026-05-23,5,False,1.0
2802,2026-07-02,App,False,,2026-07-17,0,True,
2803,2026-08-18,App,True,2026-08-18,2026-10-15,2,False,3.0
2804,2026-06-16,App,True,2026-06-18,2026-07-22,2,True,4.0
2805,2026-04-08,App,True,2026-04-08,2026-05-06,7,False,1.0
2806,2026-06-16,App,True,2026-06-17,2026-08-09,3,True,5.0
2807,2026-04-13,App,False,,2026-05-04,0,False,
2808,2026-04-19,App,True,2026-04-21,2026-05-31,4,True,5.0
2809,2026-05-18,Referral,True,2026-05-21,2026-06-17,3,True,2.0
2810,2026-05-25,Web,True,2026-05-26,2026-06-22,2,True,2.0
2811,2026-04-23,Web,True,2026-04-24,2026-05-07,6,False,5.0
2812,2026-04-26,App,True,2026-04-28,2026-06-18,6,False,3.0
2813,2026-04-08,App,True,2026-04-11,2026-05-19,3,True,3.0
2814,2026-06-22,App,True,2026-06-23,2026-07-20,3,False,3.0
2815,2026-08-07,App,False,,2026-09-06,0,True,
2816,2026-06-09,App,True,2026-06-12,2026-08-05,3,False,5.0
2817,2026-05-08,App,False,,2026-05-22,0,True,
2818,2026-03-26,Web,False,,2026-04-01,0,False,
2819,2026-08-17,Web,False,,2026-09-21,0,True,
2820,2026-04-04,Web,False,,2026-04-19,0,True,
2821,2026-05-27,App,True,2026-05-27,2026-07-22,4,False,5.0
2822,2026-03-27,App,True,2026-03-28,2026-05-17,1,False,3.0
2823,2026-05-28,App,True,2026-05-30,2026-07-12,3,False,2.0
2824,2026-08-11,App,False,,2026-08-14,0,True,
2825,2026-07-14,App,False,,2026-08-13,0,False,
2826,2026-06-12,Web,True,2026-06-14,2026-06-18,3,False,2.0
2827,2026-07-04,Web,True,2026-07-04,2026-08-06,7,False,4.0
2828,2026-04-15,App,True,2026-04-16,2026-05-08,4,True,2.0
2829,2026-05-10,App,False,,2026-06-01,0,False,
2830,2026-07-30,Web,True,2026-07-31,2026-08-11,2,False,4.0
2831,2026-02-26,Web,True,2026-02-27,2026-04-01,5,False,3.0
2832,2026-05-21,App,True,2026-05-24,2026-05-30,3,False,4.0
2833,2026-05-27,Web,True,2026-05-30,2026-06-03,1,False,2.0
2834,2026-08-01,Web,True,2026-08-02,2026-09-27,5,False,1.0
2835,2026-05-04,Web,True,2026-05-05,2026-05-24,2,True,1.0
2836,2026-04-09,Web,True,2026-04-09,2026-05-02,3,True,3.0
2837,2026-07-20,Web,False,,2026-08-07,0,True,
2838,2026-04-20,App,False,,2026-06-13,0,True,
2839,2026-07-29,Referral,False,,2026-09-06,0,True,
2840,2026-06-06,Referral,True,2026-06-06,2026-07-18,4,False,5.0
2841,2026-06-14,App,True,2026-06-16,2026-06-18,1,False,1.0
2842,2026-05-09,Web,False,,2026-07-08,0,True,
2843,2026-05-30,App,False,,2026-07-03,0,True,
2844,2026-05-15,Web,True,2026-05-18,2026-06-30,1,False,3.0
2845,2026-04-23,Referral,True,2026-04-25,2026-05-09,1,True,4.0
2846,2026-05-02,App,True,2026-05-04,2026-05-08,1,False,1.0
2847,2026-08-10,App,True,2026-08-12,2026-09-03,1,False,4.0
2848,2026-08-20,App,True,2026-08-23,2026-09-07,1,True,3.0
2849,2026-05-03,App,True,2026-05-06,2026-06-10,4,False,4.0
2850,2026-03-22,Web,False,,2026-04-15,0,False,
2851,2026-07-06,Referral,True,2026-07-08,2026-07-28,7,True,5.0
2852,2026-05-30,Referral,True,2026-05-30,2026-06-04,6,False,3.0
2853,2026-07-05,Referral,True,2026-07-07,2026-08-05,1,False,4.0
2854,2026-07-08,App,True,2026-07-11,2026-08-23,3,True,2.0
2855,2026-07-14,App,True,2026-07-15,2026-08-24,6,False,1.0
2856,2026-03-05,Referral,True,2026-03-05,2026-05-03,4,False,1.0
2857,2026-03-28,Web,False,,2026-05-15,0,True,
2858,2026-06-20,App,True,2026-06-21,2026-08-05,6,False,3.0
2859,2026-03-17,Web,True,2026-03-19,2026-04-04,1,True,2.0
2860,2026-07-20,Web,True,2026-07-23,2026-08-23,3,False,1.0
2861,2026-07-24,Web,True,2026-07-26,2026-07-30,0,False,
2862,2026-07-15,Web,True,2026-07-16,2026-07-18,5,False,5.0
2863,2026-04-06,Web,False,,2026-04-18,0,True,
2864,2026-07-31,Web,True,2026-08-01,2026-08-05,4,True,2.0
2865,2026-06-27,App,False,,2026-07-05,0,False,
2866,2026-06-27,Referral,True,2026-06-28,2026-07-03,5,False,2.0
2867,2026-06-22,App,True,2026-06-25,2026-07-27,0,False,
2868,2026-08-08,Referral,True,2026-08-11,2026-08-26,2,False,5.0
2869,2026-07-15,App,True,2026-07-18,2026-08-14,2,False,4.0
2870,2026-03-31,App,True,2026-03-31,2026-05-11,2,False,5.0
2871,2026-03-26,App,False,,2026-04-05,0,True,
2872,2026-08-18,Web,False,,2026-10-08,0,True,
2873,2026-07-13,App,False,,2026-07-16,0,True,
2874,2026-08-10,App,False,,2026-10-07,0,False,
2875,2026-03-26,App,False,,2026-04-03,0,True,
2876,2026-05-25,App,True,2026-05-25,2026-07-11,1,False,2.0
2877,2026-06-13,App,False,,2026-06-27,0,True,
2878,2026-07-06,App,False,,2026-07-09,0,True,
2879,2026-04-06,App,True,2026-04-06,2026-04-19,5,False,2.0
2880,2026-08-03,App,False,,2026-09-11,0,True,
2881,2026-04-22,App,False,,2026-05-28,0,False,
2882,2026-08-08,App,True,2026-08-09,2026-09-14,7,False,1.0
2883,2026-06-07,App,False,,2026-07-03,0,True,
2884,2026-07-07,App,True,2026-07-09,2026-07-26,3,True,5.0
2885,2026-06-15,App,True,2026-06-16,2026-07-07,4,False,5.0
2886,2026-03-11,App,True,2026-03-13,2026-05-10,5,True,1.0
2887,2026-08-18,Web,True,2026-08-21,2026-10-03,1,True,4.0
2888,2026-03-19,App,True,2026-03-22,2026-04-04,4,True,4.0
2889,2026-08-16,App,False,,2026-09-04,0,True,
2890,2026-07-01,Web,True,2026-07-02,2026-07-06,4,False,4.0
2891,2026-07-15,Web,True,2026-07-17,2026-08-22,4,False,5.0
2892,2026-07-06,Web,True,2026-07-08,2026-08-27,2,True,2.0
2893,2026-05-12,App,False,,2026-06-24,0,False,
2894,2026-06-06,App,True,2026-06-06,2026-07-20,4,False,5.0
2895,2026-03-31,Web,True,2026-04-01,2026-05-03,2,False,5.0
2896,2026-04-25,App,False,,2026-06-15,0,False,
2897,2026-06-21,App,False,,2026-06-26,0,True,
2898,2026-07-14,Referral,True,2026-07-17,2026-08-07,3,False,3.0
2899,2026-07-07,App,False,,2026-07-18,0,True,
2900,2026-07-24,App,False,,2026-08-31,0,True,
2901,2026-03-30,Web,False,,2026-04-04,0,False,
2902,2026-05-04,App,False,,2026-06-05,0,True,
2903,2026-05-13,Referral,True,2026-05-13,2026-06-18,6,False,1.0
2904,2026-06-27,Web,True,2026-06-27,2026-07-25,1,False,2.0
2905,2026-05-13,Web,True,2026-05-14,2026-06-25,1,True,1.0
2906,2026-05-13,App,True,2026-05-14,2026-07-10,6,False,5.0
2907,2026-04-24,App,False,,2026-05-03,0,True,
2908,2026-06-25,Web,False,,2026-06-28,0,True,
2909,2026-06-26,Referral,False,,2026-07-21,0,True,
2910,2026-05-01,Web,True,2026-05-01,2026-05-22,2,False,3.0
2911,2026-06-05,App,True,2026-06-07,2026-07-22,2,True,5.0
2912,2026-07-15,Referral,True,2026-07-17,2026-07-31,4,False,4.0
2913,2026-04-19,App,False,,2026-05-09,0,True,
2914,2026-03-30,App,True,2026-04-01,2026-05-07,2,False,5.0
2915,2026-05-06,App,True,2026-05-06,2026-05-28,5,True,4.0
2916,2026-07-24,Web,False,,2026-09-05,0,True,
2917,2026-04-11,App,True,2026-04-14,2026-05-14,1,False,2.0
2918,2026-07-02,Referral,False,,2026-07-15,0,True,
2919,2026-03-06,App,True,2026-03-08,2026-04-02,7,True,5.0
2920,2026-05-29,App,True,2026-05-30,2026-06-20,3,False,4.0
2921,2026-03-19,Web,True,2026-03-22,2026-04-23,4,False,5.0
2922,2026-02-26,Web,True,2026-02-27,2026-04-01,1,False,2.0
2923,2026-07-06,Web,True,2026-07-08,2026-08-09,5,False,5.0
2924,2026-08-09,Referral,True,2026-08-09,2026-10-06,1,False,3.0
2925,2026-06-16,App,True,2026-06-19,2026-08-12,2,True,1.0
2926,2026-03-28,Referral,True,2026-03-28,2026-04-12,3,False,5.0
2927,2026-02-28,Referral,True,2026-02-28,2026-04-10,1,False,4.0
2928,2026-05-29,Referral,True,2026-05-30,2026-06-29,5,True,1.0
2929,2026-03-11,App,True,2026-03-13,2026-04-17,3,False,5.0
2930,2026-04-15,Web,True,2026-04-17,2026-05-23,5,True,4.0
2931,2026-07-22,Web,True,2026-07-24,2026-07-27,5,True,1.0
2932,2026-06-27,App,False,,2026-07-14,0,False,
2933,2026-06-10,Web,False,,2026-07-14,0,True,
2934,2026-06-15,Web,False,,2026-07-07,0,True,
2935,2026-05-10,App,True,2026-05-11,2026-06-29,1,False,4.0
2936,2026-08-03,App,False,,2026-08-24,0,True,
2937,2026-07-16,App,False,,2026-08-11,0,True,
2938,2026-06-20,Web,True,2026-06-22,2026-07-03,3,True,1.0
2939,2026-03-02,Web,True,2026-03-02,2026-03-11,3,True,1.0
2940,2026-04-20,App,True,2026-04-21,2026-06-10,3,True,5.0
2941,2026-07-15,Web,False,,2026-09-08,0,True,
2942,2026-04-26,Web,True,2026-04-29,2026-05-20,1,False,1.0
2943,2026-06-27,App,False,,2026-08-05,0,True,
2944,2026-04-08,App,True,2026-04-10,2026-05-20,2,True,2.0
2945,2026-03-13,App,False,,2026-03-27,0,True,
2946,2026-07-21,App,True,2026-07-22,2026-08-30,2,False,4.0
2947,2026-03-11,App,True,2026-03-11,2026-05-05,2,False,2.0
2948,2026-04-04,Web,False,,2026-04-26,0,True,
2949,2026-06-30,Web,True,2026-07-02,2026-08-01,7,True,2.0
2950,2026-07-02,Web,False,,2026-08-06,0,True,
2951,2026-05-08,Referral,True,2026-05-10,2026-07-01,4,False,5.0
2952,2026-07-03,Web,True,2026-07-04,2026-08-20,1,False,1.0
2953,2026-04-02,Web,False,,2026-04-28,0,True,
2954,2026-05-28,Referral,False,,2026-07-14,0,True,
2955,2026-05-16,App,False,,2026-05-18,0,True,
2956,2026-03-26,App,True,2026-03-27,2026-05-12,3,False,5.0
2957,2026-02-27,Referral,True,2026-03-02,2026-04-05,4,True,4.0
2958,2026-07-05,App,True,2026-07-07,2026-08-14,4,True,5.0
2959,2026-04-06,Web,True,2026-04-06,2026-05-01,2,True,3.0
2960,2026-04-08,App,False,,2026-04-22,0,True,
2961,2026-07-30,Web,True,2026-07-31,2026-08-15,4,True,2.0
2962,2026-03-07,App,False,,2026-04-05,0,False,
2963,2026-04-03,Web,False,,2026-04-28,0,True,
2964,2026-05-29,App,False,,2026-06-25,0,True,
2965,2026-04-25,App,False,,2026-06-04,0,True,
2966,2026-03-24,Referral,False,,2026-04-27,0,True,
2967,2026-06-28,Web,True,2026-06-28,2026-07-11,1,False,4.0
2968,2026-02-23,App,True,2026-02-25,2026-03-15,2,False,2.0
2969,2026-08-19,App,True,2026-08-22,2026-09-03,4,True,2.0
2970,2026-07-17,Web,True,2026-07-19,2026-09-11,0,False,
2971,2026-03-16,Web,True,2026-03-17,2026-04-02,1,False,3.0
2972,2026-05-19,Web,True,2026-05-19,2026-07-04,5,False,1.0
2973,2026-06-08,Referral,True,2026-06-08,2026-07-21,3,False,2.0
2974,2026-07-12,Web,True,2026-07-14,2026-07-24,3,False,2.0
2975,2026-04-27,Web,True,2026-04-30,2026-05-10,3,True,1.0
2976,2026-06-11,App,True,2026-06-12,2026-07-13,2,True,2.0
2977,2026-06-03,App,True,2026-06-03,2026-07-12,1,False,3.0
2978,2026-05-27,Referral,True,2026-05-30,2026-06-21,2,True,3.0
2979,2026-07-09,Referral,True,2026-07-10,2026-08-14,2,False,5.0
2980,2026-03-04,App,False,,2026-03-09,0,True,
2981,2026-03-02,App,True,2026-03-04,2026-04-07,5,False,1.0
2982,2026-07-11,App,True,2026-07-13,2026-07-25,5,True,1.0
2983,2026-05-21,App,True,2026-05-21,2026-06-25,2,True,1.0
2984,2026-06-04,Referral,False,,2026-07-23,0,True,
2985,2026-06-04,App,True,2026-06-06,2026-06-17,4,False,1.0
2986,2026-06-28,App,True,2026-06-30,2026-07-06,3,True,3.0
2987,2026-08-07,Web,False,,2026-09-29,0,False,
2988,2026-06-12,Web,False,,2026-07-20,0,False,
2989,2026-08-16,App,True,2026-08-17,2026-09-27,1,True,1.0
2990,2026-03-19,Web,False,,2026-03-31,0,False,
2991,2026-06-21,Web,True,2026-06-24,2026-08-19,2,True,1.0
2992,2026-06-01,Web,False,,2026-06-18,0,False,
2993,2026-04-30,App,True,2026-05-01,2026-05-11,2,True,5.0
2994,2026-07-15,Web,False,,2026-09-11,0,True,
2995,2026-04-18,Referral,True,2026-04-21,2026-05-07,2,True,3.0
2996,2026-03-09,App,False,,2026-03-19,0,True,
2997,2026-06-29,App,True,2026-06-30,2026-07-11,7,True,5.0
2998,2026-03-12,App,True,2026-03-12,2026-04-16,2,False,3.0
2999,2026-03-26,App,True,2026-03-28,2026-04-11,6,False,4.0
3000,2026-07-31,App,True,2026-08-03,2026-09-25,5,True,5.0
3001,2026-05-01,Referral,True,2026-05-01,2026-05-13,5,False,5.0
3002,2026-07-09,Web,True,2026-07-09,2026-07-17,1,True,1.0
3003,2026-06-23,App,True,2026-06-24,2026-08-03,3,True,5.0
3004,2026-05-15,App,False,,2026-06-21,0,True,
3005,2026-06-06,Web,False,,2026-07-13,0,True,
3006,2026-05-05,App,True,2026-05-08,2026-05-27,4,False,1.0
3007,2026-04-06,Web,True,2026-04-08,2026-04-12,4,False,1.0
3008,2026-03-28,Web,False,,2026-04-16,0,True,
3009,2026-05-18,Web,True,2026-05-18,2026-06-17,6,False,1.0
3010,2026-04-27,Web,True,2026-04-29,2026-05-21,2,False,5.0
3011,2026-08-16,Web,True,2026-08-18,2026-10-06,4,False,5.0
3012,2026-06-23,App,False,,2026-07-19,0,True,
3013,2026-08-11,Web,False,,2026-09-02,0,False,
3014,2026-03-13,Web,True,2026-03-14,2026-05-06,1,False,2.0
3015,2026-08-18,Web,False,,2026-10-13,0,False,
3016,2026-05-13,Web,False,,2026-06-18,0,False,
3017,2026-04-05,Referral,True,2026-04-05,2026-04-22,1,False,4.0
3018,2026-08-02,Web,True,2026-08-04,2026-08-21,2,False,5.0
3019,2026-07-05,Web,True,2026-07-06,2026-08-01,2,False,1.0
3020,2026-05-30,App,False,,2026-07-28,0,True,
3021,2026-05-13,App,False,,2026-07-07,0,True,
3022,2026-03-12,Web,True,2026-03-14,2026-03-20,3,False,2.0
3023,2026-02-26,App,False,,2026-04-14,0,True,
3024,2026-05-31,Web,True,2026-06-02,2026-07-11,1,True,2.0
3025,2026-03-29,App,True,2026-03-29,2026-05-09,5,False,5.0
3026,2026-08-20,App,True,2026-08-23,2026-09-20,3,False,1.0
3027,2026-08-17,Web,False,,2026-09-17,0,False,
3028,2026-04-10,Referral,True,2026-04-12,2026-04-14,2,True,3.0
3029,2026-04-06,Web,False,,2026-05-02,0,True,
3030,2026-03-24,Web,True,2026-03-27,2026-05-06,2,False,5.0
3031,2026-02-25,Web,False,,2026-04-19,0,False,
3032,2026-04-13,App,True,2026-04-14,2026-04-22,2,True,2.0
3033,2026-06-11,App,False,,2026-07-28,0,False,
3034,2026-03-15,Web,True,2026-03-16,2026-04-20,2,False,1.0
3035,2026-03-24,Web,False,,2026-05-16,0,True,
3036,2026-03-26,Referral,True,2026-03-28,2026-04-20,2,False,1.0
3037,2026-04-21,App,True,2026-04-21,2026-05-16,2,False,2.0
3038,2026-04-10,App,False,,2026-06-04,0,True,
3039,2026-07-04,App,True,2026-07-06,2026-08-31,3,True,1.0
3040,2026-03-24,Web,False,,2026-05-21,0,True,
3041,2026-05-14,App,True,2026-05-14,2026-05-29,1,True,1.0
3042,2026-07-04,App,True,2026-07-07,2026-08-23,2,False,2.0
3043,2026-04-01,Referral,False,,2026-04-13,0,False,
3044,2026-07-08,App,True,2026-07-09,2026-08-08,1,False,2.0
3045,2026-02-27,Web,False,,2026-02-28,0,False,
3046,2026-03-04,Web,True,2026-03-04,2026-03-28,6,True,2.0
3047,2026-05-05,Web,False,,2026-05-10,0,True,
3048,2026-05-16,Referral,True,2026-05-18,2026-05-23,3,True,4.0
3049,2026-07-04,Referral,True,2026-07-06,2026-08-03,1,False,1.0
3050,2026-07-19,Web,True,2026-07-20,2026-07-29,2,False,5.0
3051,2026-07-29,Referral,False,,2026-08-22,0,True,
3052,2026-06-28,Referral,False,,2026-08-05,0,True,
3053,2026-07-24,App,True,2026-07-27,2026-08-24,3,False,1.0
3054,2026-05-14,App,False,,2026-07-06,0,True,
3055,2026-06-09,Web,False,,2026-07-14,0,False,
3056,2026-05-10,Web,True,2026-05-10,2026-06-21,5,False,2.0
3057,2026-06-06,App,True,2026-06-09,2026-07-19,2,True,2.0
3058,2026-08-02,App,True,2026-08-02,2026-09-26,2,False,5.0
3059,2026-05-31,Web,True,2026-06-02,2026-06-09,3,False,4.0
3060,2026-04-15,App,False,,2026-06-08,0,True,
3061,2026-04-05,App,False,,2026-05-31,0,True,
3062,2026-05-14,App,True,2026-05-14,2026-06-29,4,False,3.0
3063,2026-03-05,Web,True,2026-03-08,2026-04-14,0,False,
3064,2026-06-12,Referral,True,2026-06-15,2026-07-05,0,False,
3065,2026-06-18,Web,True,2026-06-19,2026-08-01,0,True,
3066,2026-03-30,Web,True,2026-03-30,2026-04-12,2,False,5.0
3067,2026-08-12,Web,True,2026-08-15,2026-10-02,4,False,5.0
3068,2026-04-27,Web,False,,2026-05-25,0,True,
3069,2026-05-01,Web,True,2026-05-01,2026-06-03,1,True,3.0
3070,2026-02-27,Web,True,2026-02-28,2026-03-16,1,False,2.0
3071,2026-08-10,Web,True,2026-08-10,2026-08-15,3,False,1.0
3072,2026-03-04,App,False,,2026-03-07,0,True,
3073,2026-05-09,Web,False,,2026-06-12,0,False,
3074,2026-05-30,App,True,2026-06-02,2026-07-10,4,False,4.0
3075,2026-04-29,Web,True,2026-04-29,2026-06-10,5,False,3.0
3076,2026-05-30,App,True,2026-06-02,2026-07-12,3,False,2.0
3077,2026-07-29,App,False,,2026-08-12,0,True,
3078,2026-03-19,Referral,False,,2026-04-06,0,True,
3079,2026-07-22,App,True,2026-07-22,2026-07-25,1,False,4.0
3080,2026-07-31,App,True,2026-08-03,2026-09-22,4,False,1.0
3081,2026-03-31,Web,True,2026-03-31,2026-04-13,2,False,2.0
3082,2026-04-21,App,False,,2026-05-15,0,True,
3083,2026-05-02,Web,True,2026-05-05,2026-05-03,3,True,4.0
3084,2026-03-21,App,True,2026-03-23,2026-05-04,4,False,5.0
3085,2026-04-19,App,False,,2026-05-27,0,True,
3086,2026-07-25,App,True,2026-07-25,2026-08-30,4,False,2.0
3087,2026-06-23,App,False,,2026-08-03,0,True,
3088,2026-06-10,Web,True,2026-06-11,2026-07-30,1,True,5.0
3089,2026-06-02,Web,True,2026-06-02,2026-07-02,0,False,
3090,2026-05-16,Referral,True,2026-05-18,2026-06-14,1,False,1.0
3091,2026-07-12,Referral,True,2026-07-12,2026-09-09,5,False,1.0
3092,2026-04-24,Web,False,,2026-06-18,0,True,
3093,2026-05-13,App,True,2026-05-15,2026-06-30,4,True,2.0
3094,2026-05-27,App,True,2026-05-30,2026-07-25,5,False,4.0
3095,2026-07-31,Web,True,2026-07-31,2026-09-11,5,False,5.0
3096,2026-04-16,Web,False,,2026-05-15,0,False,
3097,2026-08-01,Web,True,2026-08-01,2026-09-18,4,False,2.0
3098,2026-06-17,Web,False,,2026-07-27,0,True,
3099,2026-03-15,App,False,,2026-05-03,0,False,
3100,2026-04-29,Web,False,,2026-05-04,0,False,
3101,2026-05-31,Web,False,,2026-06-25,0,True,
3102,2026-04-02,Referral,False,,2026-06-01,0,True,
3103,2026-07-20,App,False,,2026-09-03,0,True,
3104,2026-07-30,App,True,2026-08-02,2026-08-05,2,False,3.0
3105,2026-03-11,Web,True,2026-03-11,2026-04-14,2,False,1.0
3106,2026-07-22,Web,True,2026-07-22,2026-08-18,1,False,1.0
3107,2026-05-02,App,True,2026-05-03,2026-06-27,2,False,5.0
3108,2026-03-08,App,False,,2026-04-23,0,True,
3109,2026-06-18,Web,False,,2026-08-01,0,False,
3110,2026-08-08,Referral,True,2026-08-10,2026-09-23,2,True,3.0
3111,2026-03-07,App,False,,2026-04-23,0,False,
3112,2026-04-23,App,True,2026-04-25,2026-04-24,5,False,3.0
3113,2026-03-08,App,True,2026-03-11,2026-04-05,2,True,1.0
3114,2026-03-05,App,True,2026-03-07,2026-03-19,1,False,3.0
3115,2026-08-03,Web,True,2026-08-06,2026-09-14,0,False,
3116,2026-04-03,Referral,True,2026-04-06,2026-05-14,1,True,1.0
3117,2026-03-14,App,False,,2026-05-04,0,True,
3118,2026-06-13,App,False,,2026-06-26,0,True,
3119,2026-07-26,App,True,2026-07-26,2026-09-18,7,False,2.0
3120,2026-08-01,App,True,2026-08-04,2026-08-22,1,False,2.0
3121,2026-03-09,App,True,2026-03-11,2026-03-19,5,False,1.0
3122,2026-06-21,Referral,False,,2026-07-17,0,True,
3123,2026-05-11,Web,True,2026-05-13,2026-07-05,4,True,3.0
3124,2026-03-26,Web,True,2026-03-28,2026-04-24,2,False,5.0
3125,2026-06-15,App,True,2026-06-17,2026-08-09,3,False,1.0
3126,2026-03-25,App,True,2026-03-28,2026-04-18,5,False,3.0
3127,2026-07-24,Referral,False,,2026-09-01,0,False,
3128,2026-07-15,App,True,2026-07-16,2026-08-13,3,False,5.0
3129,2026-04-30,App,True,2026-05-03,2026-06-08,0,False,
3130,2026-06-19,Web,False,,2026-07-17,0,True,
3131,2026-05-18,App,True,2026-05-19,2026-06-15,3,False,1.0
3132,2026-06-12,Web,True,2026-06-15,2026-06-13,3,False,1.0
3133,2026-03-26,Web,False,,2026-05-03,0,False,
3134,2026-05-09,Referral,True,2026-05-10,2026-07-08,3,True,1.0
3135,2026-03-23,App,False,,2026-04-11,0,True,
3136,2026-03-27,App,True,2026-03-30,2026-04-17,5,True,3.0
3137,2026-03-09,Referral,True,2026-03-10,2026-04-28,0,False,
3138,2026-05-16,Web,True,2026-05-16,2026-06-18,4,False,5.0
3139,2026-04-19,Web,True,2026-04-21,2026-06-15,3,False,2.0
3140,2026-02-23,App,True,2026-02-26,2026-03-22,3,False,4.0
3141,2026-03-07,App,True,2026-03-09,2026-03-22,7,False,2.0
3142,2026-07-10,App,False,,2026-07-31,0,True,
3143,2026-07-29,Web,False,,2026-09-14,0,False,
3144,2026-06-09,Web,True,2026-06-10,2026-06-11,2,False,4.0
3145,2026-07-06,App,True,2026-07-08,2026-08-07,3,False,5.0
3146,2026-05-29,Web,False,,2026-05-31,0,False,
3147,2026-07-09,App,True,2026-07-10,2026-07-23,1,True,4.0
3148,2026-03-29,Web,True,2026-03-30,2026-05-21,1,False,1.0
3149,2026-07-04,Web,False,,2026-07-24,0,True,
3150,2026-06-30,App,False,,2026-07-11,0,True,
3151,2026-03-02,App,True,2026-03-03,2026-03-22,4,False,3.0
3152,2026-03-13,Web,False,,2026-05-01,0,True,
3153,2026-05-02,App,True,2026-05-04,2026-06-01,2,False,1.0
3154,2026-07-11,App,True,2026-07-12,2026-09-08,1,False,1.0
3155,2026-06-26,Web,False,,2026-08-24,0,True,
3156,2026-05-23,App,True,2026-05-23,2026-07-04,1,True,1.0
3157,2026-06-24,App,True,2026-06-24,2026-08-09,2,True,4.0
3158,2026-05-18,Web,True,2026-05-20,2026-06-14,4,False,1.0
3159,2026-04-12,Web,False,,2026-05-18,0,True,
3160,2026-05-17,App,True,2026-05-19,2026-07-06,4,False,5.0
3161,2026-06-13,Web,False,,2026-07-26,0,True,
3162,2026-07-14,Web,True,2026-07-17,2026-09-03,2,True,3.0
3163,2026-04-04,Web,True,2026-04-06,2026-04-10,2,False,2.0
3164,2026-08-03,Web,False,,2026-09-08,0,True,
3165,2026-02-25,App,True,2026-02-26,2026-03-12,5,True,5.0
3166,2026-06-30,Web,True,2026-07-03,2026-08-15,2,False,1.0
3167,2026-03-20,Web,True,2026-03-20,2026-04-16,1,False,4.0
3168,2026-02-28,App,True,2026-02-28,2026-03-29,4,False,4.0
3169,2026-06-14,Web,True,2026-06-15,2026-07-05,2,False,3.0
3170,2026-06-27,App,True,2026-06-28,2026-08-14,2,False,4.0
3171,2026-03-01,App,False,,2026-04-28,0,True,
3172,2026-03-28,Web,False,,2026-03-30,0,False,
3173,2026-04-19,Web,True,2026-04-22,2026-05-24,3,True,3.0
3174,2026-07-08,App,False,,2026-07-11,0,True,
3175,2026-03-17,Web,False,,2026-04-27,0,True,
3176,2026-06-10,App,True,2026-06-12,2026-06-22,6,False,1.0
3177,2026-05-11,App,False,,2026-06-08,0,True,
3178,2026-04-21,Web,True,2026-04-23,2026-06-12,1,True,3.0
3179,2026-02-27,App,True,2026-03-02,2026-03-05,0,False,
3180,2026-06-09,App,False,,2026-08-08,0,False,
3181,2026-03-03,Web,True,2026-03-03,2026-05-02,2,True,4.0
3182,2026-06-15,App,True,2026-06-15,2026-08-03,2,True,3.0
3183,2026-08-16,Web,False,,2026-09-03,0,True,
3184,2026-08-08,Web,False,,2026-08-28,0,False,
3185,2026-04-12,Web,True,2026-04-15,2026-05-04,4,True,5.0
3186,2026-06-14,Web,True,2026-06-14,2026-06-23,2,False,1.0
3187,2026-07-08,Referral,False,,2026-08-02,0,True,
3188,2026-08-15,App,False,,2026-09-20,0,True,
3189,2026-04-15,Web,True,2026-04-17,2026-05-04,3,True,3.0
3190,2026-07-30,App,True,2026-07-31,2026-08-03,1,True,2.0
3191,2026-08-12,Referral,False,,2026-08-28,0,True,
3192,2026-05-11,App,True,2026-05-11,2026-06-11,8,False,5.0
3193,2026-04-16,Web,False,,2026-04-24,0,False,
3194,2026-06-09,Web,True,2026-06-10,2026-06-26,3,False,2.0
3195,2026-04-13,Referral,False,,2026-04-15,0,False,
3196,2026-07-24,Web,True,2026-07-27,2026-09-03,4,True,2.0
3197,2026-04-25,App,True,2026-04-27,2026-04-28,2,True,5.0
3198,2026-05-13,App,True,2026-05-14,2026-07-02,6,False,1.0
3199,2026-07-28,App,True,2026-07-30,2026-08-09,4,True,3.0
3200,2026-07-17,App,False,,2026-08-12,0,True,
3201,2026-05-13,Web,False,,2026-06-10,0,True,
3202,2026-08-07,App,True,2026-08-07,2026-09-23,3,False,2.0
3203,2026-03-29,App,True,2026-03-30,2026-05-03,7,False,1.0
3204,2026-07-31,Web,True,2026-08-03,2026-08-16,3,False,3.0
3205,2026-04-04,App,True,2026-04-05,2026-05-24,3,True,1.0
3206,2026-08-14,Web,False,,2026-08-29,0,True,
3207,2026-07-18,App,False,,2026-08-26,0,True,
3208,2026-05-20,App,False,,2026-06-09,0,True,
3209,2026-04-13,App,True,2026-04-15,2026-05-24,2,False,2.0
3210,2026-05-05,App,False,,2026-05-17,0,True,
3211,2026-07-07,App,False,,2026-08-05,0,False,
3212,2026-08-02,App,False,,2026-09-04,0,True,
3213,2026-07-02,Web,True,2026-07-03,2026-08-07,3,False,2.0
3214,2026-03-10,Web,True,2026-03-12,2026-04-18,5,False,3.0
3215,2026-07-16,Web,True,2026-07-17,2026-08-02,4,False,2.0
3216,2026-07-06,Web,True,2026-07-09,2026-07-09,3,True,1.0
3217,2026-07-02,App,True,2026-07-03,2026-08-29,3,True,5.0
3218,2026-06-09,App,True,2026-06-11,2026-08-05,4,True,5.0
3219,2026-08-15,Referral,False,,2026-09-07,0,True,
3220,2026-05-25,App,True,2026-05-25,2026-06-19,5,False,4.0
3221,2026-07-05,App,False,,2026-08-24,0,True,
3222,2026-03-15,Referral,False,,2026-04-13,0,True,
3223,2026-03-11,App,True,2026-03-12,2026-05-02,3,True,4.0
3224,2026-06-30,Web,False,,2026-07-21,0,True,
3225,2026-06-16,Web,True,2026-06-18,2026-07-14,2,True,1.0
3226,2026-04-24,Referral,True,2026-04-26,2026-05-26,3,True,1.0
3227,2026-07-06,App,True,2026-07-07,2026-07-14,2,False,4.0
3228,2026-07-01,App,False,,2026-07-02,0,True,
3229,2026-05-19,App,True,2026-05-19,2026-05-23,2,False,3.0
3230,2026-05-07,App,False,,2026-06-10,0,False,
3231,2026-03-16,App,True,2026-03-17,2026-04-24,5,False,3.0
3232,2026-06-23,Web,False,,2026-07-12,0,True,
3233,2026-03-03,App,True,2026-03-04,2026-04-16,2,True,5.0
3234,2026-05-11,App,True,2026-05-12,2026-06-15,4,False,4.0
3235,2026-03-09,App,True,2026-03-09,2026-03-28,7,False,2.0
3236,2026-07-28,App,True,2026-07-30,2026-08-21,4,False,1.0
3237,2026-08-05,Web,True,2026-08-05,2026-08-14,5,False,4.0
3238,2026-03-17,Web,True,2026-03-18,2026-05-08,5,False,1.0
3239,2026-08-10,Referral,True,2026-08-11,2026-08-25,1,False,3.0
3240,2026-04-02,App,False,,2026-05-07,0,True,
3241,2026-04-19,App,True,2026-04-19,2026-05-22,5,False,4.0
3242,2026-07-29,App,False,,2026-09-07,0,False,
3243,2026-04-19,App,True,2026-04-21,2026-05-06,3,True,4.0
3244,2026-04-28,App,False,,2026-05-16,0,True,
3245,2026-02-27,App,True,2026-03-01,2026-02-28,1,True,2.0
3246,2026-08-02,App,True,2026-08-05,2026-08-10,2,False,3.0
3247,2026-03-15,App,True,2026-03-15,2026-04-22,0,False,
3248,2026-06-30,Referral,True,2026-07-02,2026-07-08,2,False,1.0
3249,2026-07-12,App,True,2026-07-12,2026-08-04,3,False,2.0
3250,2026-06-14,App,True,2026-06-14,2026-08-06,3,True,2.0
3251,2026-03-06,App,True,2026-03-08,2026-03-13,0,False,
3252,2026-07-22,Referral,True,2026-07-23,2026-08-15,4,False,3.0
3253,2026-06-11,App,True,2026-06-13,2026-07-07,1,True,2.0
3254,2026-04-26,App,True,2026-04-28,2026-06-18,1,False,4.0
3255,2026-08-05,App,False,,2026-08-09,0,True,
3256,2026-04-29,App,True,2026-05-02,2026-06-21,3,False,2.0
3257,2026-03-06,App,True,2026-03-08,2026-03-13,3,False,2.0
3258,2026-06-14,Web,True,2026-06-17,2026-07-01,2,False,2.0
3259,2026-05-09,App,True,2026-05-12,2026-06-01,6,True,4.0
3260,2026-06-03,Web,True,2026-06-04,2026-06-21,1,True,5.0
3261,2026-05-26,Web,False,,2026-07-18,0,True,
3262,2026-07-02,App,True,2026-07-03,2026-07-09,2,False,4.0
3263,2026-05-19,Referral,True,2026-05-21,2026-06-07,6,False,3.0
3264,2026-05-12,App,True,2026-05-13,2026-06-18,5,False,4.0
3265,2026-03-28,Web,True,2026-03-31,2026-04-12,5,False,3.0
3266,2026-07-31,App,False,,2026-08-12,0,True,
3267,2026-05-20,Referral,True,2026-05-22,2026-06-14,3,False,2.0
3268,2026-07-15,Web,True,2026-07-17,2026-08-21,6,False,5.0
3269,2026-06-15,App,True,2026-06-17,2026-08-10,3,True,3.0
3270,2026-08-13,Referral,True,2026-08-15,2026-08-28,3,False,2.0
3271,2026-03-11,App,True,2026-03-14,2026-03-22,2,False,1.0
3272,2026-05-09,Web,True,2026-05-09,2026-06-21,3,False,1.0
3273,2026-05-12,Web,False,,2026-05-18,0,False,
3274,2026-06-15,App,False,,2026-07-01,0,True,
3275,2026-04-07,Web,True,2026-04-10,2026-05-14,1,False,2.0
3276,2026-03-16,App,True,2026-03-16,2026-03-24,1,False,2.0
3277,2026-03-24,Web,True,2026-03-25,2026-04-10,3,False,4.0
3278,2026-06-04,Referral,True,2026-06-04,2026-07-01,3,False,4.0
3279,2026-07-22,App,False,,2026-08-01,0,False,
3280,2026-05-14,Web,True,2026-05-17,2026-06-20,2,True,1.0
3281,2026-03-03,App,False,,2026-04-28,0,True,
3282,2026-05-10,App,True,2026-05-10,2026-05-16,4,True,2.0
3283,2026-03-12,App,True,2026-03-14,2026-03-27,2,False,4.0
3284,2026-03-18,Web,False,,2026-05-12,0,True,
3285,2026-05-11,Web,True,2026-05-12,2026-07-02,4,True,1.0
3286,2026-03-14,App,False,,2026-04-23,0,False,
3287,2026-06-01,App,True,2026-06-02,2026-07-11,4,False,3.0
3288,2026-06-04,App,True,2026-06-07,2026-06-19,2,False,4.0
3289,2026-03-12,App,False,,2026-03-23,0,True,
3290,2026-07-12,App,False,,2026-09-08,0,True,
3291,2026-03-10,App,True,2026-03-11,2026-05-06,2,False,2.0
3292,2026-05-01,App,True,2026-05-01,2026-05-22,3,False,3.0
3293,2026-03-11,App,True,2026-03-14,2026-04-06,5,False,4.0
3294,2026-08-15,App,True,2026-08-15,2026-09-28,1,True,4.0
3295,2026-05-13,Referral,True,2026-05-13,2026-07-11,2,False,5.0
3296,2026-04-03,App,True,2026-04-06,2026-04-09,3,False,4.0
3297,2026-05-03,App,True,2026-05-05,2026-05-29,2,False,5.0
3298,2026-04-26,Web,False,,2026-05-26,0,True,
3299,2026-04-25,Web,False,,2026-05-20,0,True,
3300,2026-05-17,App,True,2026-05-20,2026-05-18,4,False,5.0
3301,2026-02-22,App,False,,2026-02-24,0,True,
3302,2026-08-16,Referral,True,2026-08-16,2026-10-13,2,False,4.0
3303,2026-03-15,Web,False,,2026-05-12,0,True,
3304,2026-04-09,Web,False,,2026-04-27,0,True,
3305,2026-05-10,App,True,2026-05-13,2026-05-11,4,False,1.0
3306,2026-03-22,Web,False,,2026-04-13,0,True,
3307,2026-02-22,Web,True,2026-02-24,2026-03-25,5,False,5.0
3308,2026-06-11,Referral,True,2026-06-12,2026-08-03,5,False,4.0
3309,2026-05-22,Referral,True,2026-05-25,2026-07-17,3,True,4.0
3310,2026-04-12,Web,True,2026-04-15,2026-05-09,5,False,1.0
3311,2026-03-15,App,False,,2026-03-28,0,True,
3312,2026-06-29,App,True,2026-06-29,2026-07-25,2,True,1.0
3313,2026-03-20,Web,True,2026-03-21,2026-05-09,4,True,2.0
3314,2026-07-12,Web,True,2026-07-12,2026-09-02,3,False,3.0
3315,2026-07-19,App,False,,2026-08-17,0,False,
3316,2026-07-20,App,True,2026-07-21,2026-08-25,3,False,5.0
3317,2026-06-24,App,True,2026-06-24,2026-07-02,2,False,4.0
3318,2026-06-05,Web,True,2026-06-07,2026-07-20,7,False,3.0
3319,2026-05-26,Referral,True,2026-05-28,2026-06-29,7,False,4.0
3320,2026-04-03,Web,True,2026-04-06,2026-05-12,5,False,4.0
3321,2026-06-10,App,True,2026-06-10,2026-07-10,3,False,5.0
3322,2026-08-14,App,False,,2026-10-05,0,True,
3323,2026-03-11,Web,True,2026-03-13,2026-03-27,3,False,3.0
3324,2026-04-20,Referral,True,2026-04-21,2026-05-13,1,False,2.0
3325,2026-06-19,App,True,2026-06-19,2026-06-20,3,True,5.0
3326,2026-05-19,Web,True,2026-05-19,2026-06-02,0,True,
3327,2026-06-20,Web,True,2026-06-23,2026-06-24,1,True,1.0
3328,2026-03-15,Web,True,2026-03-17,2026-03-30,1,False,1.0
3329,2026-07-29,Referral,True,2026-07-30,2026-08-01,3,True,2.0
3330,2026-03-17,App,False,,2026-04-29,0,False,
3331,2026-08-06,Web,False,,2026-08-29,0,True,
3332,2026-05-06,Referral,True,2026-05-06,2026-06-05,1,True,5.0
3333,2026-06-13,App,True,2026-06-15,2026-07-23,1,True,5.0
3334,2026-06-02,App,True,2026-06-05,2026-06-13,1,True,2.0
3335,2026-04-22,Web,False,,2026-06-12,0,True,
3336,2026-07-11,App,False,,2026-07-21,0,False,
3337,2026-06-12,App,True,2026-06-13,2026-07-24,2,True,1.0
3338,2026-06-10,App,True,2026-06-11,2026-07-12,3,True,4.0
3339,2026-03-18,Web,False,,2026-03-26,0,True,
3340,2026-08-06,App,False,,2026-08-16,0,True,
3341,2026-04-29,App,True,2026-05-02,2026-05-27,3,False,1.0
3342,2026-06-10,Web,True,2026-06-10,2026-07-19,5,True,5.0
3343,2026-05-06,App,True,2026-05-09,2026-05-23,1,False,2.0
3344,2026-06-22,Web,True,2026-06-24,2026-06-23,2,False,3.0
3345,2026-04-18,App,True,2026-04-18,2026-05-23,3,False,1.0
3346,2026-08-14,App,False,,2026-10-08,0,True,
3347,2026-07-08,Referral,True,2026-07-10,2026-08-23,4,True,4.0
3348,2026-07-18,App,True,2026-07-18,2026-08-20,3,False,3.0
3349,2026-05-09,App,True,2026-05-12,2026-06-27,3,True,1.0
3350,2026-06-02,Web,False,,2026-07-10,0,True,
3351,2026-07-15,App,True,2026-07-16,2026-08-10,3,False,5.0
3352,2026-05-16,Web,True,2026-05-17,2026-06-22,2,False,2.0
3353,2026-07-19,Referral,False,,2026-07-22,0,True,
3354,2026-03-11,App,True,2026-03-12,2026-03-22,4,True,3.0
3355,2026-07-31,App,True,2026-08-01,2026-08-04,4,True,5.0
3356,2026-08-20,Web,True,2026-08-23,2026-09-03,3,False,2.0
3357,2026-07-07,Web,True,2026-07-10,2026-07-27,3,True,5.0
3358,2026-05-03,Referral,True,2026-05-06,2026-06-25,3,True,5.0
3359,2026-08-19,Web,True,2026-08-21,2026-10-02,1,False,5.0
3360,2026-07-08,App,True,2026-07-11,2026-08-19,4,False,2.0
3361,2026-02-26,App,False,,2026-04-17,0,True,
3362,2026-06-21,Web,False,,2026-08-09,0,True,
3363,2026-06-20,Referral,True,2026-06-21,2026-08-05,4,False,3.0
3364,2026-03-12,Web,False,,2026-04-27,0,True,
3365,2026-03-14,Web,True,2026-03-16,2026-03-30,2,False,1.0
3366,2026-06-12,Referral,True,2026-06-14,2026-07-25,7,True,2.0
3367,2026-08-17,App,True,2026-08-20,2026-10-15,2,False,1.0
3368,2026-08-09,App,False,,2026-09-03,0,True,
3369,2026-03-08,Web,True,2026-03-10,2026-03-14,2,False,5.0
3370,2026-05-31,App,True,2026-06-02,2026-06-24,3,False,2.0
3371,2026-03-06,Web,True,2026-03-06,2026-03-28,0,True,
3372,2026-03-18,Referral,False,,2026-04-29,0,True,
3373,2026-05-27,App,False,,2026-06-07,0,True,
3374,2026-03-15,Web,True,2026-03-16,2026-05-12,3,False,1.0
3375,2026-05-18,App,True,2026-05-18,2026-07-02,6,False,4.0
3376,2026-04-03,Referral,False,,2026-04-18,0,True,
3377,2026-08-14,Web,False,,2026-10-08,0,True,
3378,2026-07-16,App,True,2026-07-17,2026-07-21,4,False,3.0
3379,2026-07-06,Web,True,2026-07-09,2026-07-20,2,False,4.0
3380,2026-04-15,Web,True,2026-04-18,2026-05-27,6,False,3.0
3381,2026-07-14,Web,False,,2026-07-22,0,False,
3382,2026-05-14,App,True,2026-05-17,2026-06-10,3,False,4.0
3383,2026-07-01,Referral,True,2026-07-02,2026-08-27,1,False,1.0
3384,2026-03-30,App,True,2026-04-02,2026-05-11,5,False,2.0
3385,2026-03-14,App,True,2026-03-17,2026-04-18,5,True,1.0
3386,2026-07-12,App,True,2026-07-13,2026-08-31,4,False,5.0
3387,2026-03-19,Web,True,2026-03-22,2026-04-21,2,True,2.0
3388,2026-07-21,Web,True,2026-07-22,2026-07-28,5,True,3.0
3389,2026-06-27,App,True,2026-06-30,2026-07-03,3,True,5.0
3390,2026-04-30,Web,True,2026-04-30,2026-06-10,4,False,5.0
3391,2026-06-22,App,True,2026-06-24,2026-08-06,9,True,4.0
3392,2026-06-27,App,False,,2026-07-29,0,True,
3393,2026-06-15,App,True,2026-06-18,2026-08-07,2,True,2.0
3394,2026-05-30,App,False,,2026-07-04,0,False,
3395,2026-06-02,App,True,2026-06-05,2026-07-24,3,True,2.0
3396,2026-02-22,Web,False,,2026-04-08,0,True,
3397,2026-02-28,Referral,False,,2026-04-23,0,True,
3398,2026-06-15,App,True,2026-06-15,2026-08-08,3,False,4.0
3399,2026-06-04,App,True,2026-06-05,2026-07-22,4,True,2.0
3400,2026-04-28,App,True,2026-04-30,2026-05-27,6,False,3.0
3401,2026-08-02,App,True,2026-08-05,2026-08-07,4,True,2.0
3402,2026-08-16,App,False,,2026-09-11,0,True,
3403,2026-05-01,Referral,False,,2026-06-03,0,True,
3404,2026-05-31,App,True,2026-06-02,2026-07-04,5,False,5.0
3405,2026-07-11,Web,True,2026-07-14,2026-08-03,1,True,4.0
3406,2026-07-04,Web,True,2026-07-06,2026-08-05,2,True,3.0
3407,2026-07-02,Referral,True,2026-07-02,2026-08-29,5,False,5.0
3408,2026-04-04,Referral,True,2026-04-07,2026-05-12,2,False,1.0
3409,2026-05-13,App,True,2026-05-16,2026-06-10,1,False,4.0
3410,2026-04-13,Web,True,2026-04-14,2026-04-21,4,False,3.0
3411,2026-06-08,Referral,True,2026-06-11,2026-07-12,3,True,5.0
3412,2026-04-26,Web,False,,2026-05-22,0,True,
3413,2026-03-10,Web,False,,2026-05-09,0,True,
3414,2026-05-05,App,True,2026-05-08,2026-05-28,3,False,1.0
3415,2026-08-02,App,False,,2026-09-19,0,True,
3416,2026-06-08,App,False,,2026-07-02,0,True,
3417,2026-06-11,App,False,,2026-06-22,0,True,
3418,2026-04-20,Web,False,,2026-05-13,0,True,
3419,2026-03-12,App,False,,2026-04-01,0,True,
3420,2026-05-31,App,False,,2026-07-06,0,True,
3421,2026-06-18,App,False,,2026-07-25,0,True,
3422,2026-03-20,Referral,False,,2026-04-13,0,True,
3423,2026-05-21,App,False,,2026-07-12,0,True,
3424,2026-04-14,App,True,2026-04-16,2026-06-06,1,True,4.0
3425,2026-06-05,Referral,True,2026-06-05,2026-06-12,6,True,2.0
3426,2026-05-10,Referral,True,2026-05-12,2026-06-05,0,False,
3427,2026-07-21,Referral,True,2026-07-24,2026-09-16,4,False,4.0
3428,2026-08-03,Referral,False,,2026-09-28,0,True,
3429,2026-05-15,Web,False,,2026-06-25,0,True,
3430,2026-04-13,Referral,True,2026-04-14,2026-05-30,4,False,1.0
3431,2026-07-05,Web,False,,2026-07-07,0,False,
3432,2026-04-09,App,False,,2026-04-24,0,True,
3433,2026-07-02,App,True,2026-07-03,2026-07-11,3,False,1.0
3434,2026-04-12,App,True,2026-04-13,2026-05-01,4,True,2.0
3435,2026-05-04,App,False,,2026-06-06,0,False,
3436,2026-06-18,Web,True,2026-06-18,2026-07-11,4,False,5.0
3437,2026-06-06,App,True,2026-06-06,2026-06-18,4,False,4.0
3438,2026-04-10,App,True,2026-04-12,2026-04-20,3,False,3.0
3439,2026-05-03,Referral,False,,2026-06-10,0,True,
3440,2026-04-04,App,True,2026-04-06,2026-04-28,6,False,2.0
3441,2026-05-15,Web,True,2026-05-18,2026-06-28,5,False,1.0
3442,2026-05-21,Referral,False,,2026-06-01,0,False,
3443,2026-05-02,Web,True,2026-05-03,2026-05-23,0,False,
3444,2026-04-14,Referral,False,,2026-06-12,0,True,
3445,2026-06-02,Web,True,2026-06-02,2026-07-17,2,True,1.0
3446,2026-07-23,Web,True,2026-07-23,2026-08-24,4,False,2.0
3447,2026-08-10,Referral,False,,2026-08-25,0,False,
3448,2026-07-02,Web,True,2026-07-02,2026-08-19,3,False,4.0
3449,2026-04-23,App,True,2026-04-24,2026-06-08,8,False,3.0
3450,2026-08-12,Web,False,,2026-09-11,0,True,
3451,2026-05-27,App,True,2026-05-27,2026-06-17,4,False,5.0
3452,2026-03-27,App,True,2026-03-28,2026-05-05,3,True,4.0
3453,2026-03-22,App,True,2026-03-24,2026-04-07,5,False,3.0
3454,2026-04-09,App,False,,2026-05-03,0,False,
3455,2026-05-14,App,True,2026-05-14,2026-05-22,4,False,4.0
3456,2026-05-21,Web,True,2026-05-24,2026-07-08,3,True,3.0
3457,2026-08-09,App,True,2026-08-11,2026-08-28,2,True,1.0
3458,2026-04-20,App,True,2026-04-23,2026-06-09,1,False,2.0
3459,2026-06-25,Web,True,2026-06-26,2026-08-01,3,True,5.0
3460,2026-05-29,Referral,False,,2026-07-09,0,True,
3461,2026-08-08,Referral,False,,2026-09-21,0,True,
3462,2026-03-14,Referral,False,,2026-04-09,0,False,
3463,2026-04-30,Referral,True,2026-05-02,2026-06-10,4,True,3.0
3464,2026-06-17,Referral,True,2026-06-18,2026-06-24,5,False,3.0
3465,2026-03-30,Web,True,2026-03-30,2026-05-14,4,False,1.0
3466,2026-05-29,App,False,,2026-07-19,0,True,
3467,2026-05-06,Referral,True,2026-05-07,2026-06-03,5,True,4.0
3468,2026-05-09,App,True,2026-05-09,2026-06-23,4,False,1.0
3469,2026-05-11,App,True,2026-05-12,2026-06-21,2,False,2.0
3470,2026-07-17,App,True,2026-07-19,2026-08-22,5,False,5.0
3471,2026-08-16,Referral,False,,2026-08-20,0,True,
3472,2026-06-15,App,True,2026-06-17,2026-07-17,5,False,2.0
3473,2026-03-15,App,True,2026-03-15,2026-03-25,6,True,3.0
3474,2026-06-03,Web,True,2026-06-03,2026-07-15,2,False,1.0
3475,2026-07-03,App,True,2026-07-04,2026-07-14,5,False,2.0
3476,2026-06-02,App,True,2026-06-03,2026-07-04,5,False,2.0
3477,2026-05-31,App,True,2026-06-01,2026-07-29,2,False,2.0
3478,2026-07-22,Referral,True,2026-07-22,2026-08-14,7,True,1.0
3479,2026-04-21,Referral,True,2026-04-21,2026-06-12,4,False,3.0
3480,2026-08-07,Web,False,,2026-10-02,0,True,
3481,2026-06-25,App,True,2026-06-26,2026-08-15,3,True,2.0
3482,2026-04-03,Web,True,2026-04-06,2026-05-28,3,False,3.0
3483,2026-06-10,Web,True,2026-06-12,2026-06-11,3,True,1.0
3484,2026-03-21,App,False,,2026-05-11,0,True,
3485,2026-07-05,Web,True,2026-07-08,2026-09-02,7,False,3.0
3486,2026-04-09,App,False,,2026-05-24,0,False,
3487,2026-05-02,App,False,,2026-05-12,0,True,
3488,2026-08-20,App,False,,2026-09-24,0,True,
3489,2026-05-02,App,True,2026-05-02,2026-05-03,2,False,4.0
3490,2026-03-06,App,True,2026-03-09,2026-03-19,4,True,1.0
3491,2026-03-12,Referral,True,2026-03-13,2026-04-18,1,False,3.0
3492,2026-08-12,App,True,2026-08-12,2026-09-05,1,False,1.0
3493,2026-08-15,App,False,,2026-08-16,0,True,
3494,2026-07-02,App,False,,2026-08-27,0,True,
3495,2026-06-19,Referral,True,2026-06-21,2026-08-06,4,False,2.0
3496,2026-04-03,Web,True,2026-04-04,2026-04-25,4,True,5.0
3497,2026-04-01,App,False,,2026-04-16,0,False,
3498,2026-03-07,Referral,True,2026-03-08,2026-04-17,2,False,5.0
3499,2026-06-17,Referral,True,2026-06-17,2026-08-12,2,False,4.0
3500,2026-04-09,Web,False,,2026-04-15,0,False,
3501,2026-03-25,App,False,,2026-05-20,0,True,
3502,2026-03-10,App,True,2026-03-10,2026-04-15,3,False,3.0
3503,2026-02-26,App,True,2026-03-01,2026-04-23,5,False,1.0
3504,2026-06-23,Referral,True,2026-06-25,2026-07-20,0,True,
3505,2026-05-23,App,False,,2026-06-05,0,True,
3506,2026-07-04,App,True,2026-07-04,2026-07-24,3,False,2.0
3507,2026-06-11,Referral,True,2026-06-12,2026-07-16,0,False,
3508,2026-03-04,App,False,,2026-04-03,0,True,
3509,2026-08-14,Web,True,2026-08-14,2026-08-19,3,True,5.0
3510,2026-02-27,Web,True,2026-02-27,2026-04-27,4,False,2.0
3511,2026-03-14,Web,True,2026-03-17,2026-03-25,1,False,3.0
3512,2026-05-13,App,False,,2026-05-17,0,True,
3513,2026-03-09,Web,False,,2026-03-12,0,True,
3514,2026-07-03,App,True,2026-07-06,2026-07-22,3,True,5.0
3515,2026-07-10,Web,False,,2026-08-02,0,False,
3516,2026-05-16,Referral,True,2026-05-19,2026-07-10,2,True,4.0
3517,2026-03-29,App,True,2026-03-31,2026-05-18,5,False,5.0
3518,2026-03-08,Web,True,2026-03-09,2026-04-22,2,False,2.0
3519,2026-06-19,Web,False,,2026-08-11,0,False,
3520,2026-02-26,Referral,False,,2026-04-05,0,True,
3521,2026-08-12,App,False,,2026-08-26,0,True,
3522,2026-02-25,App,True,2026-02-26,2026-04-03,1,True,2.0
3523,2026-04-20,Web,False,,2026-06-09,0,True,
3524,2026-06-08,Web,False,,2026-08-01,0,True,
3525,2026-05-13,Web,False,,2026-06-04,0,True,
3526,2026-03-29,Web,False,,2026-04-08,0,True,
3527,2026-08-05,App,True,2026-08-08,2026-08-26,1,True,5.0
3528,2026-06-16,App,True,2026-06-19,2026-06-25,4,False,2.0
3529,2026-05-06,App,False,,2026-06-02,0,False,
3530,2026-07-06,Referral,True,2026-07-09,2026-08-28,0,True,
3531,2026-04-04,App,False,,2026-04-22,0,True,
3532,2026-05-02,App,True,2026-05-03,2026-06-24,3,False,1.0
3533,2026-08-08,Web,True,2026-08-11,2026-08-12,3,False,4.0
3534,2026-06-12,App,False,,2026-07-21,0,False,
3535,2026-03-06,Web,True,2026-03-08,2026-05-03,1,False,5.0
3536,2026-08-04,App,True,2026-08-06,2026-08-24,4,False,4.0
3537,2026-06-18,App,True,2026-06-21,2026-06-22,2,False,5.0
3538,2026-02-22,Web,True,2026-02-25,2026-03-09,4,True,3.0
3539,2026-04-17,Referral,True,2026-04-20,2026-05-30,2,True,2.0
3540,2026-05-09,Referral,True,2026-05-12,2026-06-30,4,True,1.0
3541,2026-05-30,App,True,2026-05-31,2026-07-07,2,False,3.0
3542,2026-05-08,App,True,2026-05-09,2026-05-20,3,True,1.0
3543,2026-05-04,Web,False,,2026-05-25,0,True,
3544,2026-03-08,Referral,True,2026-03-09,2026-04-20,1,True,1.0
3545,2026-04-15,Web,False,,2026-05-05,0,True,
3546,2026-03-20,App,True,2026-03-20,2026-03-27,2,False,5.0
3547,2026-05-29,App,True,2026-05-30,2026-07-27,4,True,2.0
3548,2026-07-08,Web,False,,2026-07-24,0,True,
3549,2026-04-02,App,False,,2026-05-13,0,True,
3550,2026-04-07,App,False,,2026-05-05,0,True,
3551,2026-07-04,App,False,,2026-07-13,0,True,
3552,2026-06-26,App,False,,2026-08-25,0,False,
3553,2026-04-18,App,False,,2026-05-18,0,True,
3554,2026-04-24,Web,True,2026-04-25,2026-06-03,8,False,2.0
3555,2026-03-03,App,False,,2026-03-07,0,True,
3556,2026-05-12,App,True,2026-05-13,2026-05-27,6,True,5.0
3557,2026-07-26,Web,False,,2026-08-07,0,True,
3558,2026-07-24,App,True,2026-07-24,2026-08-25,1,True,1.0
3559,2026-07-17,App,False,,2026-07-28,0,True,
3560,2026-03-09,Web,False,,2026-04-30,0,True,
3561,2026-04-18,Web,False,,2026-04-19,0,True,
3562,2026-04-21,Referral,True,2026-04-21,2026-05-26,4,False,4.0
3563,2026-03-01,Referral,False,,2026-04-16,0,True,
3564,2026-06-19,Referral,False,,2026-08-14,0,False,
3565,2026-04-24,App,True,2026-04-25,2026-06-20,3,True,1.0
3566,2026-04-01,Web,False,,2026-05-12,0,True,
3567,2026-05-10,App,True,2026-05-11,2026-06-05,5,False,1.0
3568,2026-08-05,Web,False,,2026-09-01,0,True,
3569,2026-08-08,App,True,2026-08-11,2026-08-22,1,False,4.0
3570,2026-07-10,Referral,False,,2026-07-20,0,True,
3571,2026-04-25,Web,True,2026-04-28,2026-05-21,4,True,3.0
3572,2026-06-03,App,False,,2026-06-14,0,True,
3573,2026-04-17,Referral,False,,2026-05-07,0,False,
3574,2026-06-18,App,False,,2026-07-17,0,True,
3575,2026-03-16,App,True,2026-03-17,2026-05-07,4,True,1.0
3576,2026-07-05,Web,True,2026-07-07,2026-07-15,3,True,4.0
3577,2026-07-11,Web,True,2026-07-12,2026-08-16,4,False,2.0
3578,2026-02-25,App,False,,2026-03-21,0,True,
3579,2026-05-08,App,False,,2026-06-07,0,True,
3580,2026-06-20,Web,True,2026-06-20,2026-07-10,0,True,
3581,2026-06-07,App,True,2026-06-10,2026-07-11,0,False,
3582,2026-06-12,App,True,2026-06-13,2026-06-19,6,False,1.0
3583,2026-07-07,Referral,False,,2026-08-11,0,True,
3584,2026-07-27,App,False,,2026-09-18,0,True,
3585,2026-03-17,Referral,True,2026-03-18,2026-04-26,8,True,4.0
3586,2026-05-21,App,True,2026-05-21,2026-05-22,2,True,5.0
3587,2026-07-12,App,True,2026-07-15,2026-09-08,3,False,3.0
3588,2026-08-18,App,False,,2026-09-29,0,True,
3589,2026-05-11,App,True,2026-05-12,2026-06-16,6,False,3.0
3590,2026-08-04,Web,True,2026-08-07,2026-08-10,2,True,1.0
3591,2026-06-01,Web,True,2026-06-03,2026-07-20,1,False,2.0
3592,2026-08-04,Web,False,,2026-08-12,0,True,
3593,2026-07-17,Referral,True,2026-07-18,2026-09-06,4,True,3.0
3594,2026-03-14,Web,True,2026-03-17,2026-04-02,6,False,2.0
3595,2026-04-14,Referral,False,,2026-05-10,0,True,
3596,2026-04-16,Web,False,,2026-05-20,0,True,
3597,2026-03-11,App,False,,2026-04-19,0,True,
3598,2026-04-28,App,True,2026-05-01,2026-05-03,2,False,5.0
3599,2026-04-24,App,True,2026-04-25,2026-06-01,3,True,3.0
3600,2026-04-19,App,False,,2026-06-01,0,True,
3601,2026-03-29,Web,True,2026-03-30,2026-05-26,7,False,4.0
3602,2026-06-01,App,False,,2026-07-19,0,True,
3603,2026-05-19,App,False,,2026-06-06,0,False,
3604,2026-05-05,Web,False,,2026-06-26,0,True,
3605,2026-03-10,App,True,2026-03-11,2026-05-07,0,True,
3606,2026-07-16,App,True,2026-07-17,2026-08-27,9,False,2.0
3607,2026-05-08,App,True,2026-05-08,2026-05-29,2,True,2.0
3608,2026-03-10,Web,True,2026-03-12,2026-04-17,1,True,1.0
3609,2026-06-19,Referral,True,2026-06-20,2026-07-03,1,False,3.0
3610,2026-08-12,App,True,2026-08-13,2026-10-10,2,False,5.0
3611,2026-06-23,Web,False,,2026-07-16,0,True,
3612,2026-06-09,App,False,,2026-06-19,0,True,
3613,2026-07-29,App,True,2026-07-29,2026-08-25,2,False,2.0
3614,2026-07-04,App,True,2026-07-06,2026-07-19,6,False,1.0
3615,2026-06-06,App,True,2026-06-08,2026-07-29,0,False,
3616,2026-04-21,App,True,2026-04-24,2026-05-03,4,False,1.0
3617,2026-06-29,App,True,2026-07-01,2026-07-20,5,False,4.0
3618,2026-05-21,App,False,,2026-07-13,0,True,
3619,2026-04-01,App,True,2026-04-02,2026-04-18,4,True,3.0
3620,2026-03-09,Referral,True,2026-03-10,2026-03-15,3,False,1.0
3621,2026-02-27,App,True,2026-02-27,2026-03-02,0,False,
3622,2026-07-21,Web,True,2026-07-22,2026-07-24,2,True,5.0
3623,2026-07-25,App,False,,2026-09-02,0,False,
3624,2026-07-12,App,True,2026-07-12,2026-07-31,3,False,1.0
3625,2026-07-02,Web,True,2026-07-02,2026-07-20,1,True,3.0
3626,2026-06-08,App,True,2026-06-11,2026-07-08,4,False,1.0
3627,2026-07-09,App,True,2026-07-11,2026-07-22,5,True,2.0
3628,2026-07-10,App,True,2026-07-12,2026-08-19,1,False,1.0
3629,2026-05-22,Web,False,,2026-07-16,0,True,
3630,2026-05-06,Web,True,2026-05-06,2026-06-15,2,True,5.0
3631,2026-02-22,App,True,2026-02-25,2026-04-20,2,False,5.0
3632,2026-07-07,Web,True,2026-07-07,2026-07-24,3,False,1.0
3633,2026-04-12,Referral,True,2026-04-14,2026-05-22,1,True,3.0
3634,2026-04-06,Referral,True,2026-04-09,2026-05-06,1,False,4.0
3635,2026-05-11,App,True,2026-05-11,2026-06-02,1,True,3.0
3636,2026-03-10,App,True,2026-03-13,2026-03-26,4,True,4.0
3637,2026-05-27,Referral,True,2026-05-30,2026-07-08,1,True,4.0
3638,2026-05-06,App,False,,2026-06-30,0,False,
3639,2026-08-07,Referral,True,2026-08-09,2026-10-05,6,False,3.0
3640,2026-08-19,Web,False,,2026-09-18,0,True,
3641,2026-08-03,Referral,True,2026-08-06,2026-08-08,2,False,2.0
3642,2026-07-23,App,True,2026-07-25,2026-08-13,0,False,
3643,2026-08-04,Web,True,2026-08-06,2026-09-08,1,False,2.0
3644,2026-04-24,App,True,2026-04-25,2026-05-24,3,False,1.0
3645,2026-06-29,App,True,2026-07-02,2026-07-07,1,False,4.0
3646,2026-07-26,App,True,2026-07-28,2026-08-04,1,True,2.0
3647,2026-02-25,Web,True,2026-02-28,2026-03-16,3,True,4.0
3648,2026-04-03,App,True,2026-04-04,2026-04-14,3,False,3.0
3649,2026-03-25,Web,True,2026-03-26,2026-05-23,1,False,4.0
3650,2026-03-14,Web,False,,2026-04-23,0,True,
3651,2026-04-20,App,True,2026-04-20,2026-06-10,4,True,2.0
3652,2026-04-05,Web,False,,2026-04-26,0,True,
3653,2026-05-05,App,True,2026-05-08,2026-06-10,7,True,4.0
3654,2026-06-08,App,True,2026-06-08,2026-06-24,2,False,5.0
3655,2026-08-17,App,True,2026-08-18,2026-10-06,5,False,3.0
3656,2026-05-12,App,False,,2026-05-25,0,False,
3657,2026-04-03,Web,True,2026-04-05,2026-05-08,5,True,1.0
3658,2026-04-24,Web,True,2026-04-26,2026-05-01,4,False,2.0
3659,2026-04-06,App,True,2026-04-06,2026-05-28,4,False,3.0
3660,2026-04-22,App,False,,2026-04-23,0,True,
3661,2026-02-24,Referral,True,2026-02-25,2026-03-20,3,True,2.0
3662,2026-03-15,Web,False,,2026-04-29,0,True,
3663,2026-04-25,Web,False,,2026-06-08,0,True,
3664,2026-04-25,Web,True,2026-04-28,2026-06-04,3,False,2.0
3665,2026-08-07,Web,True,2026-08-07,2026-08-17,2,False,1.0
3666,2026-08-07,Referral,True,2026-08-08,2026-10-02,2,False,5.0
3667,2026-05-20,Web,True,2026-05-23,2026-06-19,4,True,2.0
3668,2026-04-18,Web,True,2026-04-20,2026-05-12,3,False,2.0
3669,2026-08-09,Referral,False,,2026-09-10,0,True,
3670,2026-04-10,Web,True,2026-04-12,2026-05-25,3,False,2.0
3671,2026-08-18,Web,True,2026-08-21,2026-08-25,7,False,2.0
3672,2026-03-31,Referral,True,2026-04-01,2026-05-02,2,False,1.0
3673,2026-05-20,App,True,2026-05-20,2026-07-13,6,False,5.0
3674,2026-04-23,Web,True,2026-04-23,2026-06-15,3,False,3.0
3675,2026-05-06,Web,True,2026-05-08,2026-06-13,1,True,1.0
3676,2026-07-17,App,True,2026-07-17,2026-09-13,3,True,4.0
3677,2026-07-28,App,False,,2026-09-16,0,True,
3678,2026-03-27,App,True,2026-03-28,2026-05-19,4,True,5.0
3679,2026-07-21,Web,True,2026-07-23,2026-09-03,1,False,5.0
3680,2026-04-08,App,True,2026-04-11,2026-04-24,3,False,4.0
3681,2026-08-09,Web,False,,2026-09-30,0,True,
3682,2026-04-30,Web,False,,2026-05-15,0,True,
3683,2026-03-26,Referral,False,,2026-05-01,0,True,
3684,2026-05-07,App,True,2026-05-09,2026-06-05,6,False,5.0
3685,2026-07-02,Referral,True,2026-07-04,2026-07-24,3,False,2.0
3686,2026-08-06,App,True,2026-08-07,2026-08-10,1,True,1.0
3687,2026-06-30,Web,False,,2026-08-28,0,True,
3688,2026-07-13,App,False,,2026-08-21,0,True,
3689,2026-04-17,App,False,,2026-06-04,0,True,
3690,2026-02-24,App,True,2026-02-27,2026-04-19,1,True,1.0
3691,2026-03-31,Web,True,2026-04-01,2026-04-21,2,False,4.0
3692,2026-06-20,Web,False,,2026-08-08,0,True,
3693,2026-03-30,Web,False,,2026-05-12,0,True,
3694,2026-06-03,Referral,True,2026-06-05,2026-06-08,1,False,4.0
3695,2026-07-03,Referral,False,,2026-07-08,0,False,
3696,2026-07-03,Referral,True,2026-07-03,2026-08-06,4,False,5.0
3697,2026-04-09,Referral,True,2026-04-10,2026-05-15,5,False,3.0
3698,2026-07-29,App,True,2026-08-01,2026-08-20,4,False,4.0
3699,2026-05-22,App,False,,2026-06-19,0,True,
3700,2026-07-04,Referral,True,2026-07-05,2026-08-17,3,False,4.0
3701,2026-02-24,App,True,2026-02-26,2026-03-11,2,True,5.0
3702,2026-05-23,Web,True,2026-05-25,2026-06-15,3,False,3.0
3703,2026-05-02,Web,True,2026-05-03,2026-06-13,2,False,1.0
3704,2026-05-08,Referral,True,2026-05-08,2026-07-07,6,False,1.0
3705,2026-03-09,App,True,2026-03-09,2026-04-03,2,False,3.0
3706,2026-06-14,Referral,False,,2026-06-17,0,True,
3707,2026-07-16,App,True,2026-07-17,2026-08-06,6,False,2.0
3708,2026-07-30,App,True,2026-07-31,2026-09-22,1,False,3.0
3709,2026-05-15,App,True,2026-05-18,2026-05-17,4,False,3.0
3710,2026-07-12,App,False,,2026-08-04,0,False,
3711,2026-03-10,App,True,2026-03-13,2026-03-16,4,False,3.0
3712,2026-07-03,App,False,,2026-08-15,0,True,
3713,2026-06-23,App,True,2026-06-25,2026-07-28,4,False,2.0
3714,2026-07-16,App,False,,2026-08-01,0,True,
3715,2026-07-08,App,True,2026-07-08,2026-07-27,2,True,4.0
3716,2026-03-07,Web,True,2026-03-09,2026-03-09,0,False,
3717,2026-08-08,Web,True,2026-08-08,2026-08-10,2,False,5.0
3718,2026-03-04,App,True,2026-03-04,2026-03-22,2,False,1.0
3719,2026-08-05,Referral,True,2026-08-06,2026-09-11,1,True,2.0
3720,2026-04-15,Web,True,2026-04-17,2026-05-18,4,True,5.0
3721,2026-06-14,Web,False,,2026-07-14,0,True,
3722,2026-06-27,Web,False,,2026-08-04,0,True,
3723,2026-03-05,App,False,,2026-03-22,0,True,
3724,2026-04-01,App,False,,2026-04-27,0,True,
3725,2026-07-18,App,True,2026-07-21,2026-07-23,4,True,3.0
3726,2026-05-23,Web,True,2026-05-23,2026-06-11,5,False,2.0
3727,2026-03-13,App,False,,2026-03-24,0,True,
3728,2026-05-25,App,False,,2026-07-24,0,True,
3729,2026-04-18,App,True,2026-04-19,2026-05-20,2,False,4.0
3730,2026-06-02,App,False,,2026-07-28,0,True,
3731,2026-05-19,App,False,,2026-07-04,0,True,
3732,2026-03-05,Web,True,2026-03-07,2026-03-12,4,True,4.0
3733,2026-06-09,App,False,,2026-08-01,0,False,
3734,2026-06-22,Web,False,,2026-06-28,0,True,
3735,2026-03-18,Web,True,2026-03-21,2026-04-09,1,False,4.0
3736,2026-07-11,App,True,2026-07-13,2026-08-15,2,False,1.0
3737,2026-07-25,Web,True,2026-07-27,2026-09-17,4,False,3.0
3738,2026-04-23,App,True,2026-04-25,2026-06-06,4,False,5.0
3739,2026-07-04,App,True,2026-07-06,2026-07-05,6,True,3.0
3740,2026-08-17,Web,True,2026-08-17,2026-10-11,2,False,5.0
3741,2026-07-07,App,True,2026-07-08,2026-09-02,3,True,2.0
3742,2026-06-27,App,True,2026-06-27,2026-07-20,1,False,1.0
3743,2026-06-12,Referral,True,2026-06-12,2026-08-08,3,False,1.0
3744,2026-03-16,Web,True,2026-03-17,2026-04-21,3,True,3.0
3745,2026-05-30,App,True,2026-06-02,2026-06-25,4,False,5.0
3746,2026-03-13,App,False,,2026-05-11,0,True,
3747,2026-07-28,App,False,,2026-09-05,0,True,
3748,2026-06-28,Referral,True,2026-06-28,2026-07-10,4,True,3.0
3749,2026-08-08,Web,True,2026-08-10,2026-09-09,2,False,1.0
3750,2026-06-12,App,True,2026-06-14,2026-06-15,4,False,4.0
3751,2026-08-14,App,True,2026-08-14,2026-08-28,2,False,4.0
3752,2026-06-26,App,True,2026-06-26,2026-07-03,1,False,4.0
3753,2026-07-31,App,True,2026-07-31,2026-08-26,2,False,5.0
3754,2026-05-30,Web,True,2026-05-31,2026-07-24,6,True,4.0
3755,2026-08-10,App,False,,2026-10-04,0,True,
3756,2026-03-08,App,True,2026-03-09,2026-03-21,3,False,2.0
3757,2026-04-24,Referral,True,2026-04-26,2026-05-11,3,False,3.0
3758,2026-04-11,Web,True,2026-04-13,2026-06-02,8,False,3.0
3759,2026-04-11,Referral,True,2026-04-11,2026-04-13,2,True,1.0
3760,2026-07-13,App,False,,2026-08-18,0,True,
3761,2026-03-27,App,False,,2026-05-21,0,True,
3762,2026-05-03,Web,True,2026-05-05,2026-06-11,5,True,4.0
3763,2026-07-04,App,True,2026-07-04,2026-08-09,4,True,4.0
3764,2026-05-06,App,True,2026-05-06,2026-06-14,3,True,2.0
3765,2026-06-16,Web,False,,2026-06-17,0,False,
3766,2026-05-02,App,True,2026-05-02,2026-05-21,3,True,4.0
3767,2026-03-10,App,False,,2026-04-30,0,True,
3768,2026-06-19,App,True,2026-06-21,2026-06-23,4,False,3.0
3769,2026-06-09,App,True,2026-06-12,2026-07-05,2,False,2.0
3770,2026-04-04,App,True,2026-04-07,2026-05-30,5,False,4.0
3771,2026-06-15,Referral,False,,2026-06-20,0,True,
3772,2026-05-11,App,True,2026-05-13,2026-05-22,3,False,5.0
3773,2026-05-02,App,True,2026-05-04,2026-06-18,6,True,1.0
3774,2026-02-26,App,False,,2026-03-31,0,True,
3775,2026-03-11,App,True,2026-03-12,2026-04-20,1,True,1.0
3776,2026-03-24,Web,True,2026-03-27,2026-04-29,3,False,2.0
3777,2026-04-14,App,False,,2026-05-12,0,True,
3778,2026-04-25,Web,True,2026-04-27,2026-05-23,4,False,3.0
3779,2026-07-08,App,True,2026-07-11,2026-08-23,3,True,1.0
3780,2026-03-24,Web,False,,2026-04-15,0,True,
3781,2026-06-22,Referral,False,,2026-07-10,0,True,
3782,2026-05-17,Referral,True,2026-05-17,2026-06-14,6,True,3.0
3783,2026-07-04,Web,True,2026-07-05,2026-08-11,1,False,2.0
3784,2026-02-26,Web,False,,2026-03-18,0,True,
3785,2026-03-05,Web,True,2026-03-06,2026-03-24,3,False,2.0
3786,2026-04-06,Web,True,2026-04-06,2026-05-03,2,False,3.0
3787,2026-04-07,App,True,2026-04-08,2026-05-19,2,True,2.0
3788,2026-08-01,Web,True,2026-08-01,2026-08-05,7,True,5.0
3789,2026-08-02,App,True,2026-08-05,2026-08-03,4,True,4.0
3790,2026-07-20,Referral,True,2026-07-21,2026-09-14,1,False,1.0
3791,2026-07-04,App,True,2026-07-07,2026-08-28,5,False,3.0
3792,2026-03-26,Referral,True,2026-03-28,2026-05-17,5,True,5.0
3793,2026-07-28,App,True,2026-07-29,2026-09-24,1,False,3.0
3794,2026-06-29,App,True,2026-06-30,2026-07-20,3,True,3.0
3795,2026-04-25,App,True,2026-04-26,2026-06-14,5,True,4.0
3796,2026-05-11,Web,False,,2026-06-08,0,True,
3797,2026-05-22,Referral,True,2026-05-23,2026-06-07,2,False,5.0
3798,2026-08-17,App,True,2026-08-20,2026-09-21,3,False,5.0
3799,2026-03-17,Referral,True,2026-03-19,2026-04-28,4,False,2.0
3800,2026-04-13,App,True,2026-04-13,2026-04-15,3,False,4.0
3801,2026-07-28,Web,False,,2026-08-01,0,True,
3802,2026-03-09,App,False,,2026-04-09,0,True,
3803,2026-04-05,App,False,,2026-05-14,0,False,
3804,2026-05-19,Web,True,2026-05-22,2026-07-14,7,True,4.0
3805,2026-04-27,App,True,2026-04-29,2026-04-29,6,False,4.0
3806,2026-03-14,Web,False,,2026-04-01,0,True,
3807,2026-04-16,Web,False,,2026-05-15,0,True,
3808,2026-04-08,Web,False,,2026-05-22,0,True,
3809,2026-07-18,App,True,2026-07-18,2026-07-27,3,False,1.0
3810,2026-06-13,Web,True,2026-06-16,2026-07-15,4,False,3.0
3811,2026-08-13,Web,False,,2026-09-14,0,False,
3812,2026-07-24,Referral,True,2026-07-24,2026-07-30,7,False,2.0
3813,2026-05-24,Web,False,,2026-07-08,0,True,
3814,2026-08-15,App,False,,2026-08-16,0,True,
3815,2026-04-01,Web,True,2026-04-04,2026-04-05,9,False,5.0
3816,2026-08-03,Web,True,2026-08-03,2026-08-04,2,False,2.0
3817,2026-04-01,App,False,,2026-04-22,0,False,
3818,2026-03-19,Referral,False,,2026-04-19,0,False,
3819,2026-02-26,App,True,2026-02-27,2026-03-11,2,True,5.0
3820,2026-03-01,Referral,False,,2026-04-26,0,True,
3821,2026-02-23,Web,True,2026-02-25,2026-04-24,2,False,5.0
3822,2026-05-12,Referral,True,2026-05-12,2026-07-06,6,True,5.0
3823,2026-07-07,Web,True,2026-07-08,2026-08-24,4,False,2.0
3824,2026-04-10,App,False,,2026-06-06,0,True,
3825,2026-05-03,Referral,True,2026-05-04,2026-05-19,2,True,2.0
3826,2026-06-05,App,True,2026-06-06,2026-06-20,4,False,4.0
3827,2026-05-13,App,True,2026-05-16,2026-05-16,2,True,4.0
3828,2026-03-03,Web,True,2026-03-04,2026-04-19,3,False,4.0
3829,2026-06-26,App,False,,2026-08-15,0,True,
3830,2026-08-17,Referral,False,,2026-08-22,0,True,
3831,2026-06-26,App,True,2026-06-29,2026-08-14,6,True,3.0
3832,2026-04-28,App,True,2026-05-01,2026-05-26,5,False,2.0
3833,2026-03-23,App,False,,2026-04-05,0,False,
3834,2026-04-01,Referral,False,,2026-04-23,0,True,
3835,2026-03-05,App,True,2026-03-07,2026-04-18,2,True,1.0
3836,2026-08-11,Referral,True,2026-08-11,2026-09-10,5,False,4.0
3837,2026-07-26,Referral,True,2026-07-28,2026-09-14,3,False,2.0
3838,2026-03-17,Web,False,,2026-04-28,0,True,
3839,2026-05-19,Referral,True,2026-05-22,2026-06-23,2,False,1.0
3840,2026-07-03,Web,True,2026-07-04,2026-08-26,4,True,4.0
3841,2026-08-11,App,True,2026-08-12,2026-08-16,6,False,3.0
3842,2026-03-22,Referral,True,2026-03-23,2026-04-08,2,False,1.0
3843,2026-08-09,Web,False,,2026-08-22,0,True,
3844,2026-08-14,App,True,2026-08-16,2026-09-05,4,True,1.0
3845,2026-05-30,App,True,2026-06-01,2026-07-09,0,True,
3846,2026-03-06,App,True,2026-03-09,2026-04-25,1,True,4.0
3847,2026-04-06,App,True,2026-04-06,2026-04-20,1,False,3.0
3848,2026-07-04,Referral,True,2026-07-05,2026-08-07,1,False,3.0
3849,2026-03-10,App,False,,2026-04-23,0,True,
3850,2026-06-27,App,True,2026-06-29,2026-07-02,3,False,1.0
3851,2026-05-18,Web,False,,2026-06-01,0,False,
3852,2026-08-16,Web,False,,2026-08-17,0,True,
3853,2026-07-18,Web,False,,2026-07-21,0,True,
3854,2026-05-11,Web,True,2026-05-13,2026-06-03,4,False,3.0
3855,2026-03-10,Referral,True,2026-03-10,2026-04-16,1,False,3.0
3856,2026-03-04,App,False,,2026-04-02,0,False,
3857,2026-03-19,Referral,False,,2026-05-08,0,True,
3858,2026-06-23,App,True,2026-06-23,2026-08-17,4,True,5.0
3859,2026-04-07,Web,True,2026-04-08,2026-05-05,3,True,5.0
3860,2026-02-23,App,False,,2026-04-06,0,True,
3861,2026-07-21,App,False,,2026-07-26,0,True,
3862,2026-05-17,Web,True,2026-05-17,2026-07-02,4,True,3.0
3863,2026-06-21,Web,True,2026-06-24,2026-08-19,2,True,4.0
3864,2026-07-26,App,True,2026-07-29,2026-08-01,4,False,3.0
3865,2026-07-26,Web,True,2026-07-27,2026-09-09,9,False,2.0
3866,2026-08-03,Referral,True,2026-08-03,2026-09-25,3,False,3.0
3867,2026-08-03,App,True,2026-08-03,2026-08-17,1,True,5.0
3868,2026-04-21,App,False,,2026-06-08,0,True,
3869,2026-03-05,App,False,,2026-04-20,0,True,
3870,2026-06-07,App,True,2026-06-07,2026-06-27,5,False,5.0
3871,2026-06-28,App,True,2026-07-01,2026-07-29,7,False,3.0
3872,2026-07-28,App,True,2026-07-29,2026-08-11,5,False,2.0
3873,2026-04-21,App,True,2026-04-23,2026-05-16,4,True,3.0
3874,2026-05-25,App,True,2026-05-27,2026-07-04,3,False,5.0
3875,2026-04-20,App,True,2026-04-21,2026-04-24,4,False,3.0
3876,2026-04-08,Referral,True,2026-04-11,2026-05-07,4,False,4.0
3877,2026-05-17,App,False,,2026-06-21,0,True,
3878,2026-07-08,App,True,2026-07-09,2026-07-31,3,True,5.0
3879,2026-08-05,Web,True,2026-08-05,2026-09-19,2,True,4.0
3880,2026-03-07,App,True,2026-03-10,2026-03-28,5,True,3.0
3881,2026-07-08,App,True,2026-07-08,2026-08-29,3,False,2.0
3882,2026-05-22,Web,True,2026-05-22,2026-05-29,3,False,3.0
3883,2026-05-09,App,True,2026-05-09,2026-06-27,4,True,3.0
3884,2026-05-30,Web,True,2026-06-01,2026-06-22,3,True,5.0
3885,2026-05-22,Web,False,,2026-06-16,0,True,
3886,2026-03-11,App,True,2026-03-13,2026-04-02,2,True,2.0
3887,2026-05-07,Web,True,2026-05-09,2026-06-18,3,False,1.0
3888,2026-03-03,Web,False,,2026-04-09,0,True,
3889,2026-04-25,App,True,2026-04-27,2026-04-26,2,False,4.0
3890,2026-07-15,Web,True,2026-07-16,2026-08-09,3,False,2.0
3891,2026-04-22,Web,False,,2026-05-29,0,True,
3892,2026-02-27,App,False,,2026-03-20,0,True,
3893,2026-08-01,Referral,True,2026-08-04,2026-08-22,4,False,2.0
3894,2026-08-13,Web,False,,2026-10-06,0,False,
3895,2026-03-25,Referral,False,,2026-04-24,0,True,
3896,2026-07-08,App,False,,2026-07-11,0,True,
3897,2026-04-04,App,True,2026-04-06,2026-05-21,4,False,2.0
3898,2026-04-27,Web,True,2026-04-27,2026-04-28,4,True,3.0
3899,2026-03-18,Referral,True,2026-03-20,2026-04-27,1,False,1.0
3900,2026-03-06,App,True,2026-03-08,2026-03-19,1,False,2.0
3901,2026-06-03,App,True,2026-06-06,2026-06-17,10,False,3.0
3902,2026-05-23,Referral,False,,2026-07-18,0,True,
3903,2026-08-04,Web,True,2026-08-07,2026-08-06,3,False,4.0
3904,2026-07-15,Web,True,2026-07-16,2026-09-03,3,False,3.0
3905,2026-06-06,Web,False,,2026-07-25,0,True,
3906,2026-07-12,App,False,,2026-07-25,0,False,
3907,2026-06-27,Web,False,,2026-08-22,0,True,
3908,2026-05-04,Referral,False,,2026-06-02,0,True,
3909,2026-08-07,Web,True,2026-08-09,2026-09-02,6,False,3.0
3910,2026-06-16,Web,True,2026-06-17,2026-06-21,1,True,4.0
3911,2026-05-24,App,False,,2026-07-12,0,False,
3912,2026-04-28,App,False,,2026-06-04,0,True,
3913,2026-04-15,Web,False,,2026-05-10,0,True,
3914,2026-07-28,App,False,,2026-09-15,0,True,
3915,2026-07-12,App,False,,2026-09-01,0,True,
3916,2026-07-31,App,False,,2026-08-09,0,True,
3917,2026-05-13,Web,True,2026-05-14,2026-05-14,1,True,2.0
3918,2026-05-12,Referral,True,2026-05-15,2026-05-30,2,False,4.0
3919,2026-06-17,App,True,2026-06-18,2026-06-18,1,False,5.0
3920,2026-06-11,Referral,False,,2026-06-17,0,True,
3921,2026-06-30,App,True,2026-07-02,2026-07-01,6,False,4.0
3922,2026-06-01,Web,True,2026-06-04,2026-07-04,3,False,1.0
3923,2026-03-18,App,True,2026-03-18,2026-03-31,6,False,2.0
3924,2026-06-15,Referral,True,2026-06-16,2026-07-25,2,False,5.0
3925,2026-04-02,App,True,2026-04-05,2026-05-09,7,True,4.0
3926,2026-03-11,Web,True,2026-03-11,2026-04-21,2,False,3.0
3927,2026-03-07,Web,False,,2026-04-02,0,True,
3928,2026-07-08,Web,True,2026-07-09,2026-08-18,0,True,
3929,2026-04-08,Referral,True,2026-04-10,2026-04-15,3,False,5.0
3930,2026-05-17,Web,True,2026-05-20,2026-06-24,3,False,2.0
3931,2026-03-19,App,True,2026-03-22,2026-04-24,4,False,3.0
3932,2026-05-09,Web,True,2026-05-11,2026-06-07,3,True,4.0
3933,2026-06-29,App,False,,2026-08-08,0,True,
3934,2026-03-08,App,True,2026-03-10,2026-05-07,3,False,5.0
3935,2026-07-17,Web,False,,2026-09-07,0,True,
3936,2026-06-01,App,True,2026-06-04,2026-07-28,5,True,2.0
3937,2026-04-27,Web,False,,2026-06-03,0,True,
3938,2026-06-18,App,True,2026-06-21,2026-07-09,1,False,3.0
3939,2026-08-04,App,True,2026-08-04,2026-08-16,3,False,5.0
3940,2026-05-02,Web,True,2026-05-02,2026-05-03,1,False,4.0
3941,2026-03-14,App,False,,2026-04-13,0,False,
3942,2026-08-17,Referral,True,2026-08-17,2026-09-09,2,False,3.0
3943,2026-03-24,Web,False,,2026-05-23,0,True,
3944,2026-07-10,App,True,2026-07-11,2026-07-11,4,True,2.0
3945,2026-05-25,App,True,2026-05-26,2026-07-21,1,False,1.0
3946,2026-04-30,Web,False,,2026-06-18,0,True,
3947,2026-02-27,App,True,2026-02-28,2026-03-05,5,False,1.0
3948,2026-05-06,Web,False,,2026-05-14,0,True,
3949,2026-03-28,Web,False,,2026-04-12,0,True,
3950,2026-04-16,App,True,2026-04-17,2026-05-21,3,False,5.0
3951,2026-07-31,App,True,2026-08-02,2026-09-02,1,False,1.0
3952,2026-04-22,App,False,,2026-05-07,0,True,
3953,2026-04-12,App,True,2026-04-14,2026-06-09,6,True,5.0
3954,2026-04-30,App,True,2026-05-02,2026-06-18,3,False,2.0
3955,2026-05-23,App,True,2026-05-26,2026-06-04,6,False,3.0
3956,2026-08-01,Web,True,2026-08-03,2026-08-09,2,True,5.0
3957,2026-07-30,App,True,2026-07-31,2026-09-12,1,True,5.0
3958,2026-07-25,App,True,2026-07-25,2026-08-14,2,False,1.0
3959,2026-08-19,Web,True,2026-08-20,2026-10-08,3,False,3.0
3960,2026-05-23,Referral,True,2026-05-26,2026-07-02,4,False,3.0
3961,2026-07-11,App,True,2026-07-12,2026-08-31,0,True,
3962,2026-02-26,App,True,2026-02-27,2026-04-07,6,True,4.0
3963,2026-08-14,App,False,,2026-09-26,0,False,
3964,2026-07-13,App,True,2026-07-16,2026-08-22,1,False,2.0
3965,2026-03-15,App,False,,2026-03-18,0,True,
3966,2026-07-30,Web,True,2026-08-01,2026-09-12,5,False,3.0
3967,2026-05-02,Web,False,,2026-05-31,0,True,
3968,2026-08-17,Web,True,2026-08-20,2026-09-24,5,True,2.0
3969,2026-03-16,Web,False,,2026-03-28,0,False,
3970,2026-07-16,App,True,2026-07-19,2026-07-17,4,False,2.0
3971,2026-04-12,Referral,False,,2026-06-10,0,True,
3972,2026-04-29,App,False,,2026-06-16,0,False,
3973,2026-02-27,App,True,2026-03-01,2026-03-21,5,False,5.0
3974,2026-03-28,Web,False,,2026-04-12,0,True,
3975,2026-04-21,App,False,,2026-04-25,0,False,
3976,2026-07-03,App,True,2026-07-03,2026-07-31,4,False,4.0
3977,2026-03-24,App,True,2026-03-25,2026-04-08,2,False,3.0
3978,2026-02-24,App,True,2026-02-27,2026-04-14,2,False,5.0
3979,2026-05-15,Referral,True,2026-05-17,2026-06-29,2,False,2.0
3980,2026-05-13,App,True,2026-05-16,2026-07-03,1,False,4.0
3981,2026-04-02,App,True,2026-04-05,2026-06-01,5,False,3.0
3982,2026-03-17,Web,True,2026-03-18,2026-03-31,3,True,2.0
3983,2026-04-27,Referral,True,2026-04-28,2026-05-22,4,False,4.0
3984,2026-02-22,Web,False,,2026-03-04,0,True,
3985,2026-03-31,Web,True,2026-04-02,2026-05-10,6,False,4.0
3986,2026-06-07,App,True,2026-06-08,2026-07-28,1,True,1.0
3987,2026-05-31,App,True,2026-06-02,2026-07-01,3,True,3.0
3988,2026-05-10,App,False,,2026-06-08,0,False,
3989,2026-05-14,App,True,2026-05-16,2026-05-29,4,False,3.0
3990,2026-06-28,Web,True,2026-06-29,2026-07-30,5,True,4.0
3991,2026-04-21,App,False,,2026-05-31,0,True,
3992,2026-06-24,App,True,2026-06-24,2026-07-28,1,False,1.0
3993,2026-03-30,App,False,,2026-04-06,0,False,
3994,2026-03-16,Web,True,2026-03-19,2026-04-26,1,False,3.0
3995,2026-04-09,App,True,2026-04-12,2026-05-28,5,False,5.0
3996,2026-02-27,Web,True,2026-02-27,2026-04-09,4,False,4.0
3997,2026-08-13,Referral,True,2026-08-15,2026-09-09,5,False,4.0
3998,2026-02-24,Web,True,2026-02-27,2026-04-22,2,True,1.0
3999,2026-08-13,App,True,2026-08-15,2026-10-06,2,False,1.0
4000,2026-05-01,Web,True,2026-05-04,2026-05-16,3,False,5.0
4001,2026-04-30,Web,True,2026-05-02,2026-05-13,3,False,2.0
4002,2026-03-06,App,False,,2026-03-31,0,True,
4003,2026-04-09,App,True,2026-04-12,2026-04-27,2,False,3.0
4004,2026-04-17,App,False,,2026-06-07,0,True,
4005,2026-06-12,App,True,2026-06-14,2026-06-28,3,True,4.0
4006,2026-07-05,Referral,False,,2026-08-16,0,True,
4007,2026-05-09,Web,True,2026-05-12,2026-06-02,5,True,4.0
4008,2026-07-19,App,False,,2026-07-28,0,True,
4009,2026-05-19,Web,True,2026-05-21,2026-07-11,4,False,4.0
4010,2026-07-14,Referral,True,2026-07-15,2026-08-26,9,True,2.0
4011,2026-07-28,App,False,,2026-08-16,0,True,
4012,2026-05-19,App,False,,2026-06-10,0,True,
4013,2026-05-03,Referral,False,,2026-05-26,0,True,
4014,2026-07-23,Referral,False,,2026-08-08,0,True,
4015,2026-07-29,App,True,2026-07-31,2026-09-02,1,False,1.0
4016,2026-08-19,Web,True,2026-08-22,2026-09-23,1,False,5.0
4017,2026-05-14,Web,True,2026-05-16,2026-06-11,3,False,2.0
4018,2026-05-10,App,False,,2026-07-04,0,True,
4019,2026-05-26,Web,False,,2026-06-14,0,True,
4020,2026-04-04,App,False,,2026-05-28,0,True,
4021,2026-03-12,Referral,False,,2026-03-19,0,False,
4022,2026-07-30,App,True,2026-08-01,2026-09-08,4,True,4.0
4023,2026-04-26,Web,False,,2026-05-24,0,False,
4024,2026-04-19,Referral,True,2026-04-21,2026-05-14,5,False,4.0
4025,2026-03-16,Referral,True,2026-03-19,2026-05-02,1,False,4.0
4026,2026-05-22,Referral,False,,2026-07-01,0,False,
4027,2026-07-03,Web,True,2026-07-03,2026-08-19,1,False,2.0
4028,2026-07-22,Web,True,2026-07-22,2026-08-04,4,True,5.0
4029,2026-08-19,App,False,,2026-10-03,0,True,
4030,2026-04-12,Web,False,,2026-04-15,0,True,
4031,2026-04-15,Referral,True,2026-04-18,2026-05-31,0,False,
4032,2026-07-05,App,True,2026-07-08,2026-08-14,2,False,4.0
4033,2026-02-28,App,True,2026-02-28,2026-04-01,3,False,1.0
4034,2026-07-28,Referral,True,2026-07-28,2026-09-01,4,False,1.0
4035,2026-07-16,App,True,2026-07-16,2026-08-12,5,True,5.0
4036,2026-08-05,Web,True,2026-08-06,2026-09-29,6,False,1.0
4037,2026-04-02,Web,False,,2026-04-11,0,False,
4038,2026-07-26,App,True,2026-07-27,2026-08-02,3,True,2.0
4039,2026-04-01,App,True,2026-04-01,2026-05-16,4,True,3.0
4040,2026-07-02,App,True,2026-07-03,2026-07-13,4,True,5.0
4041,2026-04-05,Web,True,2026-04-06,2026-04-07,2,False,4.0
4042,2026-03-31,App,True,2026-04-03,2026-04-28,4,False,5.0
4043,2026-04-05,App,True,2026-04-05,2026-04-18,2,False,4.0
4044,2026-05-09,Web,False,,2026-05-30,0,False,
4045,2026-04-02,Referral,True,2026-04-04,2026-05-25,4,False,3.0
4046,2026-04-29,App,True,2026-04-30,2026-05-15,1,False,1.0
4047,2026-03-05,Web,True,2026-03-07,2026-04-27,6,True,1.0
4048,2026-04-26,Referral,True,2026-04-28,2026-05-28,5,False,2.0
4049,2026-05-16,Web,False,,2026-05-31,0,True,
4050,2026-03-27,Web,False,,2026-03-30,0,True,
4051,2026-03-04,Web,False,,2026-04-11,0,True,
4052,2026-08-05,Web,True,2026-08-06,2026-09-02,0,False,
4053,2026-05-29,App,True,2026-05-29,2026-06-28,4,False,1.0
4054,2026-06-02,App,True,2026-06-03,2026-07-03,4,True,2.0
4055,2026-07-29,Web,True,2026-07-30,2026-08-09,1,False,2.0
4056,2026-06-08,Web,False,,2026-06-19,0,True,
4057,2026-06-25,Referral,True,2026-06-28,2026-08-10,1,True,2.0
4058,2026-06-13,Referral,False,,2026-07-18,0,True,
4059,2026-06-09,App,True,2026-06-12,2026-07-25,4,False,4.0
4060,2026-04-03,App,False,,2026-06-01,0,True,
4061,2026-07-30,Web,True,2026-07-31,2026-08-04,2,True,1.0
4062,2026-05-10,App,True,2026-05-10,2026-06-11,3,True,2.0
4063,2026-03-03,Web,True,2026-03-04,2026-03-11,6,True,2.0
4064,2026-03-25,App,True,2026-03-25,2026-04-01,6,False,4.0
4065,2026-07-17,Web,False,,2026-08-03,0,True,
4066,2026-07-30,Web,False,,2026-09-18,0,True,
4067,2026-04-27,Web,True,2026-04-29,2026-05-17,2,False,1.0
4068,2026-07-30,App,False,,2026-08-04,0,True,
4069,2026-04-23,App,False,,2026-06-21,0,True,
4070,2026-04-21,App,False,,2026-05-02,0,True,
4071,2026-08-08,App,True,2026-08-08,2026-08-14,6,False,3.0
4072,2026-06-22,Web,True,2026-06-24,2026-07-09,1,False,1.0
4073,2026-04-08,App,False,,2026-04-25,0,False,
4074,2026-05-10,Web,True,2026-05-10,2026-06-15,3,False,4.0
4075,2026-04-08,App,False,,2026-04-27,0,True,
4076,2026-04-06,Web,True,2026-04-06,2026-05-31,3,False,2.0
4077,2026-05-25,App,False,,2026-06-17,0,True,
4078,2026-06-01,Web,True,2026-06-02,2026-07-10,2,False,2.0
4079,2026-04-11,Web,True,2026-04-11,2026-06-04,7,False,3.0
4080,2026-05-10,Web,True,2026-05-13,2026-06-09,4,True,1.0
4081,2026-04-14,App,True,2026-04-14,2026-05-02,1,False,5.0
4082,2026-05-30,App,False,,2026-06-03,0,False,
4083,2026-08-19,Web,True,2026-08-19,2026-09-25,1,True,1.0
4084,2026-05-25,App,True,2026-05-26,2026-06-23,4,False,1.0
4085,2026-07-29,App,False,,2026-09-18,0,True,
4086,2026-05-15,App,False,,2026-06-06,0,True,
4087,2026-07-02,App,False,,2026-07-17,0,True,
4088,2026-08-14,App,False,,2026-09-15,0,False,
4089,2026-05-02,Referral,True,2026-05-05,2026-06-18,2,False,4.0
4090,2026-06-18,Web,False,,2026-07-14,0,False,
4091,2026-03-03,App,False,,2026-03-09,0,False,
4092,2026-06-28,App,False,,2026-08-09,0,True,
4093,2026-04-05,Web,False,,2026-05-09,0,True,
4094,2026-06-29,Web,True,2026-06-29,2026-08-14,3,True,1.0
4095,2026-03-07,Web,True,2026-03-10,2026-04-05,4,True,1.0
4096,2026-04-03,Web,False,,2026-04-22,0,True,
4097,2026-02-24,Referral,False,,2026-03-30,0,False,
4098,2026-05-13,Web,True,2026-05-13,2026-05-22,2,False,3.0
4099,2026-05-06,App,False,,2026-06-30,0,False,
4100,2026-06-22,App,True,2026-06-23,2026-07-04,4,False,3.0
4101,2026-03-07,App,True,2026-03-09,2026-04-13,2,True,3.0
4102,2026-04-09,Web,True,2026-04-11,2026-04-16,1,False,5.0
4103,2026-03-25,App,True,2026-03-28,2026-04-16,2,False,5.0
4104,2026-02-25,Referral,True,2026-02-26,2026-03-06,4,True,3.0
4105,2026-03-20,App,True,2026-03-21,2026-04-24,4,True,1.0
4106,2026-06-20,Web,False,,2026-07-28,0,False,
4107,2026-05-02,Web,True,2026-05-03,2026-05-20,0,True,
4108,2026-03-10,Web,True,2026-03-10,2026-04-25,4,True,1.0
4109,2026-05-27,Web,True,2026-05-27,2026-07-20,4,False,2.0
4110,2026-08-20,Web,False,,2026-10-13,0,False,
4111,2026-06-10,App,True,2026-06-12,2026-06-14,7,True,3.0
4112,2026-04-06,App,True,2026-04-08,2026-06-03,3,False,5.0
4113,2026-05-29,Referral,True,2026-05-29,2026-07-05,2,True,5.0
4114,2026-07-16,App,True,2026-07-16,2026-08-16,7,False,2.0
4115,2026-07-27,Web,True,2026-07-28,2026-07-29,2,False,3.0
4116,2026-06-19,Web,False,,2026-08-12,0,True,
4117,2026-07-16,Web,False,,2026-08-08,0,True,
4118,2026-02-26,Web,True,2026-02-28,2026-03-31,2,False,4.0
4119,2026-08-14,App,True,2026-08-17,2026-08-23,3,False,2.0
4120,2026-06-27,App,False,,2026-08-22,0,True,
4121,2026-05-20,Web,False,,2026-07-06,0,True,
4122,2026-04-23,App,True,2026-04-25,2026-06-01,2,False,1.0
4123,2026-06-28,App,True,2026-06-28,2026-07-28,6,True,5.0
4124,2026-04-11,Web,True,2026-04-14,2026-06-01,3,False,5.0
4125,2026-06-13,App,True,2026-06-16,2026-06-28,5,True,4.0
4126,2026-03-28,Referral,True,2026-03-29,2026-04-11,4,False,3.0
4127,2026-05-29,App,True,2026-05-31,2026-06-12,2,False,5.0
4128,2026-06-03,Web,False,,2026-06-17,0,False,
4129,2026-07-07,App,True,2026-07-09,2026-07-23,2,True,4.0
4130,2026-03-11,Web,False,,2026-04-29,0,True,
4131,2026-08-17,Web,False,,2026-08-27,0,False,
4132,2026-02-27,Referral,True,2026-03-02,2026-04-23,5,True,2.0
4133,2026-08-02,App,True,2026-08-05,2026-09-20,0,False,
4134,2026-08-08,App,True,2026-08-10,2026-08-14,2,True,1.0
4135,2026-03-16,Web,True,2026-03-18,2026-05-15,2,False,2.0
4136,2026-05-05,App,True,2026-05-06,2026-05-06,5,True,5.0
4137,2026-06-24,Referral,True,2026-06-25,2026-07-31,2,True,4.0
4138,2026-02-25,App,True,2026-02-25,2026-03-23,5,False,5.0
4139,2026-05-03,App,True,2026-05-04,2026-06-18,1,True,3.0
4140,2026-03-31,App,True,2026-04-03,2026-05-07,4,False,3.0
4141,2026-04-01,Web,True,2026-04-02,2026-04-13,1,False,1.0
4142,2026-05-04,App,True,2026-05-06,2026-05-08,2,False,1.0
4143,2026-05-08,Web,True,2026-05-08,2026-06-10,4,True,2.0
4144,2026-06-30,Referral,False,,2026-07-06,0,True,
4145,2026-03-26,App,True,2026-03-29,2026-04-11,4,False,5.0
4146,2026-08-02,Web,True,2026-08-05,2026-08-19,0,True,
4147,2026-03-02,Referral,True,2026-03-05,2026-03-30,2,False,4.0
4148,2026-06-11,App,True,2026-06-12,2026-07-24,0,False,
4149,2026-04-05,App,True,2026-04-05,2026-05-27,6,False,1.0
4150,2026-07-04,App,True,2026-07-06,2026-09-02,4,False,2.0
4151,2026-04-26,Referral,True,2026-04-28,2026-05-11,3,False,2.0
4152,2026-06-04,Referral,True,2026-06-07,2026-07-06,6,False,3.0
4153,2026-06-11,App,False,,2026-06-23,0,True,
4154,2026-03-26,App,False,,2026-04-28,0,True,
4155,2026-08-09,Web,True,2026-08-09,2026-09-30,4,False,2.0
4156,2026-07-17,App,True,2026-07-19,2026-08-26,4,False,5.0
4157,2026-05-10,App,True,2026-05-12,2026-05-29,3,False,2.0
4158,2026-07-31,App,False,,2026-09-07,0,True,
4159,2026-04-05,Referral,False,,2026-05-10,0,True,
4160,2026-05-06,App,False,,2026-06-29,0,True,
4161,2026-03-26,App,True,2026-03-27,2026-04-02,5,False,4.0
4162,2026-04-07,Web,False,,2026-04-19,0,True,
4163,2026-02-26,App,True,2026-02-27,2026-04-16,4,False,2.0
4164,2026-05-15,App,True,2026-05-16,2026-06-27,6,True,3.0
4165,2026-03-12,Referral,True,2026-03-13,2026-04-22,4,False,5.0
4166,2026-07-26,App,False,,2026-09-20,0,True,
4167,2026-04-26,App,False,,2026-05-12,0,True,
4168,2026-05-29,App,False,,2026-06-19,0,True,
4169,2026-07-14,Web,True,2026-07-14,2026-08-29,3,False,2.0
4170,2026-04-27,App,False,,2026-05-29,0,False,
4171,2026-07-05,App,True,2026-07-06,2026-08-29,1,False,1.0
4172,2026-05-31,Web,True,2026-06-03,2026-07-29,2,True,2.0
4173,2026-03-31,App,True,2026-04-03,2026-05-18,5,False,2.0
4174,2026-04-11,App,True,2026-04-12,2026-05-29,3,False,4.0
4175,2026-06-15,App,False,,2026-06-22,0,False,
4176,2026-08-14,App,True,2026-08-16,2026-09-11,5,True,2.0
4177,2026-05-03,Web,True,2026-05-04,2026-06-22,1,False,3.0
4178,2026-04-21,App,True,2026-04-23,2026-05-29,0,False,
4179,2026-05-27,App,True,2026-05-30,2026-06-25,2,False,5.0
4180,2026-07-04,Referral,True,2026-07-06,2026-08-22,1,True,3.0
4181,2026-04-28,Web,True,2026-04-30,2026-05-20,5,True,5.0
4182,2026-05-07,Web,True,2026-05-09,2026-06-11,3,False,4.0
4183,2026-07-19,App,True,2026-07-19,2026-07-30,1,True,2.0
4184,2026-05-27,App,False,,2026-06-14,0,False,
4185,2026-05-06,Web,True,2026-05-09,2026-05-15,0,False,
4186,2026-05-08,App,True,2026-05-11,2026-07-03,0,True,
4187,2026-08-01,App,True,2026-08-02,2026-09-27,3,True,1.0
4188,2026-08-05,App,True,2026-08-05,2026-09-01,5,False,2.0
4189,2026-03-06,Web,True,2026-03-08,2026-04-28,2,False,2.0
4190,2026-06-17,App,False,,2026-06-26,0,True,
4191,2026-05-22,Referral,True,2026-05-24,2026-05-23,0,True,
4192,2026-08-09,App,False,,2026-09-29,0,True,
4193,2026-08-20,App,False,,2026-08-25,0,True,
4194,2026-05-30,Web,False,,2026-07-14,0,True,
4195,2026-05-12,Web,True,2026-05-12,2026-06-13,5,False,3.0
4196,2026-05-01,App,False,,2026-06-04,0,True,
4197,2026-06-25,Web,True,2026-06-28,2026-08-20,5,False,5.0
4198,2026-06-11,Web,True,2026-06-11,2026-07-21,4,True,2.0
4199,2026-05-15,App,True,2026-05-15,2026-07-04,2,False,4.0
4200,2026-05-18,App,True,2026-05-18,2026-06-08,2,True,4.0
4201,2026-06-04,Referral,False,,2026-07-07,0,True,
4202,2026-03-17,App,True,2026-03-17,2026-04-04,10,False,5.0
4203,2026-06-05,Web,True,2026-06-05,2026-06-08,2,True,5.0
4204,2026-04-13,App,True,2026-04-15,2026-05-03,1,False,2.0
4205,2026-04-28,Web,True,2026-04-29,2026-05-12,3,False,5.0
4206,2026-08-07,Web,False,,2026-09-04,0,True,
4207,2026-03-02,App,True,2026-03-04,2026-03-15,0,False,
4208,2026-08-04,Referral,False,,2026-08-22,0,False,
4209,2026-07-30,App,True,2026-08-02,2026-09-09,2,True,2.0
4210,2026-08-15,App,True,2026-08-15,2026-10-01,1,False,1.0
4211,2026-04-29,App,False,,2026-05-16,0,True,
4212,2026-07-09,App,False,,2026-07-14,0,True,
4213,2026-06-14,Web,True,2026-06-14,2026-06-18,3,False,2.0
4214,2026-06-15,Referral,True,2026-06-15,2026-08-01,5,False,1.0
4215,2026-05-22,Web,True,2026-05-25,2026-06-01,3,False,5.0
4216,2026-05-22,Web,False,,2026-07-07,0,True,
4217,2026-07-06,App,False,,2026-07-15,0,True,
4218,2026-05-21,App,False,,2026-07-16,0,False,
4219,2026-05-24,Web,True,2026-05-25,2026-05-26,4,True,5.0
4220,2026-03-23,Referral,True,2026-03-26,2026-04-11,2,False,4.0
4221,2026-05-26,Web,True,2026-05-28,2026-06-25,3,True,1.0
4222,2026-04-05,App,True,2026-04-06,2026-05-17,3,False,5.0
4223,2026-03-22,App,False,,2026-03-28,0,True,
4224,2026-07-14,App,True,2026-07-15,2026-07-23,3,False,5.0
4225,2026-03-16,Referral,True,2026-03-16,2026-04-21,2,True,2.0
4226,2026-03-30,App,True,2026-03-31,2026-05-15,1,True,5.0
4227,2026-07-04,Web,False,,2026-07-15,0,True,
4228,2026-03-01,App,True,2026-03-03,2026-04-16,2,True,4.0
4229,2026-06-06,Web,False,,2026-06-09,0,True,
4230,2026-08-17,Web,True,2026-08-20,2026-10-08,4,False,1.0
4231,2026-07-23,Referral,True,2026-07-25,2026-09-09,5,False,2.0
4232,2026-05-20,Web,False,,2026-07-10,0,False,
4233,2026-06-27,App,False,,2026-08-24,0,False,
4234,2026-06-01,Web,True,2026-06-03,2026-07-28,1,False,3.0
4235,2026-05-18,App,True,2026-05-21,2026-06-21,3,True,5.0
4236,2026-06-05,App,False,,2026-07-04,0,True,
4237,2026-07-24,Web,True,2026-07-27,2026-08-15,1,False,2.0
4238,2026-04-13,Web,False,,2026-05-20,0,False,
4239,2026-04-05,App,False,,2026-04-14,0,True,
4240,2026-06-14,Referral,True,2026-06-17,2026-06-30,2,True,1.0
4241,2026-03-10,Web,True,2026-03-12,2026-04-02,1,False,5.0
4242,2026-07-06,App,True,2026-07-07,2026-08-18,4,False,2.0
4243,2026-06-26,Web,False,,2026-07-12,0,True,
4244,2026-07-19,App,True,2026-07-21,2026-07-29,3,False,1.0
4245,2026-06-03,App,True,2026-06-06,2026-06-11,1,False,3.0
4246,2026-06-08,Web,True,2026-06-10,2026-07-10,2,True,2.0
4247,2026-05-26,Web,True,2026-05-29,2026-07-20,3,True,5.0
4248,2026-05-23,Referral,False,,2026-07-12,0,True,
4249,2026-06-05,App,False,,2026-06-11,0,True,
4250,2026-06-30,Referral,False,,2026-08-12,0,True,
4251,2026-07-20,Web,True,2026-07-23,2026-09-17,6,False,2.0
4252,2026-07-13,Web,False,,2026-07-25,0,True,
4253,2026-07-03,App,True,2026-07-06,2026-08-15,4,False,4.0
4254,2026-03-08,Web,True,2026-03-11,2026-04-01,2,True,5.0
4255,2026-05-30,Web,True,2026-06-01,2026-07-13,2,True,4.0
4256,2026-04-11,App,False,,2026-05-31,0,True,
4257,2026-04-21,Referral,False,,2026-06-18,0,True,
4258,2026-07-11,App,True,2026-07-11,2026-08-03,1,False,4.0
4259,2026-06-14,App,True,2026-06-17,2026-06-17,2,False,5.0
4260,2026-04-24,App,False,,2026-06-22,0,False,
4261,2026-04-12,Web,False,,2026-05-07,0,True,
4262,2026-03-27,Web,True,2026-03-27,2026-05-21,3,False,1.0
4263,2026-07-11,Web,True,2026-07-11,2026-08-30,3,False,1.0
4264,2026-03-30,Referral,False,,2026-04-25,0,False,
4265,2026-07-12,App,False,,2026-08-11,0,True,
4266,2026-02-23,Web,False,,2026-02-28,0,True,
4267,2026-07-27,Web,True,2026-07-28,2026-09-16,1,False,4.0
4268,2026-07-25,Web,True,2026-07-28,2026-08-26,4,False,1.0
4269,2026-08-06,Referral,True,2026-08-09,2026-08-29,2,False,1.0
4270,2026-06-08,Referral,True,2026-06-11,2026-07-04,4,False,4.0
4271,2026-05-10,App,True,2026-05-13,2026-06-21,2,False,1.0
4272,2026-04-24,Referral,False,,2026-06-20,0,True,
4273,2026-05-27,App,True,2026-05-27,2026-06-25,4,False,4.0
4274,2026-05-19,App,False,,2026-07-02,0,True,
4275,2026-07-26,App,True,2026-07-26,2026-08-15,2,False,2.0
4276,2026-07-27,Web,True,2026-07-28,2026-08-03,2,True,4.0
4277,2026-06-05,Web,False,,2026-08-01,0,False,
4278,2026-04-28,App,True,2026-04-30,2026-04-30,2,True,4.0
4279,2026-04-18,App,True,2026-04-20,2026-05-26,5,False,1.0
4280,2026-03-26,Web,False,,2026-04-03,0,True,
4281,2026-05-30,Web,True,2026-06-01,2026-07-09,4,True,2.0
4282,2026-08-14,App,True,2026-08-14,2026-09-06,3,False,3.0
4283,2026-03-01,App,True,2026-03-02,2026-03-07,0,True,
4284,2026-04-01,App,True,2026-04-04,2026-05-14,7,True,1.0
4285,2026-03-29,Web,True,2026-03-29,2026-05-02,2,True,2.0
4286,2026-04-04,Web,False,,2026-05-11,0,True,
4287,2026-08-04,Web,True,2026-08-07,2026-08-29,5,False,1.0
4288,2026-02-27,App,False,,2026-04-09,0,True,
4289,2026-06-13,App,True,2026-06-15,2026-07-14,0,False,
4290,2026-08-19,App,True,2026-08-20,2026-09-28,1,False,3.0
4291,2026-07-11,App,False,,2026-08-06,0,True,
4292,2026-05-23,Web,False,,2026-06-22,0,False,
4293,2026-08-13,App,True,2026-08-15,2026-09-21,2,False,5.0
4294,2026-05-07,Web,True,2026-05-08,2026-05-13,1,False,2.0
4295,2026-06-05,Web,False,,2026-07-18,0,True,
4296,2026-03-10,App,True,2026-03-13,2026-05-06,2,True,4.0
4297,2026-06-30,App,False,,2026-07-26,0,False,
4298,2026-04-19,App,True,2026-04-21,2026-06-17,3,False,3.0
4299,2026-05-17,App,False,,2026-06-27,0,True,
4300,2026-06-02,App,True,2026-06-02,2026-06-24,1,True,4.0
4301,2026-04-25,Referral,False,,2026-06-13,0,True,
4302,2026-05-14,Web,True,2026-05-17,2026-06-30,2,False,4.0
4303,2026-03-20,App,True,2026-03-20,2026-05-03,4,False,2.0
4304,2026-05-23,Referral,False,,2026-07-19,0,True,
4305,2026-05-17,Web,True,2026-05-18,2026-07-06,7,True,1.0
4306,2026-07-15,App,True,2026-07-17,2026-09-11,3,False,5.0
4307,2026-06-13,Web,False,,2026-06-14,0,False,
4308,2026-03-10,App,False,,2026-04-03,0,True,
4309,2026-03-21,Web,True,2026-03-24,2026-04-21,5,True,4.0
4310,2026-07-25,App,False,,2026-09-04,0,True,
4311,2026-07-26,Referral,False,,2026-08-26,0,True,
4312,2026-08-05,Web,False,,2026-10-03,0,True,
4313,2026-04-17,App,False,,2026-04-29,0,True,
4314,2026-03-24,Web,True,2026-03-27,2026-05-12,4,False,2.0
4315,2026-07-29,App,False,,2026-09-13,0,True,
4316,2026-07-31,Web,True,2026-07-31,2026-09-26,0,True,
4317,2026-06-02,Referral,False,,2026-06-19,0,True,
4318,2026-02-23,App,True,2026-02-26,2026-04-23,3,False,1.0
4319,2026-05-15,App,True,2026-05-18,2026-07-09,5,True,4.0
4320,2026-04-26,Referral,False,,2026-05-17,0,True,
4321,2026-06-22,Referral,False,,2026-07-08,0,True,
4322,2026-04-14,App,True,2026-04-15,2026-06-06,5,False,4.0
4323,2026-06-16,Web,False,,2026-07-04,0,True,
4324,2026-07-14,App,True,2026-07-14,2026-09-04,4,False,5.0
4325,2026-06-20,App,False,,2026-08-13,0,True,
4326,2026-08-03,Web,True,2026-08-06,2026-09-26,1,True,5.0
4327,2026-08-20,App,True,2026-08-23,2026-10-10,7,False,1.0
4328,2026-04-21,App,True,2026-04-23,2026-05-13,4,False,1.0
4329,2026-06-27,Referral,True,2026-06-27,2026-07-11,4,True,4.0
4330,2026-05-03,Referral,True,2026-05-03,2026-05-05,3,True,5.0
4331,2026-07-14,App,True,2026-07-17,2026-08-02,4,False,4.0
4332,2026-08-04,App,True,2026-08-07,2026-09-07,5,False,1.0
4333,2026-07-28,Referral,True,2026-07-31,2026-08-20,2,True,5.0
4334,2026-05-15,Web,True,2026-05-15,2026-06-29,2,True,3.0
4335,2026-05-04,App,True,2026-05-06,2026-06-15,2,True,3.0
4336,2026-04-17,Web,True,2026-04-17,2026-04-24,1,False,2.0
4337,2026-04-11,Web,True,2026-04-14,2026-06-01,3,False,3.0
4338,2026-04-22,Web,True,2026-04-25,2026-06-01,4,True,1.0
4339,2026-03-22,App,False,,2026-04-02,0,True,
4340,2026-06-07,Referral,False,,2026-07-15,0,False,
4341,2026-06-18,Referral,False,,2026-08-13,0,True,
4342,2026-05-10,App,True,2026-05-11,2026-06-30,3,False,5.0
4343,2026-08-14,Web,True,2026-08-14,2026-08-28,5,True,1.0
4344,2026-08-15,Web,True,2026-08-16,2026-09-17,3,False,3.0
4345,2026-04-19,Referral,True,2026-04-19,2026-05-13,3,True,3.0
4346,2026-07-10,Web,True,2026-07-11,2026-09-05,3,True,4.0
4347,2026-04-18,Referral,True,2026-04-21,2026-06-01,5,False,2.0
4348,2026-08-02,App,False,,2026-08-07,0,True,
4349,2026-07-28,App,True,2026-07-28,2026-09-04,3,True,2.0
4350,2026-04-15,Web,True,2026-04-15,2026-05-23,3,False,4.0
4351,2026-06-04,App,True,2026-06-07,2026-07-05,2,True,4.0
4352,2026-03-18,App,True,2026-03-21,2026-05-10,5,False,4.0
4353,2026-03-09,App,False,,2026-04-09,0,True,
4354,2026-07-14,Web,False,,2026-07-24,0,True,
4355,2026-06-11,Web,True,2026-06-12,2026-06-13,4,False,3.0
4356,2026-07-31,App,True,2026-07-31,2026-09-21,2,False,1.0
4357,2026-05-07,Web,True,2026-05-07,2026-05-13,7,False,2.0
4358,2026-03-01,App,True,2026-03-04,2026-03-07,1,True,3.0
4359,2026-08-19,App,False,,2026-09-21,0,True,
4360,2026-04-09,App,False,,2026-05-27,0,True,
4361,2026-04-08,App,True,2026-04-11,2026-04-16,2,False,4.0
4362,2026-06-16,Web,True,2026-06-19,2026-07-04,2,False,3.0
4363,2026-07-27,Web,True,2026-07-28,2026-08-24,1,True,3.0
4364,2026-03-23,App,False,,2026-05-05,0,True,
4365,2026-07-05,Web,True,2026-07-08,2026-09-03,1,True,3.0
4366,2026-07-26,Web,True,2026-07-26,2026-09-22,2,False,1.0
4367,2026-03-19,Web,True,2026-03-21,2026-05-06,3,False,4.0
4368,2026-03-16,Web,False,,2026-04-06,0,True,
4369,2026-07-21,App,False,,2026-08-11,0,False,
4370,2026-03-06,App,True,2026-03-09,2026-03-07,2,False,5.0
4371,2026-04-06,App,False,,2026-05-31,0,True,
4372,2026-05-23,Referral,True,2026-05-26,2026-07-08,3,True,4.0
4373,2026-05-27,App,True,2026-05-29,2026-07-13,1,False,3.0
4374,2026-05-17,App,True,2026-05-19,2026-06-03,4,False,2.0
4375,2026-04-25,App,False,,2026-05-27,0,True,
4376,2026-08-05,Referral,True,2026-08-08,2026-08-06,2,False,5.0
4377,2026-03-18,Web,False,,2026-05-17,0,True,
4378,2026-05-20,App,False,,2026-06-28,0,True,
4379,2026-05-17,Referral,True,2026-05-18,2026-06-12,3,True,1.0
4380,2026-08-03,App,True,2026-08-06,2026-09-06,1,False,3.0
4381,2026-03-12,Web,True,2026-03-15,2026-03-13,3,True,4.0
4382,2026-03-29,App,True,2026-03-30,2026-04-16,4,False,5.0
4383,2026-07-23,App,False,,2026-09-05,0,True,
4384,2026-06-13,App,False,,2026-07-14,0,True,
4385,2026-06-08,Referral,False,,2026-06-23,0,True,
4386,2026-07-27,App,True,2026-07-29,2026-08-19,1,False,2.0
4387,2026-05-19,App,True,2026-05-20,2026-06-01,1,True,4.0
4388,2026-04-02,Referral,True,2026-04-02,2026-05-09,1,False,2.0
4389,2026-06-12,Web,False,,2026-08-02,0,False,
4390,2026-07-16,App,False,,2026-07-22,0,False,
4391,2026-03-12,App,True,2026-03-12,2026-05-01,1,False,4.0
4392,2026-05-18,App,True,2026-05-19,2026-05-27,2,False,2.0
4393,2026-04-07,App,True,2026-04-10,2026-04-09,3,False,5.0
4394,2026-07-19,App,False,,2026-07-30,0,True,
4395,2026-07-13,App,True,2026-07-15,2026-08-06,6,False,4.0
4396,2026-04-10,App,False,,2026-05-03,0,True,
4397,2026-02-27,Web,True,2026-03-02,2026-03-24,2,False,2.0
4398,2026-05-18,Web,True,2026-05-21,2026-06-10,3,False,3.0
4399,2026-07-31,Web,True,2026-08-02,2026-09-01,4,False,5.0
4400,2026-08-11,App,False,,2026-09-26,0,True,
4401,2026-08-20,Web,False,,2026-09-05,0,False,
4402,2026-06-15,Referral,True,2026-06-17,2026-07-28,2,False,3.0
4403,2026-05-15,Referral,False,,2026-05-19,0,True,
4404,2026-04-24,Web,True,2026-04-27,2026-05-22,3,False,2.0
4405,2026-08-14,Web,False,,2026-08-31,0,True,
4406,2026-06-12,App,True,2026-06-12,2026-07-30,1,False,2.0
4407,2026-07-26,App,False,,2026-08-23,0,True,
4408,2026-08-09,Referral,True,2026-08-10,2026-08-23,2,False,1.0
4409,2026-05-15,Web,True,2026-05-15,2026-06-12,0,False,
4410,2026-02-25,App,True,2026-02-28,2026-04-18,1,False,5.0
4411,2026-07-15,App,True,2026-07-15,2026-07-21,1,False,3.0
4412,2026-02-24,Referral,True,2026-02-24,2026-03-29,2,False,4.0
4413,2026-07-04,Web,False,,2026-08-28,0,False,
4414,2026-05-13,App,False,,2026-05-24,0,True,
4415,2026-06-17,App,True,2026-06-19,2026-07-22,5,True,3.0
4416,2026-08-07,App,True,2026-08-10,2026-09-01,3,False,1.0
4417,2026-04-14,App,True,2026-04-16,2026-05-16,6,True,2.0
4418,2026-06-14,App,True,2026-06-16,2026-07-30,1,True,3.0
4419,2026-02-27,Web,True,2026-03-01,2026-03-24,7,False,5.0
4420,2026-04-29,App,True,2026-04-29,2026-05-04,6,True,5.0
4421,2026-03-14,App,True,2026-03-14,2026-04-24,4,False,3.0
4422,2026-05-25,Web,True,2026-05-28,2026-07-03,3,False,1.0
4423,2026-04-06,Referral,True,2026-04-08,2026-05-06,3,False,4.0
4424,2026-06-07,Web,False,,2026-06-29,0,True,
4425,2026-07-11,App,True,2026-07-13,2026-08-11,5,True,4.0
4426,2026-03-10,Web,True,2026-03-10,2026-03-22,5,False,2.0
4427,2026-04-21,Referral,True,2026-04-21,2026-05-21,4,True,2.0
4428,2026-05-27,App,False,,2026-06-15,0,True,
4429,2026-08-04,Web,True,2026-08-07,2026-09-23,3,False,4.0
4430,2026-07-09,App,True,2026-07-09,2026-08-19,3,False,2.0
4431,2026-02-24,Referral,True,2026-02-25,2026-03-31,7,False,2.0
4432,2026-07-21,Web,True,2026-07-23,2026-08-25,0,False,
4433,2026-08-20,Web,False,,2026-09-21,0,True,
4434,2026-06-24,App,True,2026-06-25,2026-07-10,1,True,5.0
4435,2026-03-07,App,True,2026-03-09,2026-04-29,5,False,2.0
4436,2026-07-27,App,True,2026-07-28,2026-08-24,3,True,5.0
4437,2026-05-20,Referral,True,2026-05-20,2026-06-17,3,False,1.0
4438,2026-04-03,App,True,2026-04-03,2026-05-16,5,True,3.0
4439,2026-05-22,Web,True,2026-05-25,2026-06-29,2,False,4.0
4440,2026-07-20,App,False,,2026-08-03,0,True,
4441,2026-06-10,Web,True,2026-06-10,2026-06-29,3,True,4.0
4442,2026-08-14,Web,True,2026-08-17,2026-10-06,4,False,4.0
4443,2026-06-02,App,True,2026-06-03,2026-07-24,1,False,1.0
4444,2026-03-31,Referral,True,2026-04-02,2026-04-16,2,True,1.0
4445,2026-04-09,Referral,True,2026-04-11,2026-05-07,7,False,4.0
4446,2026-03-24,Web,False,,2026-04-01,0,True,
4447,2026-06-09,Web,True,2026-06-09,2026-07-10,1,False,5.0
4448,2026-05-05,App,True,2026-05-05,2026-05-06,0,False,
4449,2026-08-07,App,True,2026-08-08,2026-08-26,3,False,3.0
4450,2026-07-09,App,False,,2026-08-30,0,True,
4451,2026-04-24,Web,True,2026-04-24,2026-06-23,2,False,4.0
4452,2026-06-18,App,True,2026-06-21,2026-07-07,2,True,1.0
4453,2026-03-09,Web,True,2026-03-10,2026-03-15,1,False,2.0
4454,2026-07-03,Web,True,2026-07-04,2026-07-26,3,True,1.0
4455,2026-06-23,App,True,2026-06-26,2026-06-28,2,False,3.0
4456,2026-05-05,App,True,2026-05-07,2026-06-05,2,True,1.0
4457,2026-03-28,Referral,True,2026-03-31,2026-04-14,6,False,2.0
4458,2026-06-19,Web,True,2026-06-20,2026-08-17,1,True,1.0
4459,2026-06-16,Web,True,2026-06-19,2026-08-03,0,False,
4460,2026-06-22,Web,True,2026-06-25,2026-06-28,2,False,2.0
4461,2026-05-23,App,True,2026-05-23,2026-07-08,6,False,5.0
4462,2026-07-11,App,False,,2026-08-19,0,True,
4463,2026-06-28,App,False,,2026-07-10,0,True,
4464,2026-06-28,App,True,2026-06-28,2026-08-15,5,False,4.0
4465,2026-05-22,Web,True,2026-05-25,2026-06-29,2,True,1.0
4466,2026-05-06,App,True,2026-05-09,2026-05-11,4,False,3.0
4467,2026-05-30,App,True,2026-05-31,2026-07-10,5,False,2.0
4468,2026-03-02,Web,False,,2026-03-31,0,False,
4469,2026-07-23,Web,False,,2026-07-25,0,True,
4470,2026-04-14,Web,True,2026-04-17,2026-06-03,4,False,3.0
4471,2026-03-14,Referral,True,2026-03-17,2026-04-05,6,True,2.0
4472,2026-04-02,Web,True,2026-04-04,2026-04-25,3,False,4.0
4473,2026-05-27,Web,True,2026-05-28,2026-07-23,0,True,
4474,2026-07-26,Web,False,,2026-09-13,0,True,
4475,2026-05-01,Web,True,2026-05-01,2026-06-12,4,False,2.0
4476,2026-07-24,Web,False,,2026-08-07,0,True,
4477,2026-07-27,Web,True,2026-07-29,2026-08-20,3,False,5.0
4478,2026-05-14,Web,True,2026-05-17,2026-06-05,1,True,5.0
4479,2026-08-04,App,True,2026-08-04,2026-08-27,5,False,1.0
4480,2026-04-24,App,True,2026-04-25,2026-04-28,4,False,4.0
4481,2026-03-21,App,True,2026-03-21,2026-05-08,1,False,2.0
4482,2026-07-25,Referral,False,,2026-09-07,0,False,
4483,2026-06-14,Referral,True,2026-06-15,2026-07-04,1,False,1.0
4484,2026-04-02,App,True,2026-04-02,2026-04-13,0,False,
4485,2026-07-04,Web,True,2026-07-07,2026-07-06,1,True,1.0
4486,2026-07-16,App,True,2026-07-17,2026-08-07,2,False,4.0
4487,2026-06-11,Referral,False,,2026-06-20,0,True,
4488,2026-05-24,App,True,2026-05-24,2026-05-26,6,True,2.0
4489,2026-08-09,App,True,2026-08-10,2026-09-17,3,False,3.0
4490,2026-06-26,Web,False,,2026-07-14,0,True,
4491,2026-04-17,App,False,,2026-05-22,0,True,
4492,2026-03-12,App,True,2026-03-15,2026-04-10,2,False,1.0
4493,2026-06-26,Web,True,2026-06-29,2026-07-20,5,True,2.0
4494,2026-03-31,App,True,2026-04-02,2026-05-18,3,True,1.0
4495,2026-07-25,App,True,2026-07-28,2026-08-21,4,False,3.0
4496,2026-04-12,App,True,2026-04-13,2026-05-21,5,True,2.0
4497,2026-04-07,App,False,,2026-05-19,0,True,
4498,2026-04-29,App,True,2026-04-30,2026-06-28,2,True,5.0
4499,2026-05-17,App,True,2026-05-18,2026-06-09,2,False,2.0
4500,2026-03-07,App,False,,2026-03-10,0,False,
4501,2026-07-04,Web,False,,2026-07-22,0,False,
4502,2026-08-14,App,True,2026-08-15,2026-08-20,2,True,5.0
4503,2026-08-15,App,True,2026-08-17,2026-09-19,4,False,3.0
4504,2026-05-11,App,False,,2026-06-18,0,True,
4505,2026-06-01,App,True,2026-06-02,2026-06-16,3,True,4.0
4506,2026-04-19,Referral,True,2026-04-22,2026-05-25,4,False,1.0
4507,2026-06-08,Web,True,2026-06-08,2026-07-01,3,False,3.0
4508,2026-06-20,Web,False,,2026-07-22,0,True,
4509,2026-04-05,Web,True,2026-04-06,2026-04-18,3,False,2.0
4510,2026-04-06,App,True,2026-04-09,2026-04-24,2,True,5.0
4511,2026-07-27,App,True,2026-07-29,2026-07-28,1,False,2.0
4512,2026-07-13,Web,False,,2026-08-04,0,True,
4513,2026-07-30,Web,False,,2026-08-04,0,True,
4514,2026-03-26,Web,True,2026-03-26,2026-05-24,4,False,1.0
4515,2026-04-05,App,True,2026-04-07,2026-05-04,3,False,4.0
4516,2026-06-12,Web,True,2026-06-13,2026-07-10,5,False,2.0
4517,2026-04-03,Web,True,2026-04-04,2026-04-21,2,False,5.0
4518,2026-03-24,App,True,2026-03-24,2026-03-30,6,True,5.0
4519,2026-05-13,Web,True,2026-05-15,2026-07-11,1,False,3.0
4520,2026-07-15,App,False,,2026-08-31,0,False,
4521,2026-06-28,App,True,2026-07-01,2026-07-14,3,False,4.0
4522,2026-06-16,App,True,2026-06-17,2026-07-16,3,False,4.0
4523,2026-03-24,Web,True,2026-03-27,2026-04-13,4,False,4.0
4524,2026-08-01,App,True,2026-08-04,2026-09-29,0,False,
4525,2026-08-13,Web,True,2026-08-14,2026-09-17,1,False,2.0
4526,2026-03-08,App,True,2026-03-09,2026-03-25,4,True,1.0
4527,2026-08-08,App,True,2026-08-09,2026-08-25,3,False,2.0
4528,2026-07-07,Web,False,,2026-09-02,0,True,
4529,2026-07-21,Referral,False,,2026-09-16,0,True,
4530,2026-03-19,Referral,True,2026-03-21,2026-04-15,2,True,1.0
4531,2026-07-01,App,False,,2026-07-24,0,False,
4532,2026-07-09,Web,False,,2026-08-11,0,True,
4533,2026-05-05,Web,False,,2026-05-20,0,True,
4534,2026-08-16,Web,True,2026-08-18,2026-09-04,4,True,3.0
4535,2026-04-04,Web,True,2026-04-06,2026-05-17,3,False,3.0
4536,2026-08-02,Referral,True,2026-08-05,2026-09-09,4,True,1.0
4537,2026-05-14,Referral,True,2026-05-17,2026-06-27,8,False,4.0
4538,2026-07-07,App,True,2026-07-08,2026-07-26,1,False,4.0
4539,2026-05-28,App,True,2026-05-29,2026-07-24,2,True,5.0
4540,2026-06-14,App,True,2026-06-15,2026-07-13,1,False,3.0
4541,2026-05-26,App,True,2026-05-26,2026-06-11,5,False,2.0
4542,2026-05-26,App,False,,2026-06-06,0,True,
4543,2026-08-14,Referral,False,,2026-09-27,0,True,
4544,2026-07-04,Referral,True,2026-07-04,2026-07-10,4,False,1.0
4545,2026-04-21,Web,False,,2026-06-04,0,True,
4546,2026-06-19,Referral,False,,2026-08-13,0,True,
4547,2026-05-04,App,True,2026-05-06,2026-05-28,4,True,2.0
4548,2026-05-26,Web,True,2026-05-27,2026-07-17,5,False,3.0
4549,2026-06-01,App,True,2026-06-02,2026-06-10,2,False,5.0
4550,2026-08-14,Web,True,2026-08-15,2026-09-04,5,False,1.0
4551,2026-07-26,App,True,2026-07-26,2026-08-02,3,False,4.0
4552,2026-03-16,App,False,,2026-05-09,0,True,
4553,2026-06-17,Web,True,2026-06-17,2026-07-22,4,False,3.0
4554,2026-05-29,App,True,2026-05-31,2026-06-17,5,False,5.0
4555,2026-05-02,App,False,,2026-05-16,0,True,
4556,2026-04-17,Referral,False,,2026-05-13,0,True,
4557,2026-05-23,Web,True,2026-05-23,2026-06-06,0,True,
4558,2026-08-12,Web,True,2026-08-12,2026-09-11,4,False,3.0
4559,2026-06-17,Referral,False,,2026-06-24,0,True,
4560,2026-03-30,Web,True,2026-03-30,2026-04-06,7,False,2.0
4561,2026-05-25,App,False,,2026-07-01,0,True,
4562,2026-03-12,App,True,2026-03-12,2026-03-31,7,False,3.0
4563,2026-06-04,App,True,2026-06-05,2026-06-18,5,False,1.0
4564,2026-04-03,App,True,2026-04-06,2026-04-27,5,False,3.0
4565,2026-05-17,Referral,False,,2026-06-14,0,True,
4566,2026-06-01,Referral,True,2026-06-04,2026-06-11,3,True,2.0
4567,2026-08-18,Web,True,2026-08-19,2026-09-04,3,False,3.0
4568,2026-05-09,Web,True,2026-05-11,2026-06-24,2,False,1.0
4569,2026-03-09,App,False,,2026-03-26,0,True,
4570,2026-08-19,Web,True,2026-08-22,2026-10-10,1,True,2.0
4571,2026-05-13,Web,True,2026-05-16,2026-06-06,4,False,5.0
4572,2026-06-19,App,False,,2026-07-20,0,True,
4573,2026-08-19,App,False,,2026-09-21,0,True,
4574,2026-08-04,Web,True,2026-08-07,2026-08-31,2,False,1.0
4575,2026-07-18,App,True,2026-07-20,2026-08-27,2,False,3.0
4576,2026-06-08,App,True,2026-06-08,2026-07-06,6,False,1.0
4577,2026-08-17,App,False,,2026-09-21,0,True,
4578,2026-04-04,App,True,2026-04-04,2026-04-06,1,False,1.0
4579,2026-05-12,Web,True,2026-05-12,2026-06-14,3,True,2.0
4580,2026-02-23,App,False,,2026-03-19,0,True,
4581,2026-08-08,App,False,,2026-09-28,0,True,
4582,2026-02-25,App,True,2026-02-25,2026-03-09,1,True,2.0
4583,2026-08-03,Web,True,2026-08-05,2026-09-19,4,True,1.0
4584,2026-06-18,Web,True,2026-06-19,2026-07-28,2,True,4.0
4585,2026-04-06,Web,False,,2026-05-13,0,True,
4586,2026-03-22,Referral,True,2026-03-24,2026-05-04,4,False,1.0
4587,2026-07-15,App,False,,2026-08-28,0,True,
4588,2026-04-04,Web,False,,2026-04-06,0,False,
4589,2026-06-15,Web,True,2026-06-17,2026-06-29,6,False,1.0
4590,2026-08-06,App,True,2026-08-07,2026-08-21,2,True,5.0
4591,2026-04-07,Web,True,2026-04-10,2026-06-03,0,True,
4592,2026-08-15,Web,True,2026-08-18,2026-09-05,2,False,1.0
4593,2026-07-06,Web,True,2026-07-08,2026-07-23,2,True,1.0
4594,2026-04-02,App,True,2026-04-04,2026-05-04,3,False,3.0
4595,2026-04-26,Referral,True,2026-04-26,2026-06-03,2,False,3.0
4596,2026-04-15,App,False,,2026-05-29,0,True,
4597,2026-03-17,Web,False,,2026-03-28,0,True,
4598,2026-05-26,Web,False,,2026-05-28,0,False,
4599,2026-02-23,Web,False,,2026-03-25,0,True,
4600,2026-06-02,Referral,True,2026-06-04,2026-06-14,1,False,5.0
4601,2026-02-25,App,False,,2026-04-22,0,True,
4602,2026-04-13,App,False,,2026-06-09,0,True,
4603,2026-03-26,Referral,False,,2026-05-17,0,True,
4604,2026-04-21,App,True,2026-04-22,2026-05-01,3,False,4.0
4605,2026-03-16,Referral,True,2026-03-18,2026-05-10,1,False,2.0
4606,2026-03-07,Web,True,2026-03-07,2026-03-18,2,False,5.0
4607,2026-03-17,App,True,2026-03-19,2026-05-09,4,True,4.0
4608,2026-04-15,Web,True,2026-04-16,2026-06-11,6,False,3.0
4609,2026-04-03,Web,True,2026-04-05,2026-04-08,5,True,3.0
4610,2026-05-17,Referral,True,2026-05-19,2026-07-11,5,False,5.0
4611,2026-07-22,App,True,2026-07-25,2026-08-20,5,False,1.0
4612,2026-08-15,App,True,2026-08-18,2026-09-11,2,False,5.0
4613,2026-02-24,Web,False,,2026-03-01,0,True,
4614,2026-02-23,Referral,True,2026-02-25,2026-03-14,3,False,3.0
4615,2026-07-15,Web,True,2026-07-17,2026-08-06,2,False,1.0
4616,2026-05-02,App,True,2026-05-02,2026-06-10,6,True,4.0
4617,2026-06-20,Web,True,2026-06-23,2026-08-01,4,True,1.0
4618,2026-07-16,Referral,True,2026-07-17,2026-07-18,4,False,3.0
4619,2026-06-27,Web,True,2026-06-27,2026-07-24,3,True,5.0
4620,2026-07-13,App,True,2026-07-16,2026-08-23,3,False,1.0
4621,2026-03-11,Web,True,2026-03-12,2026-03-12,4,True,5.0
4622,2026-06-11,App,True,2026-06-11,2026-06-15,4,False,4.0
4623,2026-06-03,App,True,2026-06-03,2026-07-01,2,False,5.0
4624,2026-06-28,Web,True,2026-07-01,2026-07-17,8,False,1.0
4625,2026-06-19,App,True,2026-06-19,2026-08-18,2,False,1.0
4626,2026-06-19,App,True,2026-06-20,2026-07-22,3,False,3.0
4627,2026-04-25,App,True,2026-04-27,2026-04-30,3,False,1.0
4628,2026-03-13,Web,True,2026-03-13,2026-03-27,3,False,4.0
4629,2026-02-27,App,True,2026-03-01,2026-04-02,3,False,3.0
4630,2026-05-17,Referral,True,2026-05-17,2026-06-02,3,False,1.0
4631,2026-06-24,App,False,,2026-07-26,0,True,
4632,2026-04-14,Web,False,,2026-06-10,0,True,
4633,2026-07-08,App,True,2026-07-09,2026-08-14,4,False,1.0
4634,2026-04-26,Web,True,2026-04-27,2026-05-28,2,False,5.0
4635,2026-03-07,Referral,True,2026-03-10,2026-05-01,1,False,5.0
4636,2026-04-02,Web,True,2026-04-04,2026-05-21,3,False,2.0
4637,2026-08-05,Web,True,2026-08-08,2026-09-04,1,False,2.0
4638,2026-03-16,App,True,2026-03-17,2026-04-08,5,True,2.0
4639,2026-04-26,App,True,2026-04-29,2026-06-11,4,True,1.0
4640,2026-02-23,Web,True,2026-02-25,2026-03-27,0,True,
4641,2026-04-26,Web,False,,2026-05-29,0,True,
4642,2026-03-20,Referral,True,2026-03-23,2026-04-04,3,False,4.0
4643,2026-05-07,Referral,False,,2026-06-12,0,True,
4644,2026-07-17,Web,True,2026-07-20,2026-07-19,2,True,4.0
4645,2026-06-04,App,False,,2026-06-19,0,True,
4646,2026-05-15,Web,True,2026-05-17,2026-06-08,2,True,1.0
4647,2026-07-13,Web,False,,2026-09-03,0,True,
4648,2026-06-15,App,True,2026-06-18,2026-06-22,2,False,2.0
4649,2026-08-11,Web,False,,2026-10-01,0,True,
4650,2026-07-07,Referral,True,2026-07-10,2026-07-21,5,False,1.0
4651,2026-05-26,Web,True,2026-05-29,2026-06-11,2,True,2.0
4652,2026-07-05,Referral,True,2026-07-08,2026-07-21,3,False,1.0
4653,2026-03-16,Web,False,,2026-04-26,0,True,
4654,2026-06-08,Web,True,2026-06-09,2026-07-21,3,False,3.0
4655,2026-03-10,Referral,True,2026-03-12,2026-05-06,0,False,
4656,2026-05-21,App,True,2026-05-23,2026-05-27,6,True,4.0
4657,2026-05-18,Web,True,2026-05-18,2026-06-24,2,False,5.0
4658,2026-05-13,App,True,2026-05-15,2026-07-12,1,False,4.0
4659,2026-06-15,Web,True,2026-06-18,2026-06-21,4,True,4.0
4660,2026-05-22,App,False,,2026-07-01,0,False,
4661,2026-08-02,App,False,,2026-08-15,0,False,
4662,2026-03-24,Web,True,2026-03-26,2026-04-25,5,True,3.0
4663,2026-08-03,Web,True,2026-08-04,2026-09-26,3,False,5.0
4664,2026-03-19,Web,True,2026-03-21,2026-05-16,1,False,3.0
4665,2026-03-05,Web,True,2026-03-06,2026-04-09,5,True,1.0
4666,2026-08-16,Web,True,2026-08-19,2026-08-22,2,False,3.0
4667,2026-03-19,App,True,2026-03-22,2026-04-09,2,True,2.0
4668,2026-03-26,Referral,False,,2026-05-12,0,True,
4669,2026-05-06,Web,False,,2026-05-29,0,False,
4670,2026-04-18,Web,True,2026-04-18,2026-05-23,4,True,4.0
4671,2026-02-27,Web,True,2026-03-01,2026-03-26,3,True,5.0
4672,2026-06-19,Web,True,2026-06-22,2026-06-26,1,True,5.0
4673,2026-07-08,Web,True,2026-07-10,2026-07-16,4,True,2.0
4674,2026-05-25,Web,False,,2026-06-02,0,True,
4675,2026-04-21,App,False,,2026-05-31,0,True,
4676,2026-06-08,Web,True,2026-06-11,2026-07-09,4,False,5.0
4677,2026-08-13,Web,True,2026-08-14,2026-08-20,3,True,4.0
4678,2026-07-23,App,False,,2026-07-27,0,True,
4679,2026-04-06,Web,True,2026-04-07,2026-05-10,3,False,3.0
4680,2026-05-16,App,False,,2026-06-21,0,True,
4681,2026-04-23,App,True,2026-04-25,2026-06-05,4,False,1.0
4682,2026-04-17,App,True,2026-04-17,2026-06-09,3,False,4.0
4683,2026-07-30,App,True,2026-08-01,2026-09-02,4,True,3.0
4684,2026-06-23,Referral,True,2026-06-25,2026-08-10,3,True,3.0
4685,2026-05-21,App,True,2026-05-23,2026-06-01,4,False,5.0
4686,2026-03-29,Web,False,,2026-04-07,0,True,
4687,2026-06-10,Referral,True,2026-06-10,2026-08-04,0,True,
4688,2026-05-25,App,False,,2026-06-10,0,True,
4689,2026-05-06,Referral,False,,2026-06-16,0,True,
4690,2026-07-15,App,True,2026-07-17,2026-09-06,4,True,3.0
4691,2026-04-27,App,False,,2026-06-15,0,False,
4692,2026-04-24,App,True,2026-04-24,2026-05-28,5,False,5.0
4693,2026-03-19,App,True,2026-03-19,2026-04-19,3,True,5.0
4694,2026-05-14,App,True,2026-05-17,2026-05-26,0,False,
4695,2026-06-15,Web,True,2026-06-15,2026-07-05,4,False,1.0
4696,2026-02-25,Web,False,,2026-04-10,0,True,
4697,2026-04-23,Web,False,,2026-06-06,0,True,
4698,2026-07-07,App,True,2026-07-09,2026-08-15,3,True,3.0
4699,2026-08-06,Web,True,2026-08-06,2026-09-16,5,False,5.0
4700,2026-07-19,App,True,2026-07-19,2026-08-26,3,False,1.0
4701,2026-04-17,App,True,2026-04-18,2026-05-04,2,False,2.0
4702,2026-03-09,App,True,2026-03-09,2026-03-24,1,False,4.0
4703,2026-06-20,Web,True,2026-06-20,2026-07-13,2,False,3.0
4704,2026-04-01,Referral,True,2026-04-01,2026-05-08,1,False,1.0
4705,2026-04-22,App,True,2026-04-23,2026-05-28,3,False,3.0
4706,2026-02-27,Referral,True,2026-03-02,2026-04-27,5,False,5.0
4707,2026-04-23,App,True,2026-04-25,2026-06-09,3,True,3.0
4708,2026-05-21,App,True,2026-05-24,2026-06-04,2,False,1.0
4709,2026-04-04,App,True,2026-04-06,2026-05-03,2,False,3.0
4710,2026-07-29,Web,False,,2026-09-10,0,True,
4711,2026-04-27,Web,True,2026-04-29,2026-05-20,2,False,4.0
4712,2026-04-14,App,True,2026-04-15,2026-06-06,5,True,3.0
4713,2026-02-23,App,True,2026-02-26,2026-04-14,3,False,3.0
4714,2026-06-04,App,True,2026-06-05,2026-06-05,1,False,5.0
4715,2026-03-05,Referral,True,2026-03-05,2026-03-09,0,False,
4716,2026-03-27,Referral,False,,2026-05-25,0,True,
4717,2026-06-13,App,True,2026-06-14,2026-07-03,2,False,4.0
4718,2026-07-01,Web,True,2026-07-04,2026-08-15,1,False,3.0
4719,2026-05-17,Web,False,,2026-06-04,0,True,
4720,2026-06-29,App,True,2026-07-01,2026-08-12,3,False,4.0
4721,2026-08-10,App,True,2026-08-13,2026-09-11,0,False,
4722,2026-06-14,App,True,2026-06-14,2026-07-23,2,False,1.0
4723,2026-05-19,Web,True,2026-05-22,2026-06-28,3,False,2.0
4724,2026-08-09,App,True,2026-08-10,2026-09-28,4,False,5.0
4725,2026-03-21,Referral,False,,2026-03-27,0,True,
4726,2026-06-05,Web,True,2026-06-08,2026-07-11,3,True,2.0
4727,2026-07-24,Web,True,2026-07-26,2026-08-07,2,False,2.0
4728,2026-07-05,App,True,2026-07-06,2026-08-26,2,False,3.0
4729,2026-04-13,App,True,2026-04-16,2026-05-25,3,False,1.0
4730,2026-08-17,Web,False,,2026-09-12,0,True,
4731,2026-04-22,App,True,2026-04-24,2026-06-18,3,False,1.0
4732,2026-04-25,App,True,2026-04-27,2026-06-17,3,True,5.0
4733,2026-04-20,App,False,,2026-05-15,0,True,
4734,2026-06-28,Web,True,2026-06-29,2026-07-01,1,False,4.0
4735,2026-07-14,Web,True,2026-07-14,2026-08-14,5,False,5.0
4736,2026-04-20,App,True,2026-04-23,2026-06-19,2,True,2.0
4737,2026-08-11,App,False,,2026-10-10,0,True,
4738,2026-03-18,App,True,2026-03-19,2026-04-05,2,False,4.0
4739,2026-08-13,App,True,2026-08-15,2026-09-05,1,False,4.0
4740,2026-03-21,App,True,2026-03-22,2026-04-06,2,False,1.0
4741,2026-04-21,Web,True,2026-04-24,2026-05-25,1,True,2.0
4742,2026-07-01,App,True,2026-07-01,2026-07-17,1,False,5.0
4743,2026-06-25,Web,True,2026-06-27,2026-07-11,1,False,1.0
4744,2026-08-09,App,True,2026-08-09,2026-10-01,4,True,2.0
4745,2026-05-13,App,False,,2026-07-11,0,True,
4746,2026-07-23,App,True,2026-07-23,2026-08-01,4,False,1.0
4747,2026-03-16,App,True,2026-03-19,2026-05-05,3,False,2.0
4748,2026-04-29,App,True,2026-04-30,2026-05-01,1,False,2.0
4749,2026-05-26,Referral,False,,2026-06-08,0,True,
4750,2026-05-03,App,False,,2026-06-28,0,True,
4751,2026-08-12,Web,True,2026-08-12,2026-10-01,1,True,2.0
4752,2026-05-31,Web,False,,2026-07-29,0,True,
4753,2026-06-20,App,True,2026-06-21,2026-07-19,1,True,3.0
4754,2026-06-14,Web,False,,2026-06-18,0,True,
4755,2026-05-26,App,False,,2026-07-17,0,False,
4756,2026-04-10,Web,False,,2026-04-20,0,True,
4757,2026-03-06,Web,False,,2026-03-13,0,True,
4758,2026-07-16,App,False,,2026-09-13,0,True,
4759,2026-07-05,Referral,True,2026-07-07,2026-07-06,1,False,3.0
4760,2026-07-01,Web,True,2026-07-02,2026-07-26,1,True,4.0
4761,2026-03-10,App,True,2026-03-13,2026-04-02,3,False,3.0
4762,2026-04-01,Referral,True,2026-04-02,2026-05-22,6,False,2.0
4763,2026-03-15,App,True,2026-03-18,2026-05-04,6,False,4.0
4764,2026-06-22,App,False,,2026-08-13,0,True,
4765,2026-05-14,Web,True,2026-05-17,2026-05-21,2,False,3.0
4766,2026-04-13,App,False,,2026-05-24,0,False,
4767,2026-05-20,Web,True,2026-05-22,2026-05-28,6,False,5.0
4768,2026-06-24,Web,False,,2026-07-19,0,True,
4769,2026-06-09,App,False,,2026-06-15,0,True,
4770,2026-08-03,App,False,,2026-09-21,0,True,
4771,2026-07-10,Web,True,2026-07-11,2026-07-21,4,False,2.0
4772,2026-03-05,Web,False,,2026-03-26,0,False,
4773,2026-08-19,Web,True,2026-08-19,2026-09-29,0,True,
4774,2026-07-29,App,False,,2026-08-21,0,True,
4775,2026-06-10,App,False,,2026-06-15,0,False,
4776,2026-02-24,App,True,2026-02-27,2026-04-20,1,False,2.0
4777,2026-06-10,App,False,,2026-08-09,0,True,
4778,2026-06-17,App,False,,2026-07-07,0,True,
4779,2026-07-27,Web,True,2026-07-30,2026-08-16,2,False,2.0
4780,2026-07-22,Referral,True,2026-07-25,2026-08-20,1,True,3.0
4781,2026-07-06,Referral,True,2026-07-07,2026-07-17,4,False,4.0
4782,2026-08-03,Web,False,,2026-09-12,0,True,
4783,2026-03-22,App,True,2026-03-25,2026-03-26,2,True,4.0
4784,2026-08-02,App,True,2026-08-03,2026-08-15,4,False,5.0
4785,2026-08-11,App,False,,2026-08-20,0,True,
4786,2026-04-27,Web,True,2026-04-30,2026-05-31,5,False,3.0
4787,2026-03-13,App,True,2026-03-14,2026-04-19,2,False,2.0
4788,2026-08-18,Referral,True,2026-08-21,2026-08-23,3,False,4.0
4789,2026-07-16,Web,True,2026-07-17,2026-07-17,3,False,4.0
4790,2026-07-16,Web,True,2026-07-18,2026-07-28,4,False,2.0
4791,2026-03-16,Web,True,2026-03-17,2026-04-22,3,False,3.0
4792,2026-07-09,App,False,,2026-08-06,0,True,
4793,2026-03-15,App,True,2026-03-16,2026-03-29,7,False,5.0
4794,2026-08-16,Referral,False,,2026-09-13,0,True,
4795,2026-04-14,App,True,2026-04-15,2026-05-16,4,False,5.0
4796,2026-05-24,App,False,,2026-07-07,0,False,
4797,2026-07-03,App,False,,2026-08-01,0,True,
4798,2026-03-09,App,True,2026-03-10,2026-04-27,3,False,3.0
4799,2026-03-01,App,False,,2026-04-16,0,True,
4800,2026-07-18,Web,True,2026-07-19,2026-08-07,4,True,4.0
4801,2026-06-17,Web,True,2026-06-19,2026-07-03,3,False,1.0
4802,2026-06-29,App,False,,2026-08-03,0,True,
4803,2026-03-12,App,True,2026-03-13,2026-04-12,1,False,2.0
4804,2026-08-06,Web,True,2026-08-06,2026-09-04,1,False,3.0
4805,2026-05-10,Web,True,2026-05-12,2026-05-11,3,True,5.0
4806,2026-03-17,App,True,2026-03-20,2026-05-12,3,False,5.0
4807,2026-05-21,App,True,2026-05-23,2026-05-29,6,False,1.0
4808,2026-06-21,Referral,False,,2026-08-09,0,True,
4809,2026-04-28,Web,False,,2026-06-01,0,False,
4810,2026-03-04,Referral,True,2026-03-07,2026-04-27,4,False,5.0
4811,2026-02-25,Referral,False,,2026-04-19,0,True,
4812,2026-06-29,App,True,2026-06-29,2026-08-27,3,False,4.0
4813,2026-08-10,App,False,,2026-08-18,0,True,
4814,2026-03-31,Web,True,2026-04-02,2026-05-20,1,False,5.0
4815,2026-03-25,App,True,2026-03-27,2026-05-14,6,False,3.0
4816,2026-04-22,App,True,2026-04-24,2026-06-13,1,False,3.0
4817,2026-03-31,Referral,False,,2026-04-07,0,True,
4818,2026-07-07,App,True,2026-07-08,2026-08-26,5,False,1.0
4819,2026-06-17,Web,False,,2026-07-29,0,True,
4820,2026-05-23,App,True,2026-05-26,2026-06-29,1,False,1.0
4821,2026-08-16,App,True,2026-08-17,2026-10-02,4,False,3.0
4822,2026-06-30,Web,True,2026-07-01,2026-08-18,4,True,4.0
4823,2026-04-05,App,False,,2026-05-07,0,True,
4824,2026-04-30,App,True,2026-05-02,2026-06-24,3,False,5.0
4825,2026-08-01,Referral,False,,2026-09-22,0,True,
4826,2026-03-12,Web,True,2026-03-14,2026-04-29,6,True,3.0
4827,2026-03-12,Web,False,,2026-05-02,0,True,
4828,2026-04-09,App,True,2026-04-09,2026-04-13,3,False,1.0
4829,2026-06-30,Web,True,2026-07-02,2026-07-07,2,True,2.0
4830,2026-07-16,Web,True,2026-07-16,2026-07-26,3,False,2.0
4831,2026-03-30,App,False,,2026-05-06,0,True,
4832,2026-04-29,App,True,2026-04-30,2026-06-03,2,False,3.0
4833,2026-03-09,App,False,,2026-04-11,0,True,
4834,2026-05-28,App,False,,2026-05-29,0,True,
4835,2026-03-05,App,True,2026-03-05,2026-03-18,4,False,3.0
4836,2026-07-02,Web,True,2026-07-05,2026-08-04,4,True,2.0
4837,2026-05-05,App,True,2026-05-07,2026-06-09,5,False,5.0
4838,2026-04-18,Web,False,,2026-05-06,0,True,
4839,2026-02-22,Web,True,2026-02-22,2026-04-08,5,False,4.0
4840,2026-08-14,App,False,,2026-09-27,0,True,
4841,2026-04-09,App,True,2026-04-10,2026-04-24,1,False,1.0
4842,2026-07-12,App,True,2026-07-14,2026-08-01,8,True,5.0
4843,2026-04-27,App,True,2026-04-28,2026-06-09,5,True,4.0
4844,2026-06-15,Web,True,2026-06-18,2026-07-08,3,False,4.0
4845,2026-05-12,App,False,,2026-06-26,0,True,
4846,2026-04-30,Referral,True,2026-05-01,2026-05-24,5,True,1.0
4847,2026-04-15,App,True,2026-04-18,2026-04-16,1,True,3.0
4848,2026-05-23,Web,True,2026-05-23,2026-06-01,3,False,4.0
4849,2026-03-21,Web,False,,2026-04-30,0,True,
4850,2026-06-27,Web,True,2026-06-29,2026-08-15,0,False,
4851,2026-05-02,Web,False,,2026-06-25,0,True,
4852,2026-04-06,Web,True,2026-04-06,2026-04-14,3,False,3.0
4853,2026-05-25,Web,True,2026-05-27,2026-07-05,0,False,
4854,2026-08-12,Web,False,,2026-08-16,0,True,
4855,2026-08-03,App,True,2026-08-03,2026-08-18,7,True,1.0
4856,2026-02-27,Web,True,2026-02-27,2026-03-05,1,False,4.0
4857,2026-03-03,App,True,2026-03-04,2026-04-12,3,False,3.0
4858,2026-04-23,App,True,2026-04-24,2026-05-09,4,False,1.0
4859,2026-07-14,Web,True,2026-07-16,2026-08-09,2,True,4.0
4860,2026-08-17,App,True,2026-08-17,2026-08-24,0,False,
4861,2026-04-03,App,True,2026-04-04,2026-06-02,1,True,1.0
4862,2026-05-12,Web,True,2026-05-13,2026-07-04,4,False,3.0
4863,2026-08-15,Referral,True,2026-08-18,2026-08-19,2,True,5.0
4864,2026-06-23,App,True,2026-06-24,2026-07-15,3,True,4.0
4865,2026-05-07,App,True,2026-05-08,2026-06-18,5,True,3.0
4866,2026-02-28,App,True,2026-03-03,2026-03-16,1,False,1.0
4867,2026-07-02,App,True,2026-07-04,2026-08-17,4,False,3.0
4868,2026-02-26,Web,True,2026-02-27,2026-03-21,5,False,5.0
4869,2026-07-21,App,True,2026-07-24,2026-08-21,3,True,1.0
4870,2026-03-24,Web,True,2026-03-27,2026-04-15,2,True,4.0
4871,2026-03-20,Web,True,2026-03-22,2026-05-07,3,False,4.0
4872,2026-04-27,Web,True,2026-04-28,2026-06-21,2,False,2.0
4873,2026-04-20,Referral,False,,2026-06-09,0,True,
4874,2026-06-11,Web,False,,2026-07-17,0,True,
4875,2026-03-07,App,False,,2026-04-06,0,True,
4876,2026-03-26,Referral,True,2026-03-29,2026-05-11,5,True,3.0
4877,2026-04-15,App,True,2026-04-15,2026-06-06,3,False,2.0
4878,2026-06-18,Web,False,,2026-07-06,0,True,
4879,2026-08-12,Web,False,,2026-10-03,0,True,
4880,2026-04-23,App,True,2026-04-25,2026-06-21,3,False,5.0
4881,2026-03-24,Web,False,,2026-04-08,0,True,
4882,2026-05-13,App,True,2026-05-14,2026-05-24,5,False,5.0
4883,2026-03-29,Web,False,,2026-04-15,0,True,
4884,2026-03-11,App,True,2026-03-14,2026-04-04,1,False,1.0
4885,2026-08-11,Referral,True,2026-08-11,2026-09-10,1,True,1.0
4886,2026-03-23,Web,True,2026-03-25,2026-05-19,4,True,5.0
4887,2026-03-12,App,False,,2026-03-16,0,True,
4888,2026-05-03,App,False,,2026-05-29,0,False,
4889,2026-03-23,Referral,False,,2026-05-01,0,True,
4890,2026-06-20,App,True,2026-06-20,2026-08-12,4,True,2.0
4891,2026-05-28,Web,True,2026-05-29,2026-07-04,8,True,5.0
4892,2026-04-17,App,False,,2026-05-18,0,False,
4893,2026-05-18,Web,False,,2026-07-04,0,True,
4894,2026-06-05,Web,False,,2026-07-15,0,True,
4895,2026-07-29,Web,True,2026-07-31,2026-08-21,5,True,2.0
4896,2026-03-19,App,True,2026-03-19,2026-05-01,0,False,
4897,2026-04-13,App,False,,2026-06-01,0,True,
4898,2026-06-17,Web,False,,2026-07-08,0,True,
4899,2026-08-09,App,True,2026-08-09,2026-08-31,1,True,2.0
4900,2026-05-20,App,True,2026-05-20,2026-06-09,7,False,5.0
4901,2026-03-04,App,True,2026-03-07,2026-04-01,6,True,4.0
4902,2026-04-12,App,True,2026-04-12,2026-05-29,2,True,5.0
4903,2026-03-04,App,True,2026-03-06,2026-04-19,6,True,3.0
4904,2026-05-07,App,True,2026-05-09,2026-05-12,2,False,2.0
4905,2026-03-05,Web,True,2026-03-05,2026-05-04,4,False,2.0
4906,2026-04-22,Web,False,,2026-05-15,0,True,
4907,2026-07-01,Referral,True,2026-07-04,2026-08-05,4,True,2.0
4908,2026-07-21,Referral,True,2026-07-22,2026-08-16,1,False,3.0
4909,2026-06-17,Referral,True,2026-06-19,2026-08-01,4,True,4.0
4910,2026-07-03,App,False,,2026-08-27,0,True,
4911,2026-06-27,App,True,2026-06-27,2026-08-13,3,False,2.0
4912,2026-05-26,App,False,,2026-06-05,0,True,
4913,2026-05-26,Referral,True,2026-05-26,2026-06-05,4,False,4.0
4914,2026-05-04,Referral,True,2026-05-04,2026-05-25,2,False,5.0
4915,2026-06-13,Referral,True,2026-06-14,2026-07-30,2,True,3.0
4916,2026-03-19,App,True,2026-03-20,2026-05-06,0,False,
4917,2026-08-13,Referral,False,,2026-08-27,0,True,
4918,2026-05-03,App,True,2026-05-06,2026-05-16,3,False,3.0
4919,2026-05-01,Web,True,2026-05-04,2026-05-21,2,False,3.0
4920,2026-04-03,App,True,2026-04-05,2026-05-29,2,False,1.0
4921,2026-03-21,Web,True,2026-03-22,2026-04-24,0,False,
4922,2026-04-19,Web,False,,2026-06-15,0,False,
4923,2026-03-23,App,False,,2026-05-08,0,True,
4924,2026-06-23,App,True,2026-06-24,2026-08-03,4,False,3.0
4925,2026-08-14,App,True,2026-08-17,2026-10-02,3,True,2.0
4926,2026-07-25,Web,False,,2026-08-08,0,True,
4927,2026-04-06,Web,False,,2026-04-12,0,True,
4928,2026-02-28,Web,True,2026-03-01,2026-04-14,2,False,5.0
4929,2026-03-03,App,False,,2026-03-20,0,True,
4930,2026-04-16,App,False,,2026-04-29,0,True,
4931,2026-08-09,App,True,2026-08-11,2026-08-23,4,False,3.0
4932,2026-03-07,App,True,2026-03-08,2026-04-13,1,False,3.0
4933,2026-07-15,App,False,,2026-09-10,0,True,
4934,2026-04-03,Web,False,,2026-05-19,0,False,
4935,2026-04-06,Web,True,2026-04-07,2026-05-04,0,False,
4936,2026-05-26,App,True,2026-05-26,2026-05-30,0,False,
4937,2026-07-12,App,True,2026-07-13,2026-08-19,4,False,5.0
4938,2026-03-16,Referral,True,2026-03-19,2026-03-27,2,False,4.0
4939,2026-03-17,App,True,2026-03-17,2026-04-29,4,False,2.0
4940,2026-06-24,Web,True,2026-06-25,2026-07-02,3,False,4.0
4941,2026-07-04,App,True,2026-07-04,2026-07-27,4,False,5.0
4942,2026-03-25,App,False,,2026-03-26,0,True,
4943,2026-03-12,App,True,2026-03-13,2026-03-23,2,False,5.0
4944,2026-02-28,Referral,False,,2026-04-02,0,True,
4945,2026-03-20,Web,False,,2026-04-17,0,True,
4946,2026-08-05,App,True,2026-08-06,2026-08-16,1,False,4.0
4947,2026-06-29,App,True,2026-06-30,2026-08-18,7,True,2.0
4948,2026-03-10,App,True,2026-03-10,2026-04-23,4,False,5.0
4949,2026-06-29,Web,False,,2026-08-09,0,True,
4950,2026-07-29,App,True,2026-07-29,2026-09-18,2,False,1.0
4951,2026-03-10,App,True,2026-03-10,2026-03-25,2,False,2.0
4952,2026-04-20,App,True,2026-04-21,2026-05-22,4,True,5.0
4953,2026-05-10,App,False,,2026-06-27,0,True,
4954,2026-08-09,Web,False,,2026-08-11,0,False,
4955,2026-05-16,Web,True,2026-05-17,2026-06-19,3,True,1.0
4956,2026-08-16,Web,True,2026-08-17,2026-09-01,5,True,2.0
4957,2026-04-29,App,True,2026-04-30,2026-05-25,2,False,1.0
4958,2026-08-07,Web,True,2026-08-07,2026-08-21,3,True,1.0
4959,2026-05-31,Referral,True,2026-06-01,2026-06-28,5,True,2.0
4960,2026-06-12,Referral,True,2026-06-15,2026-07-28,4,False,3.0
4961,2026-08-13,App,True,2026-08-14,2026-10-08,3,False,1.0
4962,2026-05-01,Web,True,2026-05-03,2026-06-18,1,False,3.0
4963,2026-04-29,App,False,,2026-06-28,0,True,
4964,2026-05-25,App,True,2026-05-25,2026-06-21,2,True,5.0
4965,2026-07-12,Referral,True,2026-07-12,2026-09-01,2,False,5.0
4966,2026-03-29,App,True,2026-03-29,2026-04-27,8,True,5.0
4967,2026-03-06,App,True,2026-03-08,2026-04-04,5,True,5.0
4968,2026-04-24,Web,True,2026-04-25,2026-05-06,3,True,5.0
4969,2026-02-28,App,True,2026-03-02,2026-04-02,2,False,2.0
4970,2026-07-31,App,True,2026-08-02,2026-09-01,0,False,
4971,2026-05-29,Referral,True,2026-05-30,2026-07-26,2,True,5.0
4972,2026-08-15,App,True,2026-08-15,2026-09-20,2,False,1.0
4973,2026-06-08,App,True,2026-06-09,2026-07-02,4,True,5.0
4974,2026-05-12,Web,True,2026-05-15,2026-05-21,4,False,3.0
4975,2026-04-11,App,True,2026-04-12,2026-06-02,1,False,1.0
4976,2026-06-30,Web,True,2026-07-02,2026-08-20,2,True,5.0
4977,2026-04-02,App,True,2026-04-02,2026-04-05,6,False,3.0
4978,2026-03-11,Referral,True,2026-03-11,2026-04-22,8,False,2.0
4979,2026-06-16,App,False,,2026-06-23,0,True,
4980,2026-05-02,App,False,,2026-05-15,0,True,
4981,2026-03-24,App,True,2026-03-25,2026-03-25,2,False,3.0
4982,2026-05-15,Web,False,,2026-06-26,0,True,
4983,2026-05-09,Web,False,,2026-05-21,0,False,
4984,2026-05-08,Web,True,2026-05-08,2026-06-18,2,False,4.0
4985,2026-06-28,App,True,2026-06-29,2026-08-19,4,False,4.0
4986,2026-03-30,App,False,,2026-04-18,0,True,
4987,2026-06-03,App,False,,2026-07-31,0,True,
4988,2026-06-16,App,True,2026-06-19,2026-08-02,1,False,1.0
4989,2026-06-01,App,True,2026-06-04,2026-06-21,3,False,2.0
4990,2026-04-10,Web,False,,2026-06-03,0,True,
4991,2026-05-05,Web,True,2026-05-08,2026-06-07,4,False,2.0
4992,2026-03-18,Web,True,2026-03-20,2026-05-14,5,False,2.0
4993,2026-08-11,Web,True,2026-08-12,2026-10-04,3,False,5.0
4994,2026-03-02,Web,False,,2026-03-08,0,False,
4995,2026-07-15,Web,True,2026-07-15,2026-08-07,4,False,1.0
4996,2026-03-05,Web,True,2026-03-06,2026-04-26,3,True,3.0
4997,2026-03-16,App,True,2026-03-19,2026-03-31,3,False,4.0
4998,2026-06-04,Web,True,2026-06-04,2026-07-13,2,True,5.0
4999,2026-06-10,Web,True,2026-06-12,2026-06-23,3,False,4.0
5000,2026-07-06,Web,False,,2026-08-27,0,True,
5001,2026-08-16,App,True,2026-08-18,2026-10-14,3,True,3.0
5002,2026-06-01,App,True,2026-06-02,2026-06-15,3,False,2.0
5003,2026-06-11,App,True,2026-06-12,2026-07-29,1,False,3.0
5004,2026-07-02,Web,True,2026-07-05,2026-08-29,2,False,4.0
5005,2026-03-19,App,True,2026-03-22,2026-05-15,3,False,1.0
5006,2026-03-23,Referral,True,2026-03-25,2026-04-21,6,False,4.0
5007,2026-03-20,Web,True,2026-03-22,2026-04-19,2,False,4.0
5008,2026-06-23,Referral,False,,2026-08-07,0,False,
5009,2026-04-26,Web,True,2026-04-26,2026-05-21,1,True,4.0
5010,2026-06-08,App,False,,2026-08-02,0,False,
5011,2026-04-04,App,True,2026-04-06,2026-04-14,2,True,5.0
5012,2026-03-21,Web,True,2026-03-22,2026-03-22,6,False,2.0
5013,2026-04-30,Web,True,2026-05-01,2026-05-13,2,False,4.0
5014,2026-06-13,Web,False,,2026-07-15,0,True,
5015,2026-07-09,App,False,,2026-07-12,0,False,
5016,2026-08-18,App,False,,2026-10-06,0,True,
5017,2026-03-18,App,False,,2026-04-01,0,True,
5018,2026-06-26,Web,True,2026-06-28,2026-07-21,4,False,1.0
5019,2026-03-08,App,True,2026-03-11,2026-04-19,4,False,5.0
5020,2026-04-21,App,True,2026-04-21,2026-06-11,6,False,5.0
5021,2026-07-28,Referral,False,,2026-08-12,0,True,
5022,2026-06-23,Web,True,2026-06-24,2026-07-22,1,False,1.0
5023,2026-07-21,Web,False,,2026-09-02,0,False,
5024,2026-05-30,App,True,2026-06-01,2026-06-19,3,True,1.0
5025,2026-02-24,App,True,2026-02-26,2026-03-02,4,True,5.0
5026,2026-04-26,Web,True,2026-04-27,2026-05-07,2,False,2.0
5027,2026-04-03,App,False,,2026-05-07,0,True,
5028,2026-08-15,Referral,False,,2026-10-02,0,False,
5029,2026-05-08,App,False,,2026-06-25,0,True,
5030,2026-03-02,Web,True,2026-03-05,2026-03-19,3,False,2.0
5031,2026-06-30,Web,True,2026-07-02,2026-07-26,0,False,
5032,2026-04-08,Web,True,2026-04-08,2026-04-10,2,True,4.0
5033,2026-05-11,App,True,2026-05-13,2026-06-13,5,True,1.0
5034,2026-03-25,Web,True,2026-03-28,2026-04-14,1,True,1.0
5035,2026-03-14,App,True,2026-03-14,2026-04-17,1,False,2.0
5036,2026-03-11,App,False,,2026-04-22,0,True,
5037,2026-02-24,App,False,,2026-02-27,0,True,
5038,2026-06-26,Web,True,2026-06-27,2026-06-27,2,False,4.0
5039,2026-05-07,Web,False,,2026-06-19,0,True,
5040,2026-08-13,Referral,False,,2026-09-19,0,True,
5041,2026-04-15,Web,True,2026-04-17,2026-04-27,1,True,1.0
5042,2026-05-25,Web,False,,2026-06-22,0,True,
5043,2026-07-28,App,True,2026-07-30,2026-08-05,1,False,1.0
5044,2026-06-09,App,False,,2026-06-30,0,True,
5045,2026-04-29,Web,True,2026-04-30,2026-06-16,3,False,1.0
5046,2026-04-02,App,True,2026-04-04,2026-04-09,3,False,5.0
5047,2026-06-25,Web,True,2026-06-27,2026-08-05,5,False,1.0
5048,2026-08-10,Referral,True,2026-08-13,2026-10-06,4,False,4.0
5049,2026-07-21,Web,True,2026-07-24,2026-08-02,2,True,4.0
5050,2026-07-11,Web,False,,2026-07-16,0,True,
5051,2026-08-05,App,False,,2026-08-12,0,True,
5052,2026-06-09,Web,True,2026-06-11,2026-07-26,1,True,1.0
5053,2026-07-09,App,True,2026-07-12,2026-08-17,0,True,
5054,2026-04-03,Web,False,,2026-04-28,0,False,
5055,2026-06-11,Web,False,,2026-07-04,0,True,
5056,2026-03-20,Web,True,2026-03-23,2026-05-02,0,False,
5057,2026-07-08,App,True,2026-07-11,2026-07-09,2,True,1.0
5058,2026-07-23,App,False,,2026-09-21,0,True,
5059,2026-07-05,App,False,,2026-08-12,0,True,
5060,2026-08-20,Referral,True,2026-08-23,2026-10-12,3,True,1.0
5061,2026-05-12,Web,False,,2026-06-20,0,True,
5062,2026-05-20,Web,True,2026-05-20,2026-06-14,3,True,5.0
5063,2026-06-28,App,True,2026-07-01,2026-08-22,3,False,2.0
5064,2026-04-05,App,True,2026-04-05,2026-05-28,4,True,2.0
5065,2026-03-05,Web,False,,2026-05-01,0,True,
5066,2026-03-13,Referral,True,2026-03-16,2026-04-16,3,False,4.0
5067,2026-04-10,Web,True,2026-04-10,2026-04-29,2,False,1.0
5068,2026-05-02,App,False,,2026-06-21,0,True,
5069,2026-06-14,Web,False,,2026-08-10,0,False,
5070,2026-08-14,App,False,,2026-10-08,0,True,
5071,2026-05-08,App,False,,2026-06-11,0,True,
5072,2026-04-15,App,False,,2026-06-09,0,False,
5073,2026-04-20,Web,False,,2026-04-24,0,True,
5074,2026-05-15,Referral,True,2026-05-17,2026-07-12,2,False,1.0
5075,2026-05-23,Web,False,,2026-06-25,0,True,
5076,2026-06-29,App,True,2026-07-01,2026-07-23,3,True,4.0
5077,2026-03-01,App,True,2026-03-01,2026-03-20,1,True,1.0
5078,2026-04-29,Web,True,2026-05-01,2026-06-23,4,False,4.0
5079,2026-08-07,Web,True,2026-08-10,2026-09-07,9,False,1.0
5080,2026-07-29,App,True,2026-08-01,2026-09-06,2,False,4.0
5081,2026-07-22,Web,False,,2026-09-07,0,True,
5082,2026-03-23,App,True,2026-03-26,2026-04-13,4,False,4.0
5083,2026-03-08,Web,True,2026-03-09,2026-04-14,5,False,3.0
5084,2026-04-30,Web,True,2026-05-01,2026-06-29,0,False,
5085,2026-04-30,App,False,,2026-06-24,0,True,
5086,2026-05-29,App,True,2026-05-29,2026-06-25,4,False,4.0
5087,2026-07-19,Web,False,,2026-08-17,0,True,
5088,2026-06-17,Referral,True,2026-06-20,2026-08-12,3,True,5.0
5089,2026-06-20,App,True,2026-06-23,2026-06-27,6,False,1.0
5090,2026-06-22,Referral,True,2026-06-24,2026-07-31,5,False,5.0
5091,2026-08-10,App,False,,2026-09-10,0,True,
5092,2026-03-19,App,False,,2026-04-30,0,True,
5093,2026-08-10,Web,True,2026-08-10,2026-08-31,2,False,4.0
5094,2026-06-27,App,True,2026-06-30,2026-08-12,4,False,3.0
5095,2026-02-27,App,True,2026-03-01,2026-03-10,2,True,2.0
5096,2026-04-01,Web,True,2026-04-04,2026-04-27,1,True,4.0
5097,2026-04-14,Referral,False,,2026-05-06,0,True,
5098,2026-03-01,App,True,2026-03-04,2026-04-22,3,True,1.0
5099,2026-07-22,Web,True,2026-07-25,2026-09-10,4,True,1.0
5100,2026-05-27,Web,False,,2026-07-05,0,True,
5101,2026-04-18,Referral,True,2026-04-19,2026-05-27,3,True,2.0
5102,2026-05-07,App,True,2026-05-07,2026-06-11,3,False,5.0
5103,2026-08-15,Referral,False,,2026-08-21,0,True,
5104,2026-05-28,App,True,2026-05-28,2026-07-13,4,False,1.0
5105,2026-04-23,Web,False,,2026-06-19,0,True,
5106,2026-04-13,App,True,2026-04-14,2026-04-26,3,True,3.0
5107,2026-06-06,Web,False,,2026-07-26,0,True,
5108,2026-03-09,App,True,2026-03-09,2026-03-22,2,False,3.0
5109,2026-07-11,App,True,2026-07-13,2026-09-06,1,False,5.0
5110,2026-06-27,Referral,True,2026-06-28,2026-07-17,2,False,5.0
5111,2026-06-16,App,True,2026-06-19,2026-06-22,1,True,3.0
5112,2026-06-20,Web,True,2026-06-22,2026-07-25,1,True,5.0
5113,2026-03-27,App,True,2026-03-27,2026-05-18,4,True,1.0
5114,2026-04-10,App,True,2026-04-11,2026-05-07,1,True,4.0
5115,2026-05-19,Web,False,,2026-07-17,0,True,
5116,2026-05-13,Web,False,,2026-07-08,0,True,
5117,2026-07-25,App,True,2026-07-25,2026-09-03,0,False,
5118,2026-06-02,App,True,2026-06-03,2026-07-17,4,False,1.0
5119,2026-05-31,App,True,2026-06-02,2026-07-09,2,True,4.0
5120,2026-05-23,Referral,True,2026-05-26,2026-06-16,0,True,
5121,2026-02-25,App,False,,2026-04-13,0,False,
5122,2026-03-07,Web,True,2026-03-07,2026-04-01,4,False,2.0
5123,2026-04-08,App,False,,2026-04-18,0,True,
5124,2026-05-24,Referral,True,2026-05-25,2026-07-14,3,False,5.0
5125,2026-07-17,App,False,,2026-08-04,0,True,
5126,2026-06-22,App,False,,2026-06-25,0,True,
5127,2026-06-01,App,True,2026-06-04,2026-06-07,4,False,3.0
5128,2026-08-19,Referral,False,,2026-10-12,0,False,
5129,2026-05-26,Web,True,2026-05-29,2026-06-08,0,True,
5130,2026-04-07,Web,True,2026-04-09,2026-06-03,3,False,3.0
5131,2026-02-23,Web,False,,2026-03-08,0,False,
5132,2026-04-04,Web,True,2026-04-07,2026-04-26,3,False,4.0
5133,2026-07-25,App,True,2026-07-27,2026-07-31,7,False,5.0
5134,2026-03-08,Referral,True,2026-03-08,2026-03-15,6,False,1.0
5135,2026-03-19,Web,True,2026-03-20,2026-03-23,4,False,2.0
5136,2026-04-14,Referral,False,,2026-04-18,0,True,
5137,2026-03-05,Referral,True,2026-03-06,2026-04-27,1,False,1.0
5138,2026-02-27,App,True,2026-03-02,2026-03-11,4,True,3.0
5139,2026-06-22,App,True,2026-06-22,2026-08-08,3,False,1.0
5140,2026-05-07,Web,True,2026-05-07,2026-06-04,4,True,2.0
5141,2026-07-28,Referral,True,2026-07-29,2026-08-31,4,False,2.0
5142,2026-06-09,Web,True,2026-06-12,2026-06-23,2,False,3.0
5143,2026-08-18,App,False,,2026-08-30,0,True,
5144,2026-08-04,Web,False,,2026-08-11,0,False,
5145,2026-08-14,Web,False,,2026-09-28,0,True,
5146,2026-06-13,Web,True,2026-06-13,2026-08-05,1,False,3.0
5147,2026-06-10,App,True,2026-06-13,2026-07-27,4,True,5.0
5148,2026-04-02,App,True,2026-04-04,2026-04-17,3,False,3.0
5149,2026-02-26,App,True,2026-02-27,2026-03-15,4,False,2.0
5150,2026-02-22,App,False,,2026-04-23,0,False,
5151,2026-03-21,Web,True,2026-03-24,2026-04-30,3,True,4.0
5152,2026-05-13,Web,True,2026-05-13,2026-05-21,4,False,2.0
5153,2026-03-15,Web,True,2026-03-18,2026-04-16,2,False,2.0
5154,2026-04-16,App,True,2026-04-19,2026-05-20,5,True,4.0
5155,2026-04-28,App,False,,2026-06-17,0,True,
5156,2026-07-22,App,True,2026-07-24,2026-07-23,7,False,2.0
5157,2026-04-06,App,True,2026-04-08,2026-04-13,8,True,5.0
5158,2026-07-13,App,True,2026-07-13,2026-07-29,3,False,2.0
5159,2026-05-21,App,True,2026-05-22,2026-05-22,3,True,1.0
5160,2026-04-13,App,True,2026-04-13,2026-05-29,7,False,3.0
5161,2026-07-22,App,False,,2026-09-02,0,True,
5162,2026-05-26,App,True,2026-05-29,2026-06-25,4,False,3.0
5163,2026-04-21,Web,False,,2026-04-22,0,True,
5164,2026-06-30,App,True,2026-07-02,2026-07-04,1,True,2.0
5165,2026-04-19,App,True,2026-04-21,2026-06-01,3,False,5.0
5166,2026-02-23,App,False,,2026-04-04,0,True,
5167,2026-06-02,App,False,,2026-06-09,0,True,
5168,2026-05-10,App,False,,2026-06-17,0,False,
5169,2026-07-17,Web,True,2026-07-19,2026-08-16,6,True,5.0
5170,2026-07-04,Web,True,2026-07-07,2026-08-09,3,False,2.0
5171,2026-02-28,Web,True,2026-03-01,2026-04-28,4,True,1.0
5172,2026-06-25,App,False,,2026-08-13,0,True,
5173,2026-05-16,Web,False,,2026-05-26,0,True,
5174,2026-03-09,App,True,2026-03-10,2026-04-01,2,False,4.0
5175,2026-04-12,Referral,True,2026-04-12,2026-05-07,5,False,4.0
5176,2026-05-08,Web,True,2026-05-11,2026-06-05,3,True,1.0
5177,2026-03-11,App,True,2026-03-12,2026-04-20,3,False,5.0
5178,2026-07-12,App,False,,2026-08-26,0,True,
5179,2026-04-04,App,False,,2026-05-16,0,True,
5180,2026-07-24,Web,True,2026-07-27,2026-09-11,3,False,4.0
5181,2026-03-22,App,True,2026-03-23,2026-04-29,2,False,5.0
5182,2026-07-20,App,False,,2026-09-13,0,False,
5183,2026-05-06,App,True,2026-05-06,2026-07-02,2,False,4.0
5184,2026-06-13,App,True,2026-06-13,2026-06-14,2,True,1.0
5185,2026-06-01,App,True,2026-06-03,2026-07-28,2,False,1.0
5186,2026-03-31,Web,True,2026-03-31,2026-04-10,6,True,4.0
5187,2026-04-28,App,False,,2026-06-27,0,False,
5188,2026-08-05,App,True,2026-08-05,2026-09-11,1,False,1.0
5189,2026-03-16,Referral,False,,2026-05-03,0,True,
5190,2026-02-25,Web,True,2026-02-25,2026-03-13,1,False,2.0
5191,2026-05-25,App,False,,2026-05-28,0,True,
5192,2026-05-12,App,False,,2026-05-24,0,True,
5193,2026-03-13,Referral,True,2026-03-16,2026-04-11,2,False,2.0
5194,2026-06-02,App,True,2026-06-03,2026-07-11,3,True,1.0
5195,2026-05-19,Web,True,2026-05-19,2026-06-28,3,False,1.0
5196,2026-08-08,Web,True,2026-08-11,2026-10-05,0,True,
5197,2026-06-27,App,False,,2026-07-19,0,True,
5198,2026-05-01,Web,True,2026-05-03,2026-06-15,3,True,4.0
5199,2026-07-17,App,False,,2026-08-12,0,True,
5200,2026-07-28,Referral,True,2026-07-31,2026-08-16,3,True,5.0
5201,2026-04-08,App,True,2026-04-10,2026-06-06,4,True,1.0
5202,2026-07-22,App,True,2026-07-23,2026-08-10,2,True,4.0
5203,2026-06-10,Web,True,2026-06-11,2026-07-21,4,True,1.0
5204,2026-05-19,App,False,,2026-05-23,0,True,
5205,2026-03-01,Web,False,,2026-04-23,0,True,
5206,2026-05-30,App,True,2026-05-31,2026-06-16,3,False,1.0
5207,2026-05-19,Referral,True,2026-05-20,2026-06-14,4,False,2.0
5208,2026-06-28,Referral,False,,2026-07-15,0,True,
5209,2026-07-18,App,False,,2026-07-25,0,False,
5210,2026-07-05,App,True,2026-07-07,2026-07-12,6,False,5.0
5211,2026-04-07,Web,False,,2026-05-28,0,True,
5212,2026-07-09,App,True,2026-07-09,2026-08-17,4,False,1.0
5213,2026-07-05,App,True,2026-07-07,2026-08-29,3,False,2.0
5214,2026-05-25,App,False,,2026-07-07,0,True,
5215,2026-02-28,App,True,2026-03-01,2026-04-20,3,False,1.0
5216,2026-07-15,Referral,False,,2026-08-15,0,True,
5217,2026-08-05,App,True,2026-08-07,2026-08-11,2,True,3.0
5218,2026-03-09,App,True,2026-03-12,2026-04-27,3,True,3.0
5219,2026-06-05,Web,True,2026-06-08,2026-07-14,4,False,1.0
5220,2026-06-13,Web,True,2026-06-16,2026-07-12,6,True,3.0
5221,2026-04-01,Web,False,,2026-04-27,0,True,
5222,2026-04-21,Web,True,2026-04-22,2026-05-07,0,False,
5223,2026-02-28,App,True,2026-03-03,2026-04-28,5,False,1.0
5224,2026-07-27,App,True,2026-07-27,2026-09-25,3,False,1.0
5225,2026-03-23,App,False,,2026-05-21,0,True,
5226,2026-03-31,Web,True,2026-04-03,2026-05-30,2,False,2.0
5227,2026-04-30,Web,False,,2026-06-01,0,True,
5228,2026-08-16,Referral,False,,2026-09-17,0,True,
5229,2026-05-27,App,False,,2026-06-23,0,True,
5230,2026-03-22,App,True,2026-03-22,2026-05-06,4,False,5.0
5231,2026-05-27,App,False,,2026-06-17,0,True,
5232,2026-08-08,App,True,2026-08-09,2026-08-11,5,False,2.0
5233,2026-06-25,Referral,True,2026-06-26,2026-07-06,1,True,3.0
5234,2026-05-11,Referral,True,2026-05-14,2026-06-19,2,False,3.0
5235,2026-06-19,Referral,True,2026-06-20,2026-07-18,3,False,1.0
5236,2026-07-06,Referral,True,2026-07-09,2026-08-26,4,False,1.0
5237,2026-05-30,Web,True,2026-05-30,2026-06-22,4,False,2.0
5238,2026-06-01,Web,True,2026-06-03,2026-06-28,2,False,5.0
5239,2026-05-05,App,True,2026-05-07,2026-06-17,1,False,4.0
5240,2026-03-15,Web,True,2026-03-18,2026-04-20,2,False,3.0
5241,2026-02-28,Referral,True,2026-02-28,2026-03-26,2,False,2.0
5242,2026-07-27,App,False,,2026-08-31,0,True,
5243,2026-08-04,App,True,2026-08-04,2026-08-21,3,False,2.0
5244,2026-04-14,App,True,2026-04-17,2026-05-07,3,True,2.0
5245,2026-03-26,App,True,2026-03-27,2026-05-07,4,True,1.0
5246,2026-06-27,Web,False,,2026-07-29,0,True,
5247,2026-05-08,App,True,2026-05-09,2026-05-30,7,False,5.0
5248,2026-07-07,Web,False,,2026-08-14,0,True,
5249,2026-05-25,App,True,2026-05-26,2026-06-20,1,False,3.0
5250,2026-07-06,Web,False,,2026-08-07,0,True,
5251,2026-08-06,Web,True,2026-08-07,2026-09-04,3,True,4.0
5252,2026-08-04,Referral,True,2026-08-07,2026-08-28,4,True,4.0
5253,2026-05-03,App,True,2026-05-05,2026-05-04,2,False,5.0
5254,2026-07-19,App,True,2026-07-21,2026-08-15,3,False,5.0
5255,2026-05-24,App,False,,2026-06-08,0,True,
5256,2026-07-16,App,False,,2026-07-30,0,True,
5257,2026-03-27,Web,True,2026-03-29,2026-05-03,3,True,3.0
5258,2026-03-15,Web,True,2026-03-15,2026-03-31,3,True,4.0
5259,2026-05-13,Web,False,,2026-07-10,0,True,
5260,2026-04-23,Web,False,,2026-05-27,0,True,
5261,2026-07-03,Web,True,2026-07-03,2026-08-15,3,True,3.0
5262,2026-04-23,App,False,,2026-06-14,0,True,
5263,2026-03-05,Web,True,2026-03-06,2026-03-17,3,False,5.0
5264,2026-04-20,App,True,2026-04-22,2026-05-18,3,False,4.0
5265,2026-03-03,App,True,2026-03-03,2026-03-26,2,False,1.0
5266,2026-07-13,Web,True,2026-07-16,2026-08-10,5,False,5.0
5267,2026-05-13,Web,True,2026-05-15,2026-06-24,5,False,1.0
5268,2026-06-18,App,False,,2026-08-12,0,False,
5269,2026-07-01,App,True,2026-07-01,2026-07-07,5,False,5.0
5270,2026-05-16,Web,True,2026-05-16,2026-06-18,0,False,
5271,2026-04-09,Referral,False,,2026-05-18,0,True,
5272,2026-05-15,App,True,2026-05-15,2026-05-18,2,False,3.0
5273,2026-03-07,App,True,2026-03-07,2026-03-16,4,False,4.0
5274,2026-08-19,App,False,,2026-08-28,0,True,
5275,2026-04-18,Web,False,,2026-06-12,0,True,
5276,2026-05-15,Web,False,,2026-06-09,0,True,
5277,2026-06-06,App,False,,2026-08-03,0,True,
5278,2026-02-22,Web,False,,2026-03-07,0,False,
5279,2026-07-30,Web,True,2026-07-31,2026-08-29,6,False,1.0
5280,2026-05-10,App,True,2026-05-12,2026-07-08,9,False,2.0
5281,2026-06-08,Web,False,,2026-07-18,0,True,
5282,2026-03-17,Web,True,2026-03-17,2026-04-09,3,False,3.0
5283,2026-07-10,Referral,True,2026-07-13,2026-08-02,1,False,1.0
5284,2026-03-13,Web,True,2026-03-14,2026-05-01,0,False,
5285,2026-04-08,Web,True,2026-04-11,2026-05-01,3,False,2.0
5286,2026-05-14,Web,True,2026-05-16,2026-06-17,3,False,5.0
5287,2026-03-27,Referral,True,2026-03-27,2026-04-08,5,False,3.0
5288,2026-03-08,App,False,,2026-04-24,0,True,
5289,2026-07-23,App,True,2026-07-23,2026-08-15,2,False,4.0
5290,2026-07-07,Web,False,,2026-08-05,0,True,
5291,2026-06-28,Web,False,,2026-08-25,0,True,
5292,2026-03-29,Referral,True,2026-03-31,2026-04-16,5,False,4.0
5293,2026-05-02,App,True,2026-05-02,2026-06-06,3,True,4.0
5294,2026-04-29,Web,True,2026-05-01,2026-06-21,4,False,3.0
5295,2026-02-24,Web,True,2026-02-27,2026-04-13,3,False,2.0
5296,2026-03-08,Referral,True,2026-03-08,2026-04-17,7,True,2.0
5297,2026-03-14,Referral,True,2026-03-14,2026-04-18,3,False,1.0
5298,2026-03-02,Referral,True,2026-03-03,2026-03-17,4,True,3.0
5299,2026-03-26,App,True,2026-03-29,2026-05-05,3,True,3.0
5300,2026-04-21,Web,True,2026-04-23,2026-06-06,2,True,1.0
5301,2026-04-09,App,True,2026-04-09,2026-05-06,4,False,5.0
5302,2026-08-01,Web,True,2026-08-04,2026-08-17,3,False,5.0
5303,2026-06-11,App,False,,2026-06-15,0,True,
5304,2026-03-05,Web,True,2026-03-06,2026-04-15,3,True,3.0
5305,2026-02-24,App,True,2026-02-26,2026-04-11,5,False,4.0
5306,2026-06-19,Web,True,2026-06-20,2026-08-15,4,False,5.0
5307,2026-03-17,App,True,2026-03-17,2026-05-12,4,False,5.0
5308,2026-08-14,App,True,2026-08-17,2026-08-15,0,False,
5309,2026-03-06,Web,True,2026-03-08,2026-04-22,3,False,5.0
5310,2026-08-19,App,False,,2026-09-23,0,True,
5311,2026-03-16,App,True,2026-03-18,2026-04-12,3,False,2.0
5312,2026-06-09,App,True,2026-06-12,2026-07-16,0,False,
5313,2026-04-26,App,True,2026-04-27,2026-06-11,5,True,2.0
5314,2026-05-02,App,True,2026-05-05,2026-05-25,0,False,
5315,2026-06-04,Web,True,2026-06-06,2026-06-27,2,False,5.0
5316,2026-08-10,Web,False,,2026-09-22,0,False,
5317,2026-06-17,App,True,2026-06-17,2026-07-07,1,False,4.0
5318,2026-05-27,App,False,,2026-06-12,0,True,
5319,2026-06-17,Web,False,,2026-07-30,0,False,
5320,2026-08-10,App,True,2026-08-10,2026-10-02,4,False,1.0
5321,2026-06-12,Web,False,,2026-07-10,0,True,
5322,2026-07-23,App,True,2026-07-25,2026-07-29,1,True,3.0
5323,2026-06-03,Web,False,,2026-07-05,0,True,
5324,2026-05-19,Web,False,,2026-06-21,0,True,
5325,2026-08-13,App,True,2026-08-16,2026-09-24,4,False,5.0
5326,2026-06-25,App,True,2026-06-26,2026-08-15,4,True,3.0
5327,2026-03-20,App,True,2026-03-23,2026-04-06,2,True,5.0
5328,2026-07-26,Referral,False,,2026-09-13,0,True,
5329,2026-08-12,App,True,2026-08-15,2026-09-24,3,True,5.0
5330,2026-03-17,App,True,2026-03-18,2026-04-09,1,True,3.0
5331,2026-03-15,Web,False,,2026-03-25,0,True,
5332,2026-06-25,Web,True,2026-06-26,2026-07-05,4,False,1.0
5333,2026-07-18,Web,True,2026-07-20,2026-09-11,7,True,2.0
5334,2026-03-14,Web,True,2026-03-14,2026-04-28,5,True,3.0
5335,2026-07-14,Web,True,2026-07-16,2026-08-12,0,False,
5336,2026-04-24,Web,True,2026-04-25,2026-06-15,5,True,1.0
5337,2026-03-26,App,False,,2026-05-08,0,False,
5338,2026-07-23,App,True,2026-07-26,2026-08-14,7,True,5.0
5339,2026-08-06,App,False,,2026-09-05,0,True,
5340,2026-07-24,App,False,,2026-08-18,0,True,
5341,2026-04-19,App,True,2026-04-19,2026-05-17,3,False,3.0
5342,2026-03-03,App,False,,2026-03-12,0,True,
5343,2026-06-21,Web,True,2026-06-24,2026-07-15,6,False,2.0
5344,2026-02-22,App,True,2026-02-24,2026-03-20,7,True,4.0
5345,2026-06-26,Web,False,,2026-08-05,0,True,
5346,2026-08-10,App,True,2026-08-13,2026-10-09,3,False,4.0
5347,2026-04-27,App,True,2026-04-27,2026-06-12,3,True,4.0
5348,2026-07-29,App,True,2026-07-29,2026-07-30,4,False,1.0
5349,2026-07-25,App,False,,2026-08-29,0,True,
5350,2026-03-14,Referral,True,2026-03-16,2026-04-10,2,True,2.0
5351,2026-08-20,Web,False,,2026-09-17,0,True,
5352,2026-04-28,Referral,True,2026-04-30,2026-06-09,2,True,5.0
5353,2026-03-03,Web,False,,2026-03-31,0,True,
5354,2026-08-02,App,True,2026-08-05,2026-08-08,1,True,3.0
5355,2026-03-14,App,True,2026-03-16,2026-03-23,7,True,1.0
5356,2026-04-30,App,False,,2026-06-24,0,True,
5357,2026-08-03,App,True,2026-08-03,2026-08-13,7,False,1.0
5358,2026-05-23,Web,True,2026-05-23,2026-06-10,4,False,4.0
5359,2026-08-04,Referral,False,,2026-08-20,0,True,
5360,2026-07-17,App,True,2026-07-18,2026-07-22,4,True,3.0
5361,2026-05-13,Web,False,,2026-06-17,0,True,
5362,2026-08-08,App,True,2026-08-11,2026-09-13,4,False,3.0
5363,2026-04-10,Referral,True,2026-04-13,2026-04-29,2,False,3.0
5364,2026-06-15,App,False,,2026-06-21,0,True,
5365,2026-07-13,App,True,2026-07-16,2026-07-17,5,False,2.0
5366,2026-06-09,Web,True,2026-06-12,2026-07-21,3,True,2.0
5367,2026-06-03,App,True,2026-06-05,2026-07-24,4,False,4.0
5368,2026-04-04,Referral,False,,2026-04-24,0,True,
5369,2026-03-21,App,True,2026-03-24,2026-05-03,3,False,4.0
5370,2026-05-29,Web,True,2026-05-29,2026-07-06,3,False,5.0
5371,2026-05-19,App,False,,2026-07-14,0,False,
5372,2026-07-09,App,False,,2026-08-06,0,True,
5373,2026-03-03,Web,True,2026-03-04,2026-03-22,3,True,3.0
5374,2026-06-19,App,True,2026-06-22,2026-08-17,3,False,3.0
5375,2026-06-21,Web,True,2026-06-23,2026-07-12,4,False,2.0
5376,2026-05-21,Web,True,2026-05-21,2026-05-30,5,True,3.0
5377,2026-03-10,Web,False,,2026-03-20,0,True,
5378,2026-07-06,App,False,,2026-08-14,0,True,
5379,2026-05-04,App,False,,2026-05-21,0,True,
5380,2026-05-20,Web,True,2026-05-20,2026-06-02,7,True,4.0
5381,2026-03-12,App,False,,2026-04-12,0,False,
5382,2026-05-13,App,True,2026-05-13,2026-07-02,2,False,1.0
5383,2026-07-06,Referral,True,2026-07-08,2026-07-26,2,True,1.0
5384,2026-05-09,App,True,2026-05-10,2026-05-24,2,True,4.0
5385,2026-07-27,Referral,True,2026-07-29,2026-08-15,3,False,4.0
5386,2026-03-06,Referral,True,2026-03-06,2026-04-15,6,True,1.0
5387,2026-05-02,App,True,2026-05-04,2026-05-05,5,True,4.0
5388,2026-05-08,Web,False,,2026-06-08,0,True,
5389,2026-06-26,App,True,2026-06-28,2026-06-28,3,True,5.0
5390,2026-06-10,App,False,,2026-06-28,0,True,
5391,2026-06-05,Referral,False,,2026-07-30,0,True,
5392,2026-03-14,App,True,2026-03-17,2026-04-22,3,True,5.0
5393,2026-06-24,Web,True,2026-06-27,2026-07-21,2,True,3.0
5394,2026-04-02,Web,True,2026-04-05,2026-05-26,3,False,3.0
5395,2026-07-02,App,True,2026-07-02,2026-08-09,1,True,1.0
5396,2026-08-15,App,True,2026-08-16,2026-09-25,5,True,2.0
5397,2026-05-21,App,True,2026-05-22,2026-07-14,2,False,1.0
5398,2026-07-06,App,False,,2026-08-19,0,True,
5399,2026-04-19,App,True,2026-04-20,2026-06-07,2,False,4.0
5400,2026-05-24,App,False,,2026-06-20,0,True,
5401,2026-05-27,App,True,2026-05-27,2026-07-23,2,False,3.0
5402,2026-05-30,Web,True,2026-05-30,2026-06-07,2,False,2.0
5403,2026-05-10,App,False,,2026-06-28,0,False,
5404,2026-07-11,App,True,2026-07-11,2026-09-05,1,False,1.0
5405,2026-05-19,Web,False,,2026-06-27,0,True,
5406,2026-06-27,App,True,2026-06-27,2026-08-12,3,False,1.0
5407,2026-04-30,Referral,False,,2026-05-16,0,False,
5408,2026-03-02,Web,True,2026-03-04,2026-03-04,6,False,4.0
5409,2026-05-05,App,True,2026-05-07,2026-06-12,4,False,4.0
5410,2026-03-16,Referral,True,2026-03-16,2026-03-21,2,False,3.0
5411,2026-04-23,Referral,True,2026-04-23,2026-05-31,5,False,5.0
5412,2026-03-14,Referral,True,2026-03-16,2026-04-06,3,False,3.0
5413,2026-03-19,Web,False,,2026-04-20,0,True,
5414,2026-04-11,Web,False,,2026-05-21,0,True,
5415,2026-07-31,Web,True,2026-08-02,2026-09-06,4,False,5.0
5416,2026-03-26,Referral,True,2026-03-28,2026-04-24,2,False,1.0
5417,2026-04-16,App,False,,2026-06-05,0,True,
5418,2026-07-16,App,False,,2026-07-30,0,True,
5419,2026-06-04,App,True,2026-06-05,2026-07-06,2,False,1.0
5420,2026-03-24,Web,True,2026-03-26,2026-04-16,2,False,3.0
5421,2026-03-06,App,True,2026-03-07,2026-04-22,5,True,1.0
5422,2026-06-24,App,True,2026-06-27,2026-07-07,3,False,5.0
5423,2026-02-25,App,True,2026-02-25,2026-03-11,4,False,1.0
5424,2026-03-24,Web,True,2026-03-26,2026-04-03,4,False,1.0
5425,2026-05-31,Web,False,,2026-07-29,0,True,
5426,2026-07-21,App,True,2026-07-21,2026-08-28,2,False,2.0
5427,2026-06-01,Web,True,2026-06-02,2026-07-08,1,False,1.0
5428,2026-03-07,App,True,2026-03-07,2026-04-03,2,False,4.0
5429,2026-08-10,App,True,2026-08-12,2026-09-11,3,False,2.0
5430,2026-07-07,Web,True,2026-07-08,2026-07-08,5,True,3.0
5431,2026-07-20,Referral,True,2026-07-23,2026-07-31,4,True,2.0
5432,2026-05-19,App,True,2026-05-20,2026-05-25,2,False,3.0
5433,2026-06-11,App,False,,2026-06-12,0,True,
5434,2026-08-03,App,False,,2026-09-11,0,True,
5435,2026-04-05,App,False,,2026-04-18,0,True,
5436,2026-06-26,App,False,,2026-07-23,0,True,
5437,2026-05-20,App,True,2026-05-21,2026-05-27,1,False,4.0
5438,2026-05-23,App,False,,2026-07-07,0,True,
5439,2026-06-06,Web,False,,2026-06-28,0,True,
5440,2026-03-24,App,True,2026-03-25,2026-05-03,3,True,4.0
5441,2026-05-09,App,False,,2026-06-22,0,True,
5442,2026-06-05,App,True,2026-06-08,2026-06-11,2,False,3.0
5443,2026-04-28,App,True,2026-04-30,2026-06-13,3,True,2.0
5444,2026-06-10,Referral,True,2026-06-12,2026-06-17,2,True,3.0
5445,2026-03-31,Referral,True,2026-03-31,2026-05-11,1,True,4.0
5446,2026-06-04,App,False,,2026-07-20,0,True,
5447,2026-07-15,App,False,,2026-07-19,0,True,
5448,2026-08-06,App,True,2026-08-08,2026-09-03,3,True,3.0
5449,2026-04-05,Referral,False,,2026-06-03,0,True,
5450,2026-05-05,App,True,2026-05-06,2026-05-06,6,False,3.0
5451,2026-08-10,App,False,,2026-09-02,0,False,
5452,2026-04-03,App,True,2026-04-06,2026-04-21,3,True,2.0
5453,2026-03-08,App,False,,2026-03-09,0,True,
5454,2026-07-23,App,False,,2026-07-24,0,True,
5455,2026-06-02,App,False,,2026-07-19,0,False,
5456,2026-05-22,App,True,2026-05-22,2026-06-20,2,False,1.0
5457,2026-07-21,App,True,2026-07-22,2026-09-18,2,True,3.0
5458,2026-08-16,Referral,True,2026-08-17,2026-08-22,5,False,5.0
5459,2026-07-21,Referral,False,,2026-08-16,0,True,
5460,2026-07-20,App,True,2026-07-22,2026-08-22,2,False,2.0
5461,2026-08-14,App,False,,2026-09-13,0,True,
5462,2026-07-29,Referral,True,2026-07-29,2026-08-13,3,True,4.0
5463,2026-04-14,App,False,,2026-05-19,0,True,
5464,2026-06-27,App,False,,2026-08-01,0,True,
5465,2026-05-27,Web,True,2026-05-27,2026-06-18,5,False,3.0
5466,2026-07-06,App,False,,2026-09-04,0,True,
5467,2026-03-05,App,False,,2026-03-24,0,False,
5468,2026-06-30,Web,True,2026-07-03,2026-07-03,2,True,1.0
5469,2026-06-20,App,False,,2026-08-05,0,True,
5470,2026-07-29,App,False,,2026-07-31,0,True,
5471,2026-06-16,App,True,2026-06-17,2026-08-08,4,False,4.0
5472,2026-03-27,Web,True,2026-03-30,2026-05-25,1,False,5.0
5473,2026-06-07,Web,True,2026-06-10,2026-06-18,2,False,3.0
5474,2026-07-14,App,True,2026-07-17,2026-07-26,6,False,4.0
5475,2026-08-06,App,True,2026-08-07,2026-10-04,2,True,1.0
5476,2026-08-08,Web,True,2026-08-09,2026-09-24,2,False,4.0
5477,2026-02-22,App,True,2026-02-23,2026-02-24,0,True,
5478,2026-03-16,Web,True,2026-03-17,2026-04-16,6,False,1.0
5479,2026-04-06,App,True,2026-04-09,2026-04-16,1,False,2.0
5480,2026-07-20,Web,True,2026-07-20,2026-08-07,1,False,4.0
5481,2026-04-03,Referral,True,2026-04-03,2026-05-20,4,False,2.0
5482,2026-08-04,Web,True,2026-08-05,2026-09-26,3,True,5.0
5483,2026-04-14,Web,False,,2026-05-12,0,True,
5484,2026-08-06,Web,True,2026-08-08,2026-08-11,4,False,2.0
5485,2026-03-22,Web,False,,2026-05-14,0,True,
5486,2026-03-24,Web,False,,2026-04-03,0,True,
5487,2026-08-16,App,True,2026-08-16,2026-08-22,3,False,1.0
5488,2026-03-22,App,False,,2026-05-05,0,True,
5489,2026-05-22,App,True,2026-05-25,2026-07-03,3,False,3.0
5490,2026-05-30,Referral,False,,2026-07-12,0,True,
5491,2026-03-31,Web,False,,2026-05-05,0,True,
5492,2026-08-13,Web,True,2026-08-14,2026-08-26,0,True,
5493,2026-07-02,Web,True,2026-07-03,2026-08-03,6,False,3.0
5494,2026-08-04,Web,False,,2026-08-24,0,True,
5495,2026-08-05,Web,False,,2026-09-03,0,True,
5496,2026-07-02,App,True,2026-07-03,2026-07-30,2,True,4.0
5497,2026-07-25,Web,True,2026-07-25,2026-09-02,5,False,4.0
5498,2026-06-20,App,True,2026-06-20,2026-07-02,2,False,2.0
5499,2026-05-24,Referral,True,2026-05-26,2026-06-07,3,True,2.0
5500,2026-07-01,App,False,,2026-08-12,0,True,
5501,2026-04-12,Referral,True,2026-04-14,2026-04-27,4,False,4.0
5502,2026-02-24,App,False,,2026-04-10,0,False,
5503,2026-06-14,Web,True,2026-06-15,2026-07-23,3,True,1.0
5504,2026-03-24,Referral,True,2026-03-27,2026-04-08,4,True,5.0
5505,2026-03-24,Referral,False,,2026-04-26,0,False,
5506,2026-07-19,App,True,2026-07-22,2026-09-11,4,False,3.0
5507,2026-07-17,Web,True,2026-07-17,2026-08-31,3,True,2.0
5508,2026-06-20,Referral,False,,2026-07-01,0,True,
5509,2026-06-14,Web,True,2026-06-15,2026-07-20,4,True,5.0
5510,2026-05-18,Web,True,2026-05-18,2026-05-29,1,True,5.0
5511,2026-05-21,Web,False,,2026-07-10,0,True,
5512,2026-06-08,Web,True,2026-06-09,2026-07-15,1,True,4.0
5513,2026-07-12,App,False,,2026-07-15,0,True,
5514,2026-05-11,Web,True,2026-05-13,2026-05-30,3,True,3.0
5515,2026-03-19,Web,False,,2026-03-22,0,True,
5516,2026-06-22,App,True,2026-06-23,2026-07-28,3,False,4.0
5517,2026-03-31,App,True,2026-04-02,2026-05-15,4,False,4.0
5518,2026-05-18,Referral,False,,2026-06-25,0,True,
5519,2026-03-15,Referral,True,2026-03-18,2026-03-21,1,False,4.0
5520,2026-06-08,App,True,2026-06-10,2026-07-28,1,False,4.0
5521,2026-02-23,App,True,2026-02-23,2026-03-02,1,False,5.0
5522,2026-08-14,Web,False,,2026-09-08,0,True,
5523,2026-08-02,Referral,False,,2026-08-16,0,True,
5524,2026-07-20,App,True,2026-07-21,2026-07-26,2,True,4.0
5525,2026-08-11,App,False,,2026-09-25,0,True,
5526,2026-05-14,App,True,2026-05-14,2026-07-06,0,False,
5527,2026-07-23,Web,True,2026-07-24,2026-09-03,2,False,5.0
5528,2026-04-22,App,True,2026-04-24,2026-04-26,4,False,5.0
5529,2026-04-03,App,True,2026-04-03,2026-04-29,3,False,1.0
5530,2026-08-20,App,False,,2026-10-12,0,True,
5531,2026-03-17,Web,True,2026-03-18,2026-04-08,2,True,4.0
5532,2026-05-10,App,False,,2026-06-30,0,True,
5533,2026-03-30,Web,True,2026-03-30,2026-05-08,2,False,5.0
5534,2026-08-09,App,True,2026-08-11,2026-09-28,3,False,3.0
5535,2026-07-23,App,True,2026-07-25,2026-08-16,3,False,2.0
5536,2026-02-26,App,True,2026-02-26,2026-03-13,2,False,2.0
5537,2026-03-18,Referral,True,2026-03-20,2026-03-21,2,False,3.0
5538,2026-05-21,Web,False,,2026-06-02,0,True,
5539,2026-05-17,App,False,,2026-06-25,0,False,
5540,2026-06-09,Referral,True,2026-06-11,2026-06-14,3,False,2.0
5541,2026-05-21,Web,False,,2026-06-17,0,True,
5542,2026-08-02,Web,True,2026-08-03,2026-08-23,1,True,3.0
5543,2026-04-09,App,True,2026-04-10,2026-06-02,3,False,2.0
5544,2026-06-04,App,True,2026-06-05,2026-07-04,4,True,4.0
5545,2026-08-07,App,True,2026-08-08,2026-09-24,2,False,1.0
5546,2026-04-05,App,True,2026-04-08,2026-05-30,2,True,2.0
5547,2026-06-03,Web,True,2026-06-03,2026-07-11,4,False,1.0
5548,2026-03-01,App,False,,2026-04-27,0,False,
5549,2026-04-15,Referral,False,,2026-05-27,0,True,
5550,2026-08-15,Web,True,2026-08-15,2026-08-20,3,False,4.0
5551,2026-06-14,Web,True,2026-06-15,2026-07-31,1,True,4.0
5552,2026-04-27,Web,True,2026-04-29,2026-05-03,4,False,4.0
5553,2026-08-02,App,True,2026-08-03,2026-09-23,2,False,1.0
5554,2026-04-27,App,True,2026-04-29,2026-05-18,3,False,5.0
5555,2026-04-26,App,True,2026-04-29,2026-05-25,0,False,
5556,2026-03-18,Web,True,2026-03-19,2026-04-13,3,False,5.0
5557,2026-02-23,App,True,2026-02-26,2026-04-12,1,False,1.0
5558,2026-07-28,Referral,False,,2026-08-15,0,True,
5559,2026-04-12,App,True,2026-04-15,2026-05-17,3,False,2.0
5560,2026-04-16,App,True,2026-04-18,2026-06-05,2,False,4.0
5561,2026-04-21,Web,True,2026-04-22,2026-05-30,7,False,3.0
5562,2026-02-26,App,True,2026-02-27,2026-03-11,1,False,1.0
5563,2026-06-02,App,False,,2026-06-22,0,True,
5564,2026-03-31,Web,False,,2026-04-12,0,False,
5565,2026-04-29,Web,True,2026-04-29,2026-06-02,3,False,1.0
5566,2026-06-21,Web,False,,2026-08-11,0,True,
5567,2026-03-28,App,True,2026-03-30,2026-04-22,1,False,3.0
5568,2026-06-29,Referral,True,2026-06-30,2026-07-22,8,False,5.0
5569,2026-05-05,Web,False,,2026-06-21,0,True,
5570,2026-04-10,App,True,2026-04-10,2026-06-05,1,False,5.0
5571,2026-03-02,Web,False,,2026-03-20,0,False,
5572,2026-07-12,Referral,True,2026-07-13,2026-08-20,2,True,1.0
5573,2026-03-28,App,True,2026-03-30,2026-04-26,4,True,3.0
5574,2026-05-26,Referral,True,2026-05-26,2026-07-20,2,False,2.0
5575,2026-06-22,Web,True,2026-06-24,2026-06-27,1,False,3.0
5576,2026-03-09,Referral,True,2026-03-10,2026-03-23,2,True,2.0
5577,2026-05-04,App,True,2026-05-06,2026-05-18,5,True,2.0
5578,2026-07-21,Referral,True,2026-07-23,2026-09-19,1,True,2.0
5579,2026-03-07,App,False,,2026-04-29,0,True,
5580,2026-08-07,Referral,False,,2026-09-06,0,True,
5581,2026-03-14,Web,True,2026-03-14,2026-05-09,6,False,3.0
5582,2026-06-13,Referral,True,2026-06-15,2026-08-04,2,False,2.0
5583,2026-07-30,App,True,2026-08-01,2026-08-23,4,False,5.0
5584,2026-04-27,App,False,,2026-06-11,0,True,
5585,2026-02-24,Web,False,,2026-04-01,0,True,
5586,2026-08-09,App,False,,2026-09-09,0,True,
5587,2026-06-04,App,True,2026-06-05,2026-06-18,2,True,1.0
5588,2026-02-22,App,True,2026-02-22,2026-04-20,0,False,
5589,2026-06-12,App,True,2026-06-13,2026-08-02,2,True,3.0
5590,2026-04-24,Referral,False,,2026-06-16,0,True,
5591,2026-06-10,Web,False,,2026-06-17,0,False,
5592,2026-03-29,Web,False,,2026-04-26,0,True,
5593,2026-08-13,App,True,2026-08-15,2026-10-03,2,False,2.0
5594,2026-07-15,Referral,True,2026-07-15,2026-07-19,5,False,2.0
5595,2026-05-04,App,True,2026-05-07,2026-05-26,4,False,5.0
5596,2026-05-17,App,True,2026-05-19,2026-06-18,5,False,5.0
5597,2026-05-06,App,True,2026-05-07,2026-06-08,2,True,4.0
5598,2026-07-16,Web,True,2026-07-16,2026-08-06,3,True,3.0
5599,2026-05-01,Web,False,,2026-05-21,0,True,
5600,2026-03-01,App,True,2026-03-03,2026-03-20,3,False,5.0
5601,2026-07-27,Web,False,,2026-09-21,0,True,
5602,2026-07-05,App,True,2026-07-08,2026-08-20,0,False,
5603,2026-06-15,App,False,,2026-08-01,0,True,
5604,2026-04-17,App,False,,2026-05-06,0,True,
5605,2026-04-26,App,True,2026-04-27,2026-05-18,1,False,5.0
5606,2026-05-23,App,False,,2026-07-04,0,False,
5607,2026-07-15,App,False,,2026-08-04,0,False,
5608,2026-08-04,Web,True,2026-08-07,2026-09-16,4,False,1.0
5609,2026-03-09,Web,False,,2026-03-16,0,True,
5610,2026-04-24,Referral,True,2026-04-26,2026-05-22,5,False,5.0
5611,2026-03-30,App,True,2026-03-31,2026-05-20,8,False,3.0
5612,2026-04-25,App,True,2026-04-28,2026-06-21,1,False,5.0
5613,2026-07-03,App,True,2026-07-03,2026-07-27,4,False,3.0
5614,2026-05-05,Referral,False,,2026-06-29,0,True,
5615,2026-05-24,Web,True,2026-05-26,2026-06-25,0,True,
5616,2026-03-05,Web,True,2026-03-06,2026-04-05,3,False,2.0
5617,2026-06-02,Referral,False,,2026-06-20,0,True,
5618,2026-03-09,Referral,False,,2026-03-16,0,True,
5619,2026-08-13,App,True,2026-08-15,2026-09-28,1,False,3.0
5620,2026-02-22,Web,True,2026-02-22,2026-03-11,4,True,2.0
5621,2026-04-08,Referral,True,2026-04-08,2026-05-12,2,False,3.0
5622,2026-03-04,App,True,2026-03-06,2026-03-21,1,False,3.0
5623,2026-03-31,Referral,True,2026-03-31,2026-05-25,4,False,1.0
5624,2026-04-05,Web,False,,2026-06-04,0,False,
5625,2026-07-28,Web,True,2026-07-29,2026-08-01,4,False,5.0
5626,2026-07-31,App,True,2026-08-03,2026-08-05,1,False,4.0
5627,2026-03-23,Referral,True,2026-03-23,2026-05-12,3,True,5.0
5628,2026-07-16,Web,False,,2026-08-05,0,True,
5629,2026-04-15,App,True,2026-04-18,2026-05-26,4,False,5.0
5630,2026-04-26,App,False,,2026-06-01,0,True,
5631,2026-03-27,App,True,2026-03-28,2026-04-23,3,False,1.0
5632,2026-04-04,App,True,2026-04-04,2026-05-30,3,True,1.0
5633,2026-05-02,Referral,False,,2026-06-20,0,True,
5634,2026-05-13,Web,True,2026-05-15,2026-06-24,1,False,2.0
5635,2026-06-23,Web,False,,2026-08-11,0,False,
5636,2026-05-08,Web,True,2026-05-08,2026-07-03,6,False,5.0
5637,2026-05-26,Web,True,2026-05-27,2026-05-31,2,False,2.0
5638,2026-04-23,Referral,False,,2026-06-11,0,True,
5639,2026-06-07,App,True,2026-06-10,2026-08-03,5,True,1.0
5640,2026-05-09,Web,False,,2026-05-25,0,True,
5641,2026-05-01,App,True,2026-05-03,2026-06-09,0,False,
5642,2026-05-03,Web,True,2026-05-06,2026-06-28,5,False,1.0
5643,2026-07-02,App,True,2026-07-05,2026-08-03,2,False,4.0
5644,2026-07-05,App,True,2026-07-06,2026-08-15,6,False,3.0
5645,2026-03-21,App,True,2026-03-23,2026-05-14,3,False,2.0
5646,2026-05-18,Referral,False,,2026-05-23,0,True,
5647,2026-03-26,Referral,False,,2026-04-02,0,False,
5648,2026-05-16,Web,True,2026-05-19,2026-05-18,2,False,2.0
5649,2026-06-29,Web,False,,2026-07-06,0,True,
5650,2026-06-30,App,True,2026-07-03,2026-08-02,6,False,3.0
5651,2026-06-23,Web,True,2026-06-23,2026-08-20,1,False,1.0
5652,2026-07-30,App,False,,2026-08-17,0,False,
5653,2026-08-17,Web,False,,2026-09-11,0,True,
5654,2026-05-08,App,True,2026-05-11,2026-06-29,1,False,1.0
5655,2026-05-12,Web,True,2026-05-15,2026-07-09,6,True,2.0
5656,2026-04-20,Referral,True,2026-04-23,2026-05-11,3,False,5.0
5657,2026-08-07,Web,True,2026-08-08,2026-08-27,4,False,4.0
5658,2026-04-05,Referral,False,,2026-05-10,0,True,
5659,2026-03-28,Web,True,2026-03-30,2026-04-18,5,False,4.0
5660,2026-05-02,Referral,False,,2026-06-10,0,False,
5661,2026-04-19,Web,False,,2026-05-22,0,True,
5662,2026-03-14,App,True,2026-03-16,2026-04-13,3,False,1.0
5663,2026-04-30,Web,False,,2026-05-28,0,True,
5664,2026-06-21,App,True,2026-06-21,2026-08-02,4,False,4.0
5665,2026-07-28,Web,True,2026-07-28,2026-09-21,2,False,3.0
5666,2026-03-05,App,False,,2026-03-12,0,True,
5667,2026-05-25,App,False,,2026-07-04,0,False,
5668,2026-07-14,Web,True,2026-07-15,2026-08-20,3,False,3.0
5669,2026-02-23,Web,True,2026-02-24,2026-03-18,1,True,2.0
5670,2026-03-26,Referral,False,,2026-05-11,0,True,
5671,2026-07-12,Web,True,2026-07-15,2026-08-16,1,False,2.0
5672,2026-02-27,Web,True,2026-02-27,2026-04-10,3,False,1.0
5673,2026-04-12,App,True,2026-04-12,2026-05-31,5,True,2.0
5674,2026-05-05,Web,True,2026-05-06,2026-05-22,0,False,
5675,2026-03-16,App,True,2026-03-18,2026-04-24,1,False,5.0
5676,2026-03-09,App,False,,2026-05-08,0,False,
5677,2026-03-16,App,True,2026-03-18,2026-03-29,2,True,5.0
5678,2026-06-12,Web,False,,2026-07-31,0,True,
5679,2026-04-12,Web,False,,2026-05-07,0,True,
5680,2026-08-03,App,True,2026-08-04,2026-09-30,5,True,2.0
5681,2026-05-30,Web,True,2026-05-31,2026-07-11,3,False,2.0
5682,2026-06-04,App,True,2026-06-04,2026-07-26,2,True,5.0
5683,2026-03-18,Web,True,2026-03-19,2026-05-15,5,False,5.0
5684,2026-04-21,App,False,,2026-05-18,0,True,
5685,2026-06-08,App,True,2026-06-08,2026-07-24,0,False,
5686,2026-07-27,App,False,,2026-09-03,0,False,
5687,2026-02-24,App,True,2026-02-26,2026-03-26,3,True,3.0
5688,2026-04-10,App,True,2026-04-11,2026-05-26,8,False,1.0
5689,2026-05-07,App,True,2026-05-09,2026-05-31,3,False,1.0
5690,2026-05-29,App,False,,2026-07-23,0,False,
5691,2026-05-27,Web,False,,2026-05-29,0,True,
5692,2026-04-05,App,True,2026-04-06,2026-04-23,4,True,1.0
5693,2026-03-14,App,False,,2026-04-07,0,False,
5694,2026-06-07,App,True,2026-06-08,2026-06-26,6,False,3.0
5695,2026-03-04,Web,False,,2026-03-27,0,True,
5696,2026-08-01,Referral,False,,2026-09-25,0,True,
5697,2026-07-26,App,True,2026-07-27,2026-09-24,4,False,1.0
5698,2026-03-28,App,True,2026-03-28,2026-04-25,2,False,4.0
5699,2026-06-03,Referral,False,,2026-06-29,0,True,
5700,2026-05-07,App,True,2026-05-08,2026-05-09,2,True,2.0
5701,2026-08-10,App,False,,2026-08-30,0,True,
5702,2026-05-12,App,True,2026-05-15,2026-05-18,6,False,1.0
5703,2026-07-14,App,True,2026-07-16,2026-08-04,5,False,2.0
5704,2026-02-28,App,True,2026-03-01,2026-04-26,2,False,3.0
5705,2026-08-02,Web,False,,2026-08-09,0,True,
5706,2026-04-25,App,True,2026-04-28,2026-05-29,5,False,1.0
5707,2026-07-25,Web,False,,2026-09-21,0,True,
5708,2026-08-05,App,True,2026-08-05,2026-08-28,3,False,1.0
5709,2026-03-31,Web,True,2026-04-01,2026-05-22,2,False,5.0
5710,2026-03-05,App,True,2026-03-06,2026-04-06,2,False,2.0
5711,2026-08-19,Web,False,,2026-09-25,0,True,
5712,2026-06-03,App,True,2026-06-06,2026-06-10,3,True,1.0
5713,2026-05-22,App,True,2026-05-25,2026-06-11,1,True,1.0
5714,2026-05-13,Web,False,,2026-07-12,0,True,
5715,2026-06-23,Referral,True,2026-06-26,2026-08-17,1,False,4.0
5716,2026-07-02,App,False,,2026-08-13,0,True,
5717,2026-05-31,App,True,2026-06-03,2026-06-13,3,False,5.0
5718,2026-07-25,Web,False,,2026-09-09,0,True,
5719,2026-03-06,Web,False,,2026-03-27,0,True,
5720,2026-06-11,Web,False,,2026-08-08,0,True,
5721,2026-07-29,Referral,True,2026-08-01,2026-08-09,3,False,5.0
5722,2026-04-11,App,True,2026-04-12,2026-05-24,2,True,2.0
5723,2026-02-23,Referral,True,2026-02-24,2026-03-18,3,False,3.0
5724,2026-04-25,Web,True,2026-04-28,2026-06-18,4,False,5.0
5725,2026-07-02,Referral,False,,2026-08-20,0,True,
5726,2026-03-25,App,False,,2026-04-29,0,False,
5727,2026-06-09,App,True,2026-06-11,2026-08-05,1,False,3.0
5728,2026-04-29,Web,False,,2026-05-02,0,False,
5729,2026-02-25,Web,True,2026-02-27,2026-03-07,3,True,1.0
5730,2026-05-23,App,True,2026-05-23,2026-07-22,2,False,1.0
5731,2026-07-16,App,True,2026-07-19,2026-09-12,4,True,5.0
5732,2026-02-27,Referral,False,,2026-03-24,0,True,
5733,2026-05-20,App,True,2026-05-23,2026-06-08,5,False,5.0
5734,2026-05-10,Web,True,2026-05-12,2026-06-12,0,True,
5735,2026-06-27,Referral,False,,2026-07-08,0,True,
5736,2026-04-22,Web,False,,2026-05-16,0,True,
5737,2026-07-14,Web,False,,2026-09-02,0,True,
5738,2026-03-20,App,True,2026-03-20,2026-05-03,2,False,5.0
5739,2026-07-10,App,True,2026-07-12,2026-07-12,0,False,
5740,2026-05-05,Web,True,2026-05-07,2026-05-15,3,False,5.0
5741,2026-03-16,App,True,2026-03-16,2026-04-27,3,True,4.0
5742,2026-07-29,Web,True,2026-07-30,2026-09-05,2,False,3.0
5743,2026-04-09,Web,True,2026-04-11,2026-05-29,3,True,2.0
5744,2026-07-19,Web,True,2026-07-19,2026-08-25,5,True,4.0
5745,2026-04-08,Web,False,,2026-05-16,0,False,
5746,2026-07-24,Web,True,2026-07-26,2026-09-16,4,False,5.0
5747,2026-08-12,Web,True,2026-08-12,2026-09-24,4,True,4.0
5748,2026-08-09,App,False,,2026-10-03,0,True,
5749,2026-03-20,App,True,2026-03-20,2026-03-23,1,False,1.0
5750,2026-02-22,App,True,2026-02-24,2026-03-10,5,False,5.0
5751,2026-07-28,Referral,False,,2026-08-04,0,True,
5752,2026-05-01,App,True,2026-05-01,2026-05-15,4,False,2.0
5753,2026-05-18,Referral,True,2026-05-21,2026-06-19,3,True,5.0
5754,2026-04-10,Referral,False,,2026-04-16,0,False,
5755,2026-03-01,Referral,True,2026-03-01,2026-03-17,3,False,2.0
5756,2026-05-31,App,True,2026-06-02,2026-07-12,0,True,
5757,2026-04-27,Web,False,,2026-05-02,0,True,
5758,2026-05-14,App,True,2026-05-15,2026-07-11,2,False,1.0
5759,2026-02-25,Web,True,2026-02-25,2026-03-09,5,True,2.0
5760,2026-06-23,Web,True,2026-06-25,2026-07-10,4,True,5.0
5761,2026-03-06,App,True,2026-03-08,2026-03-25,0,False,
5762,2026-04-11,Web,False,,2026-05-17,0,True,
5763,2026-05-27,App,True,2026-05-30,2026-06-01,5,True,4.0
5764,2026-05-21,App,True,2026-05-22,2026-07-05,3,True,2.0
5765,2026-05-24,Web,True,2026-05-25,2026-07-03,3,True,2.0
5766,2026-05-24,App,False,,2026-07-22,0,True,
5767,2026-03-28,App,True,2026-03-29,2026-04-11,1,True,4.0
5768,2026-06-29,Web,False,,2026-07-09,0,False,
5769,2026-02-26,App,True,2026-02-28,2026-03-20,0,False,
5770,2026-03-23,App,True,2026-03-26,2026-04-30,4,False,1.0
5771,2026-03-14,Web,False,,2026-03-22,0,False,
5772,2026-08-16,App,False,,2026-10-04,0,True,
5773,2026-03-29,Web,True,2026-04-01,2026-05-20,1,False,5.0
5774,2026-07-24,Web,True,2026-07-27,2026-09-13,1,False,4.0
5775,2026-04-05,Web,True,2026-04-05,2026-05-14,0,True,
5776,2026-05-18,App,True,2026-05-20,2026-06-27,4,False,1.0
5777,2026-04-19,Web,False,,2026-05-16,0,False,
5778,2026-05-02,App,True,2026-05-04,2026-05-25,5,True,3.0
5779,2026-04-14,App,False,,2026-06-07,0,True,
5780,2026-05-30,App,False,,2026-07-22,0,False,
5781,2026-03-16,App,False,,2026-04-16,0,True,
5782,2026-06-27,App,True,2026-06-30,2026-07-01,3,True,2.0
5783,2026-04-18,Web,True,2026-04-19,2026-05-03,0,True,
5784,2026-03-28,Web,True,2026-03-30,2026-04-26,2,False,5.0
5785,2026-03-28,Web,False,,2026-04-09,0,True,
5786,2026-07-15,App,True,2026-07-18,2026-08-02,5,False,1.0
5787,2026-07-04,App,False,,2026-07-12,0,True,
5788,2026-04-11,App,False,,2026-05-08,0,True,
5789,2026-08-02,Web,True,2026-08-04,2026-09-08,4,False,4.0
5790,2026-05-03,App,True,2026-05-03,2026-06-30,3,False,1.0
5791,2026-05-23,Referral,True,2026-05-26,2026-07-10,2,True,1.0
5792,2026-05-30,App,True,2026-05-30,2026-06-07,6,False,4.0
5793,2026-07-03,Referral,True,2026-07-03,2026-08-05,5,False,1.0
5794,2026-05-11,App,True,2026-05-14,2026-06-14,4,True,2.0
5795,2026-04-28,App,False,,2026-05-06,0,True,
5796,2026-03-25,App,True,2026-03-25,2026-04-08,2,True,1.0
5797,2026-03-19,App,True,2026-03-22,2026-05-09,0,False,
5798,2026-06-23,App,False,,2026-08-11,0,True,
5799,2026-03-21,App,True,2026-03-21,2026-03-25,0,True,
5800,2026-03-05,Web,True,2026-03-06,2026-04-03,4,False,4.0
5801,2026-02-23,App,True,2026-02-26,2026-04-04,1,False,2.0
5802,2026-03-25,App,True,2026-03-25,2026-05-09,3,False,4.0
5803,2026-03-28,Web,True,2026-03-31,2026-05-21,4,True,1.0
5804,2026-08-03,Web,True,2026-08-06,2026-09-13,0,False,
5805,2026-03-22,Referral,True,2026-03-25,2026-03-29,5,True,2.0
5806,2026-06-09,Referral,True,2026-06-09,2026-06-23,2,True,3.0
5807,2026-05-18,App,True,2026-05-21,2026-06-19,4,False,4.0
5808,2026-05-22,App,True,2026-05-23,2026-05-26,2,False,5.0
5809,2026-06-26,Referral,False,,2026-06-30,0,True,
5810,2026-05-28,Web,True,2026-05-30,2026-06-07,3,False,2.0
5811,2026-04-10,App,True,2026-04-11,2026-05-05,1,True,5.0
5812,2026-04-08,App,False,,2026-04-21,0,True,
5813,2026-08-19,Web,False,,2026-09-28,0,False,
5814,2026-07-25,App,True,2026-07-28,2026-08-06,1,True,2.0
5815,2026-06-14,App,False,,2026-08-12,0,True,
5816,2026-05-11,App,True,2026-05-13,2026-05-18,1,False,1.0
5817,2026-05-08,Web,False,,2026-06-26,0,True,
5818,2026-04-11,App,True,2026-04-11,2026-05-31,1,False,5.0
5819,2026-05-05,Referral,False,,2026-05-31,0,True,
5820,2026-03-29,App,True,2026-03-29,2026-05-13,2,True,1.0
5821,2026-08-09,App,False,,2026-08-15,0,True,
5822,2026-06-13,Web,False,,2026-07-01,0,False,
5823,2026-07-25,App,True,2026-07-26,2026-09-16,2,True,1.0
5824,2026-05-21,Web,True,2026-05-21,2026-07-14,2,False,5.0
5825,2026-07-03,App,False,,2026-08-04,0,True,
5826,2026-04-07,App,True,2026-04-07,2026-04-21,4,True,5.0
5827,2026-03-09,App,True,2026-03-12,2026-04-13,1,True,1.0
5828,2026-04-30,App,True,2026-05-03,2026-06-20,4,True,2.0
5829,2026-05-29,Web,False,,2026-06-04,0,True,
5830,2026-05-20,Web,True,2026-05-23,2026-07-16,2,False,1.0
5831,2026-04-03,Web,True,2026-04-04,2026-04-12,0,False,
5832,2026-08-19,Web,False,,2026-10-10,0,True,
5833,2026-04-03,App,True,2026-04-03,2026-05-16,4,False,3.0
5834,2026-06-07,App,False,,2026-06-29,0,True,
5835,2026-06-19,App,False,,2026-08-02,0,True,
5836,2026-03-27,Web,True,2026-03-27,2026-04-23,3,False,2.0
5837,2026-07-04,Web,True,2026-07-07,2026-08-23,1,True,4.0
5838,2026-03-31,Web,True,2026-03-31,2026-04-03,4,False,4.0
5839,2026-03-17,Referral,True,2026-03-20,2026-05-03,2,True,4.0
5840,2026-07-02,Referral,False,,2026-07-27,0,True,
5841,2026-04-22,Web,True,2026-04-24,2026-06-12,3,True,2.0
5842,2026-07-15,Web,False,,2026-07-29,0,True,
5843,2026-07-10,App,True,2026-07-11,2026-07-18,2,False,4.0
5844,2026-08-17,App,True,2026-08-19,2026-09-19,3,True,3.0
5845,2026-02-25,Web,False,,2026-04-18,0,False,
5846,2026-08-15,Web,False,,2026-09-04,0,True,
5847,2026-08-18,Web,True,2026-08-21,2026-08-20,3,False,3.0
5848,2026-05-04,Web,True,2026-05-04,2026-05-17,4,False,5.0
5849,2026-06-25,App,True,2026-06-27,2026-08-17,9,True,4.0
5850,2026-04-28,Web,True,2026-04-28,2026-05-23,4,False,2.0
5851,2026-06-11,Web,True,2026-06-13,2026-06-16,1,True,5.0
5852,2026-03-20,Referral,False,,2026-03-30,0,True,
5853,2026-07-31,App,True,2026-08-03,2026-09-25,4,False,5.0
5854,2026-06-16,App,True,2026-06-17,2026-07-06,2,True,5.0
5855,2026-05-29,Referral,True,2026-06-01,2026-07-28,3,False,4.0
5856,2026-03-23,Web,True,2026-03-23,2026-05-15,1,False,3.0
5857,2026-05-03,Web,True,2026-05-04,2026-05-05,1,True,4.0
5858,2026-04-06,Referral,True,2026-04-07,2026-04-09,3,False,3.0
5859,2026-07-01,App,True,2026-07-04,2026-07-31,8,False,3.0
5860,2026-08-18,App,True,2026-08-18,2026-08-29,3,True,2.0
5861,2026-06-13,App,True,2026-06-15,2026-06-17,3,True,3.0
5862,2026-03-14,App,True,2026-03-14,2026-04-12,4,True,1.0
5863,2026-03-08,Referral,True,2026-03-10,2026-03-29,7,True,2.0
5864,2026-03-18,Referral,True,2026-03-20,2026-05-02,6,False,3.0
5865,2026-05-13,Web,True,2026-05-15,2026-06-22,2,True,2.0
5866,2026-07-20,App,True,2026-07-23,2026-09-07,3,False,4.0
5867,2026-03-11,App,True,2026-03-13,2026-03-16,1,False,5.0
5868,2026-05-28,Referral,False,,2026-07-13,0,False,
5869,2026-07-21,App,False,,2026-09-12,0,True,
5870,2026-05-20,Web,True,2026-05-22,2026-06-23,1,False,2.0
5871,2026-06-17,App,True,2026-06-18,2026-07-29,1,True,2.0
5872,2026-02-27,Referral,False,,2026-04-11,0,True,
5873,2026-05-18,Web,False,,2026-05-30,0,True,
5874,2026-06-02,App,True,2026-06-03,2026-07-06,3,True,2.0
5875,2026-03-22,Web,False,,2026-03-30,0,True,
5876,2026-02-23,App,False,,2026-03-30,0,True,
5877,2026-03-21,Web,True,2026-03-22,2026-03-26,4,False,2.0
5878,2026-07-28,App,True,2026-07-30,2026-09-22,3,True,1.0
5879,2026-03-01,App,True,2026-03-01,2026-04-17,4,True,1.0
5880,2026-06-13,Web,False,,2026-08-03,0,True,
5881,2026-05-29,Web,False,,2026-06-06,0,False,
5882,2026-07-10,Web,True,2026-07-12,2026-07-19,4,False,2.0
5883,2026-07-24,Web,True,2026-07-24,2026-07-31,3,False,4.0
5884,2026-05-18,App,True,2026-05-19,2026-07-09,3,True,4.0
5885,2026-07-01,Web,True,2026-07-03,2026-08-15,2,False,1.0
5886,2026-02-25,Web,True,2026-02-27,2026-04-14,4,False,2.0
5887,2026-03-31,App,True,2026-04-03,2026-04-06,2,False,3.0
5888,2026-07-07,App,True,2026-07-09,2026-07-10,2,False,3.0
5889,2026-06-29,App,False,,2026-07-19,0,False,
5890,2026-06-02,Referral,True,2026-06-05,2026-06-22,2,False,1.0
5891,2026-04-08,Web,True,2026-04-09,2026-05-07,3,False,3.0
5892,2026-04-30,Referral,True,2026-05-03,2026-05-25,3,False,2.0
5893,2026-05-15,App,True,2026-05-15,2026-07-13,4,True,2.0
5894,2026-03-18,App,True,2026-03-18,2026-04-06,1,False,5.0
5895,2026-04-17,App,False,,2026-05-03,0,True,
5896,2026-03-06,App,False,,2026-04-12,0,True,
5897,2026-07-17,App,False,,2026-08-06,0,True,
5898,2026-08-16,Web,True,2026-08-18,2026-10-11,2,False,4.0
5899,2026-03-03,Referral,False,,2026-03-04,0,False,
5900,2026-05-02,Referral,False,,2026-06-14,0,False,
5901,2026-08-17,App,True,2026-08-20,2026-09-16,1,False,5.0
5902,2026-06-23,Web,True,2026-06-25,2026-08-15,1,False,2.0
5903,2026-05-25,App,True,2026-05-28,2026-06-10,2,False,2.0
5904,2026-03-13,Referral,False,,2026-05-02,0,True,
5905,2026-03-10,Web,False,,2026-03-27,0,True,
5906,2026-05-28,Referral,True,2026-05-31,2026-07-09,4,False,1.0
5907,2026-03-06,App,True,2026-03-09,2026-04-29,2,True,5.0
5908,2026-06-15,Referral,True,2026-06-15,2026-08-01,4,True,2.0
5909,2026-03-31,Web,True,2026-04-01,2026-05-23,5,True,3.0
5910,2026-07-31,Web,False,,2026-09-08,0,True,
5911,2026-04-28,Referral,True,2026-04-30,2026-06-14,5,False,2.0
5912,2026-06-28,App,True,2026-06-29,2026-07-26,2,True,3.0
5913,2026-03-30,Web,True,2026-03-30,2026-05-27,4,False,4.0
5914,2026-08-06,Web,True,2026-08-07,2026-08-09,3,True,1.0
5915,2026-02-22,App,False,,2026-04-16,0,True,
5916,2026-08-19,Web,True,2026-08-22,2026-09-14,5,False,2.0
5917,2026-06-15,Web,True,2026-06-15,2026-08-02,2,False,2.0
5918,2026-04-24,App,True,2026-04-25,2026-06-10,5,False,5.0
5919,2026-08-16,Referral,True,2026-08-16,2026-09-19,2,True,2.0
5920,2026-05-19,App,True,2026-05-21,2026-06-08,1,True,5.0
5921,2026-05-27,App,True,2026-05-27,2026-07-24,0,False,
5922,2026-05-20,App,False,,2026-05-25,0,True,
5923,2026-03-15,App,False,,2026-05-11,0,True,
5924,2026-05-20,Web,False,,2026-07-18,0,True,
5925,2026-03-02,Web,True,2026-03-05,2026-03-17,8,True,2.0
5926,2026-04-27,App,True,2026-04-30,2026-06-01,3,False,2.0
5927,2026-03-09,App,False,,2026-04-21,0,True,
5928,2026-04-23,Web,True,2026-04-25,2026-05-22,0,True,
5929,2026-03-01,App,True,2026-03-04,2026-04-07,4,True,2.0
5930,2026-05-09,App,True,2026-05-09,2026-06-25,2,True,2.0
5931,2026-06-19,Web,False,,2026-08-09,0,True,
5932,2026-07-13,App,False,,2026-07-21,0,True,
5933,2026-07-12,Web,False,,2026-08-20,0,True,
5934,2026-07-18,App,True,2026-07-18,2026-08-21,4,False,3.0
5935,2026-04-27,App,True,2026-04-30,2026-06-18,5,False,1.0
5936,2026-06-03,App,True,2026-06-04,2026-07-21,2,False,5.0
5937,2026-05-06,Web,True,2026-05-09,2026-05-21,2,False,5.0
5938,2026-08-05,App,False,,2026-09-26,0,True,
5939,2026-06-27,App,True,2026-06-27,2026-07-12,5,False,5.0
5940,2026-06-14,Web,True,2026-06-15,2026-07-11,2,False,4.0
5941,2026-06-03,Web,True,2026-06-06,2026-07-26,3,True,3.0
5942,2026-05-13,App,False,,2026-06-24,0,False,
5943,2026-08-13,Referral,False,,2026-08-16,0,True,
5944,2026-04-12,App,False,,2026-06-01,0,True,
5945,2026-03-11,Web,True,2026-03-11,2026-04-23,4,True,1.0
5946,2026-05-16,Web,True,2026-05-16,2026-05-28,6,False,3.0
5947,2026-07-27,App,True,2026-07-29,2026-08-17,3,False,4.0
5948,2026-06-07,Web,False,,2026-06-26,0,True,
5949,2026-08-03,App,True,2026-08-04,2026-09-24,0,False,
5950,2026-06-06,App,True,2026-06-09,2026-07-14,2,True,2.0
5951,2026-06-10,Referral,True,2026-06-10,2026-07-09,3,False,3.0
5952,2026-03-24,Web,True,2026-03-24,2026-04-06,4,False,3.0
5953,2026-07-17,App,False,,2026-08-13,0,True,
5954,2026-05-25,App,False,,2026-07-14,0,True,
5955,2026-07-17,App,True,2026-07-17,2026-07-18,1,False,2.0
5956,2026-07-28,App,True,2026-07-31,2026-09-02,3,True,2.0
5957,2026-08-01,App,True,2026-08-03,2026-09-12,5,False,5.0
5958,2026-04-16,App,True,2026-04-18,2026-06-05,4,True,1.0
5959,2026-03-18,Web,False,,2026-03-24,0,True,
5960,2026-08-17,Web,False,,2026-10-01,0,True,
5961,2026-08-09,App,False,,2026-09-25,0,True,
5962,2026-06-13,Web,False,,2026-07-03,0,True,
5963,2026-06-17,App,False,,2026-07-29,0,False,
5964,2026-03-10,Web,True,2026-03-11,2026-05-02,3,False,2.0
5965,2026-06-07,App,True,2026-06-10,2026-07-06,1,False,1.0
5966,2026-08-16,App,False,,2026-09-10,0,True,
5967,2026-07-23,App,True,2026-07-24,2026-07-24,0,False,
5968,2026-07-17,App,True,2026-07-18,2026-08-16,2,True,4.0
5969,2026-03-01,Web,False,,2026-04-29,0,True,
5970,2026-07-24,Web,False,,2026-08-23,0,True,
5971,2026-07-09,App,False,,2026-08-12,0,True,
5972,2026-05-30,App,False,,2026-07-16,0,True,
5973,2026-05-25,Web,False,,2026-07-16,0,True,
5974,2026-08-03,App,True,2026-08-05,2026-09-23,3,True,3.0
5975,2026-07-05,App,False,,2026-08-22,0,True,
5976,2026-06-05,App,True,2026-06-07,2026-07-07,5,True,5.0
5977,2026-04-10,App,False,,2026-05-28,0,True,
5978,2026-07-14,Web,False,,2026-08-06,0,True,
5979,2026-07-06,Web,True,2026-07-06,2026-07-27,4,False,4.0
5980,2026-08-06,Web,True,2026-08-09,2026-08-14,4,False,2.0
5981,2026-02-26,Web,True,2026-03-01,2026-03-24,4,False,2.0
5982,2026-03-09,Referral,False,,2026-04-04,0,True,
5983,2026-03-25,Referral,True,2026-03-25,2026-04-27,5,False,4.0
5984,2026-04-12,App,False,,2026-04-17,0,True,
5985,2026-07-11,App,False,,2026-08-08,0,True,
5986,2026-03-05,App,True,2026-03-07,2026-03-28,5,False,5.0
5987,2026-03-30,Web,False,,2026-05-11,0,True,
5988,2026-05-20,App,False,,2026-06-15,0,True,
5989,2026-03-30,Web,False,,2026-05-19,0,True,
5990,2026-07-15,Web,False,,2026-07-29,0,True,
5991,2026-06-17,App,False,,2026-08-01,0,False,
5992,2026-05-10,Web,True,2026-05-10,2026-05-30,3,True,4.0
5993,2026-06-21,Web,True,2026-06-22,2026-07-21,2,False,4.0
5994,2026-03-05,Web,False,,2026-03-14,0,False,
5995,2026-03-16,App,True,2026-03-19,2026-04-29,4,False,1.0
5996,2026-06-03,Web,False,,2026-07-30,0,True,
5997,2026-03-19,App,True,2026-03-21,2026-05-17,7,True,1.0
5998,2026-04-23,Web,False,,2026-06-21,0,False,
5999,2026-06-18,Web,False,,2026-07-15,0,True,
6000,2026-06-30,Web,False,,2026-08-06,0,True,
6001,2026-06-16,App,False,,2026-06-19,0,True,
6002,2026-03-09,Web,True,2026-03-10,2026-05-02,5,True,1.0
6003,2026-08-13,Web,True,2026-08-16,2026-10-06,3,True,3.0
6004,2026-03-17,App,True,2026-03-17,2026-05-01,4,False,5.0
6005,2026-05-08,Web,False,,2026-05-09,0,True,
6006,2026-05-07,App,True,2026-05-07,2026-06-01,4,False,5.0
6007,2026-04-17,Referral,False,,2026-06-11,0,True,
6008,2026-07-18,App,True,2026-07-20,2026-08-26,1,False,2.0
6009,2026-03-07,Referral,True,2026-03-07,2026-03-27,7,False,1.0
6010,2026-07-24,App,False,,2026-09-05,0,True,
6011,2026-05-11,App,True,2026-05-11,2026-06-13,1,False,3.0
6012,2026-07-01,App,True,2026-07-04,2026-08-21,0,True,
6013,2026-06-29,Web,True,2026-06-29,2026-07-03,0,False,
6014,2026-08-19,Web,False,,2026-09-08,0,False,
6015,2026-06-13,Web,False,,2026-07-08,0,False,
6016,2026-06-25,Web,False,,2026-08-06,0,False,
6017,2026-04-01,App,False,,2026-05-17,0,True,
6018,2026-07-11,App,False,,2026-09-06,0,True,
6019,2026-06-11,Web,True,2026-06-14,2026-06-21,1,True,2.0
6020,2026-03-04,Referral,True,2026-03-07,2026-04-04,3,True,1.0
6021,2026-08-17,Web,True,2026-08-20,2026-08-22,4,False,3.0
6022,2026-03-06,Web,False,,2026-03-31,0,True,
6023,2026-03-06,App,True,2026-03-06,2026-04-13,1,False,1.0
6024,2026-03-28,App,True,2026-03-29,2026-04-22,3,True,1.0
6025,2026-02-22,Referral,False,,2026-03-16,0,True,
6026,2026-06-20,Web,True,2026-06-23,2026-07-24,3,False,1.0
6027,2026-07-12,Web,True,2026-07-15,2026-08-08,4,True,5.0
6028,2026-02-24,Referral,True,2026-02-26,2026-03-09,2,False,4.0
6029,2026-05-06,Web,True,2026-05-07,2026-05-22,1,True,4.0
6030,2026-03-20,Referral,True,2026-03-22,2026-04-06,4,False,5.0
6031,2026-04-17,App,True,2026-04-20,2026-06-05,5,True,4.0
6032,2026-07-18,App,False,,2026-08-14,0,True,
6033,2026-06-06,Web,True,2026-06-07,2026-06-15,0,False,
6034,2026-04-21,App,True,2026-04-24,2026-06-16,3,False,4.0
6035,2026-06-09,App,False,,2026-07-09,0,True,
6036,2026-05-18,App,True,2026-05-18,2026-05-24,4,False,1.0
6037,2026-02-23,App,True,2026-02-23,2026-03-15,3,False,5.0
6038,2026-06-07,App,True,2026-06-07,2026-07-06,2,True,5.0
6039,2026-06-09,Referral,True,2026-06-09,2026-06-19,2,False,2.0
6040,2026-03-20,App,True,2026-03-23,2026-04-18,2,False,2.0
6041,2026-07-06,App,False,,2026-07-14,0,True,
6042,2026-06-17,App,True,2026-06-20,2026-07-01,3,False,5.0
6043,2026-07-05,Web,True,2026-07-08,2026-07-12,3,False,4.0
6044,2026-07-03,Web,True,2026-07-03,2026-07-07,3,False,2.0
6045,2026-04-03,App,False,,2026-04-23,0,True,
6046,2026-08-14,App,False,,2026-10-09,0,True,
6047,2026-08-03,Referral,False,,2026-10-02,0,True,
6048,2026-03-04,App,True,2026-03-06,2026-04-18,2,True,4.0
6049,2026-08-06,Referral,True,2026-08-06,2026-10-01,1,False,1.0
6050,2026-06-28,Referral,False,,2026-08-20,0,True,
6051,2026-08-08,App,True,2026-08-10,2026-08-21,3,False,2.0
6052,2026-04-27,App,False,,2026-05-24,0,False,
6053,2026-05-19,App,True,2026-05-19,2026-06-30,3,False,5.0
6054,2026-08-11,App,True,2026-08-14,2026-09-26,3,True,1.0
6055,2026-08-10,App,False,,2026-08-31,0,False,
6056,2026-04-13,App,True,2026-04-16,2026-04-20,6,False,2.0
6057,2026-08-10,App,True,2026-08-10,2026-09-18,4,False,3.0
6058,2026-05-07,App,True,2026-05-08,2026-06-22,3,False,5.0
6059,2026-06-26,App,True,2026-06-28,2026-08-25,3,False,1.0
6060,2026-08-02,App,False,,2026-09-26,0,True,
6061,2026-03-30,App,True,2026-04-02,2026-04-16,2,False,5.0
6062,2026-04-08,App,True,2026-04-11,2026-05-06,2,True,1.0
6063,2026-03-12,Web,True,2026-03-12,2026-04-08,5,False,3.0
6064,2026-03-02,App,True,2026-03-02,2026-03-04,1,True,5.0
6065,2026-03-15,Web,True,2026-03-16,2026-05-04,4,True,5.0
6066,2026-07-28,Referral,True,2026-07-29,2026-08-17,2,True,4.0
6067,2026-03-19,Web,True,2026-03-20,2026-03-30,5,True,4.0
6068,2026-05-18,Web,True,2026-05-20,2026-07-01,2,False,3.0
6069,2026-08-17,Web,False,,2026-08-28,0,True,
6070,2026-03-19,App,True,2026-03-19,2026-03-23,5,False,1.0
6071,2026-04-03,Web,True,2026-04-06,2026-05-11,1,True,4.0
6072,2026-08-03,App,True,2026-08-03,2026-08-16,3,False,1.0
6073,2026-02-27,Web,True,2026-02-28,2026-03-14,3,False,3.0
6074,2026-05-24,Web,False,,2026-06-30,0,False,
6075,2026-04-09,App,False,,2026-05-07,0,True,
6076,2026-04-15,App,True,2026-04-16,2026-05-03,2,False,4.0
6077,2026-07-30,App,False,,2026-08-28,0,True,
6078,2026-06-26,App,True,2026-06-27,2026-08-08,6,True,2.0
6079,2026-06-08,App,True,2026-06-10,2026-06-10,2,False,4.0
6080,2026-07-05,Web,True,2026-07-06,2026-07-25,4,False,5.0
6081,2026-05-16,App,True,2026-05-16,2026-05-17,2,False,1.0
6082,2026-07-08,App,False,,2026-09-03,0,True,
6083,2026-06-14,Web,True,2026-06-14,2026-08-10,2,True,3.0
6084,2026-03-15,App,False,,2026-04-25,0,True,
6085,2026-08-11,Web,True,2026-08-14,2026-09-11,5,False,3.0
6086,2026-07-14,App,True,2026-07-15,2026-09-02,3,False,1.0
6087,2026-08-18,App,False,,2026-10-09,0,True,
6088,2026-03-09,App,True,2026-03-09,2026-03-17,3,False,5.0
6089,2026-06-12,App,False,,2026-07-02,0,True,
6090,2026-05-17,Referral,False,,2026-06-27,0,True,
6091,2026-07-04,App,True,2026-07-07,2026-07-11,2,False,3.0
6092,2026-05-09,Web,False,,2026-07-08,0,True,
6093,2026-08-18,App,False,,2026-09-29,0,True,
6094,2026-04-06,Referral,False,,2026-05-31,0,True,
6095,2026-03-29,App,False,,2026-04-28,0,True,
6096,2026-07-05,Web,True,2026-07-06,2026-07-06,3,False,4.0
6097,2026-06-17,Referral,False,,2026-06-21,0,True,
6098,2026-03-31,Web,True,2026-03-31,2026-05-15,3,False,5.0
6099,2026-03-05,App,True,2026-03-05,2026-03-29,2,True,1.0
6100,2026-04-23,Referral,True,2026-04-25,2026-06-21,0,True,
6101,2026-06-17,Web,False,,2026-08-13,0,True,
6102,2026-03-18,Web,False,,2026-04-10,0,True,
6103,2026-05-31,Referral,True,2026-06-02,2026-06-24,2,True,1.0
6104,2026-06-22,App,True,2026-06-25,2026-07-23,2,False,2.0
6105,2026-07-19,App,True,2026-07-19,2026-08-20,2,True,4.0
6106,2026-08-03,Web,True,2026-08-05,2026-08-29,2,False,4.0
6107,2026-04-02,Referral,True,2026-04-03,2026-04-27,3,True,3.0
6108,2026-04-18,Referral,True,2026-04-20,2026-05-07,1,False,2.0
6109,2026-06-26,App,True,2026-06-29,2026-07-18,2,False,4.0
6110,2026-03-07,App,False,,2026-04-20,0,True,
6111,2026-07-03,App,True,2026-07-04,2026-08-16,8,False,5.0
6112,2026-04-04,Web,False,,2026-04-10,0,True,
6113,2026-07-22,App,True,2026-07-23,2026-08-17,2,False,2.0
6114,2026-07-14,Web,True,2026-07-17,2026-09-08,4,True,4.0
6115,2026-06-18,App,True,2026-06-20,2026-08-09,2,False,4.0
6116,2026-04-30,App,True,2026-05-02,2026-06-29,4,False,3.0
6117,2026-03-19,App,True,2026-03-20,2026-05-10,4,True,5.0
6118,2026-08-20,Web,False,,2026-08-28,0,True,
6119,2026-04-02,Web,True,2026-04-03,2026-04-17,2,False,1.0
6120,2026-08-10,Web,True,2026-08-13,2026-10-08,1,False,5.0
6121,2026-03-23,App,False,,2026-04-29,0,True,
6122,2026-03-15,App,True,2026-03-16,2026-04-14,5,False,5.0
6123,2026-03-10,App,False,,2026-04-05,0,False,
6124,2026-02-26,Referral,True,2026-02-28,2026-04-02,2,True,3.0
6125,2026-07-16,App,True,2026-07-19,2026-08-26,2,False,4.0
6126,2026-07-02,App,True,2026-07-03,2026-08-29,1,False,3.0
6127,2026-05-27,App,True,2026-05-28,2026-06-14,6,True,2.0
6128,2026-07-02,Web,True,2026-07-05,2026-08-30,2,False,4.0
6129,2026-04-07,App,True,2026-04-08,2026-05-18,6,True,4.0
6130,2026-06-02,Web,True,2026-06-03,2026-06-11,7,False,4.0
6131,2026-05-01,Web,False,,2026-05-17,0,False,
6132,2026-04-29,App,False,,2026-05-10,0,False,
6133,2026-04-09,App,False,,2026-05-16,0,True,
6134,2026-03-20,App,True,2026-03-23,2026-05-13,3,True,1.0
6135,2026-08-15,Web,True,2026-08-16,2026-08-28,3,False,3.0
6136,2026-04-29,App,True,2026-04-30,2026-05-22,1,True,4.0
6137,2026-06-30,App,False,,2026-07-14,0,True,
6138,2026-04-03,App,True,2026-04-06,2026-05-09,3,False,3.0
6139,2026-05-05,Referral,False,,2026-06-10,0,False,
6140,2026-04-22,Web,True,2026-04-25,2026-05-20,1,True,5.0
6141,2026-08-09,Web,True,2026-08-11,2026-09-22,3,False,3.0
6142,2026-08-07,App,True,2026-08-10,2026-09-21,4,False,1.0
6143,2026-07-25,Web,True,2026-07-26,2026-09-23,5,False,4.0
6144,2026-07-05,App,False,,2026-07-13,0,False,
6145,2026-02-22,Web,False,,2026-03-17,0,True,
6146,2026-05-01,Web,True,2026-05-03,2026-06-26,3,True,5.0
6147,2026-08-12,Web,True,2026-08-12,2026-08-20,4,True,1.0
6148,2026-05-27,App,True,2026-05-29,2026-06-15,4,False,4.0
6149,2026-06-24,Web,True,2026-06-25,2026-08-09,5,False,4.0
6150,2026-04-09,App,True,2026-04-09,2026-05-03,2,True,1.0
6151,2026-08-16,App,True,2026-08-16,2026-09-30,3,True,4.0
6152,2026-05-18,Web,True,2026-05-19,2026-06-18,4,False,5.0
6153,2026-04-20,Web,True,2026-04-20,2026-05-16,3,False,2.0
6154,2026-07-23,Web,True,2026-07-24,2026-08-17,3,False,3.0
6155,2026-02-23,App,True,2026-02-24,2026-03-27,0,False,
6156,2026-05-27,Web,False,,2026-07-11,0,True,
6157,2026-08-11,App,True,2026-08-14,2026-09-09,2,True,3.0
6158,2026-08-11,App,True,2026-08-13,2026-09-11,3,False,5.0
6159,2026-08-13,App,True,2026-08-15,2026-08-16,3,True,2.0
6160,2026-03-01,App,False,,2026-04-18,0,False,
6161,2026-06-03,Web,False,,2026-06-25,0,True,
6162,2026-06-16,App,False,,2026-07-21,0,False,
6163,2026-04-28,App,True,2026-04-30,2026-06-07,4,False,1.0
6164,2026-08-13,Web,False,,2026-10-09,0,True,
6165,2026-07-24,App,False,,2026-08-23,0,True,
6166,2026-06-25,Web,True,2026-06-26,2026-06-27,3,True,5.0
6167,2026-08-16,App,True,2026-08-18,2026-08-18,2,False,5.0
6168,2026-05-16,App,True,2026-05-17,2026-05-30,3,False,3.0
6169,2026-08-04,App,True,2026-08-04,2026-09-04,5,False,4.0
6170,2026-05-19,App,True,2026-05-19,2026-07-12,2,False,3.0
6171,2026-05-01,Web,True,2026-05-02,2026-05-09,6,False,2.0
6172,2026-08-04,App,False,,2026-09-19,0,True,
6173,2026-08-11,App,True,2026-08-14,2026-09-30,1,False,4.0
6174,2026-03-24,App,True,2026-03-24,2026-04-16,2,False,1.0
6175,2026-08-02,Web,True,2026-08-05,2026-08-13,2,False,5.0
6176,2026-06-28,Referral,False,,2026-08-15,0,False,
6177,2026-06-08,Referral,True,2026-06-11,2026-07-26,2,True,5.0
6178,2026-07-29,App,False,,2026-08-22,0,True,
6179,2026-07-05,App,True,2026-07-05,2026-09-02,3,False,1.0
6180,2026-05-07,Referral,True,2026-05-07,2026-05-25,5,False,5.0
6181,2026-03-04,Web,True,2026-03-07,2026-05-03,4,True,1.0
6182,2026-04-21,Web,False,,2026-04-30,0,True,
6183,2026-08-03,Web,True,2026-08-04,2026-08-09,5,False,5.0
6184,2026-04-23,App,False,,2026-06-01,0,False,
6185,2026-05-08,Web,False,,2026-05-14,0,True,
6186,2026-03-31,Web,False,,2026-04-28,0,True,
6187,2026-03-22,App,False,,2026-04-24,0,True,
6188,2026-04-19,App,True,2026-04-19,2026-06-07,6,False,3.0
6189,2026-08-20,Web,True,2026-08-22,2026-10-11,5,False,4.0
6190,2026-02-25,Web,True,2026-02-28,2026-03-22,1,False,2.0
6191,2026-04-15,App,True,2026-04-16,2026-05-25,2,False,4.0
6192,2026-04-24,App,False,,2026-06-03,0,False,
6193,2026-06-25,Referral,True,2026-06-28,2026-07-24,4,False,3.0
6194,2026-04-07,App,True,2026-04-10,2026-04-09,5,False,2.0
6195,2026-07-11,App,False,,2026-07-23,0,True,
6196,2026-06-07,App,True,2026-06-08,2026-07-14,5,False,2.0
6197,2026-04-05,Web,False,,2026-04-29,0,False,
6198,2026-07-06,App,False,,2026-08-18,0,False,
6199,2026-03-24,App,True,2026-03-26,2026-05-08,3,True,1.0
6200,2026-03-20,App,False,,2026-05-11,0,True,
6201,2026-07-19,Web,True,2026-07-21,2026-08-29,2,False,4.0
6202,2026-05-29,App,True,2026-05-31,2026-07-08,3,True,4.0
6203,2026-07-01,Web,True,2026-07-02,2026-07-02,3,True,2.0
6204,2026-08-02,App,False,,2026-09-07,0,False,
6205,2026-07-22,Referral,False,,2026-08-22,0,True,
6206,2026-03-30,App,False,,2026-04-03,0,True,
6207,2026-07-27,App,False,,2026-08-28,0,True,
6208,2026-08-06,Web,True,2026-08-07,2026-09-25,2,False,4.0
6209,2026-03-15,App,True,2026-03-18,2026-05-06,2,False,5.0
6210,2026-05-18,Web,True,2026-05-18,2026-07-14,4,False,1.0
6211,2026-06-11,App,True,2026-06-13,2026-07-03,1,False,5.0
6212,2026-04-16,Web,True,2026-04-16,2026-04-21,3,False,1.0
6213,2026-03-14,App,True,2026-03-16,2026-05-08,2,False,1.0
6214,2026-04-16,App,True,2026-04-18,2026-05-30,2,False,3.0
6215,2026-03-17,App,True,2026-03-20,2026-05-08,6,False,2.0
6216,2026-03-08,Referral,False,,2026-04-16,0,True,
6217,2026-05-17,Referral,False,,2026-06-04,0,True,
6218,2026-06-12,App,True,2026-06-12,2026-08-03,3,False,3.0
6219,2026-08-04,Referral,False,,2026-09-26,0,False,
6220,2026-06-14,Web,True,2026-06-14,2026-07-16,2,False,5.0
6221,2026-05-14,Web,True,2026-05-14,2026-06-18,3,False,5.0
6222,2026-08-06,Referral,False,,2026-10-01,0,False,
6223,2026-05-15,App,True,2026-05-17,2026-06-17,2,False,1.0
6224,2026-07-06,App,False,,2026-08-12,0,True,
6225,2026-05-01,App,True,2026-05-04,2026-06-28,1,True,1.0
6226,2026-04-12,Web,True,2026-04-15,2026-05-03,1,False,4.0
6227,2026-04-22,App,True,2026-04-23,2026-06-12,4,True,3.0
6228,2026-05-04,Referral,False,,2026-06-04,0,True,
6229,2026-05-31,App,True,2026-06-02,2026-06-21,4,True,2.0
6230,2026-05-04,Web,True,2026-05-04,2026-06-04,1,False,4.0
6231,2026-04-18,App,True,2026-04-19,2026-04-27,2,True,4.0
6232,2026-06-12,App,False,,2026-06-15,0,False,
6233,2026-03-22,Web,True,2026-03-22,2026-05-05,3,False,1.0
6234,2026-04-26,Web,False,,2026-06-08,0,False,
6235,2026-03-11,Referral,False,,2026-05-09,0,True,
6236,2026-05-30,Web,True,2026-06-02,2026-06-27,6,True,5.0
6237,2026-02-26,Web,False,,2026-04-26,0,True,
6238,2026-03-09,App,False,,2026-04-15,0,True,
6239,2026-04-14,Web,True,2026-04-14,2026-05-24,3,False,5.0
6240,2026-05-08,App,True,2026-05-10,2026-05-10,4,True,4.0
6241,2026-07-23,App,True,2026-07-25,2026-08-05,4,False,5.0
6242,2026-08-17,App,True,2026-08-20,2026-10-14,2,False,1.0
6243,2026-05-11,Web,False,,2026-05-28,0,True,
6244,2026-04-11,Web,False,,2026-05-25,0,True,
6245,2026-05-31,Web,True,2026-06-03,2026-06-06,3,False,3.0
6246,2026-06-08,App,False,,2026-06-16,0,True,
6247,2026-07-13,App,True,2026-07-15,2026-08-27,3,False,3.0
6248,2026-07-29,Web,False,,2026-08-21,0,True,
6249,2026-07-01,Web,True,2026-07-03,2026-08-19,1,True,4.0
6250,2026-08-02,Web,False,,2026-08-24,0,True,
6251,2026-06-11,Referral,False,,2026-07-17,0,False,
6252,2026-05-14,Web,True,2026-05-14,2026-06-25,5,False,5.0
6253,2026-05-16,App,True,2026-05-17,2026-07-04,1,True,4.0
6254,2026-07-19,App,True,2026-07-19,2026-09-17,6,False,4.0
6255,2026-06-06,App,False,,2026-06-11,0,True,
6256,2026-04-26,App,True,2026-04-26,2026-04-28,5,False,3.0
6257,2026-04-07,Web,True,2026-04-08,2026-04-17,4,False,1.0
6258,2026-08-16,App,True,2026-08-18,2026-10-14,3,False,4.0
6259,2026-08-19,App,False,,2026-09-27,0,True,
6260,2026-07-17,App,True,2026-07-19,2026-09-02,0,True,
6261,2026-07-17,App,False,,2026-09-11,0,True,
6262,2026-03-16,Web,True,2026-03-19,2026-04-23,0,True,
6263,2026-07-29,App,True,2026-08-01,2026-08-07,3,False,1.0
6264,2026-04-17,App,True,2026-04-20,2026-05-14,5,True,5.0
6265,2026-05-04,App,False,,2026-05-11,0,True,
6266,2026-08-11,App,True,2026-08-14,2026-09-03,2,True,2.0
6267,2026-07-03,App,True,2026-07-03,2026-07-26,2,True,4.0
6268,2026-04-25,App,True,2026-04-27,2026-05-17,6,False,3.0
6269,2026-03-15,App,False,,2026-04-07,0,True,
6270,2026-07-29,App,False,,2026-09-25,0,True,
6271,2026-07-03,App,True,2026-07-05,2026-08-08,3,False,4.0
6272,2026-06-15,Referral,True,2026-06-15,2026-07-28,4,False,5.0
6273,2026-06-22,App,False,,2026-07-06,0,True,
6274,2026-03-07,App,True,2026-03-07,2026-05-05,2,False,3.0
6275,2026-04-15,Web,True,2026-04-15,2026-05-07,0,True,
6276,2026-04-08,Referral,True,2026-04-08,2026-04-09,2,False,1.0
6277,2026-08-12,App,False,,2026-08-17,0,False,
6278,2026-06-11,Referral,False,,2026-06-19,0,False,
6279,2026-04-15,Web,True,2026-04-15,2026-05-31,3,True,4.0
6280,2026-05-29,Web,False,,2026-06-08,0,True,
6281,2026-07-22,App,True,2026-07-23,2026-08-15,3,False,3.0
6282,2026-07-25,App,False,,2026-09-12,0,True,
6283,2026-06-01,App,False,,2026-07-02,0,True,
6284,2026-07-18,App,False,,2026-08-07,0,True,
6285,2026-06-23,App,False,,2026-06-26,0,False,
6286,2026-06-15,Referral,True,2026-06-17,2026-07-07,4,False,2.0
6287,2026-08-19,App,True,2026-08-21,2026-09-18,4,False,5.0
6288,2026-05-14,Web,True,2026-05-15,2026-07-09,1,False,4.0
6289,2026-06-09,Referral,True,2026-06-12,2026-06-23,1,True,5.0
6290,2026-03-04,App,True,2026-03-07,2026-04-27,1,False,3.0
6291,2026-07-06,Web,True,2026-07-07,2026-08-18,2,True,4.0
6292,2026-03-03,App,False,,2026-04-13,0,True,
6293,2026-07-30,App,True,2026-07-31,2026-08-09,0,True,
6294,2026-03-16,Web,False,,2026-05-07,0,True,
6295,2026-08-01,App,True,2026-08-02,2026-09-17,4,False,3.0
6296,2026-04-05,Referral,True,2026-04-08,2026-05-28,4,False,3.0
6297,2026-08-10,Web,True,2026-08-10,2026-10-05,3,False,3.0
6298,2026-07-22,App,True,2026-07-25,2026-08-20,3,False,4.0
6299,2026-05-31,App,True,2026-06-01,2026-07-30,4,False,3.0
6300,2026-04-27,App,False,,2026-04-28,0,True,
6301,2026-07-23,App,False,,2026-09-20,0,False,
6302,2026-05-07,App,False,,2026-06-14,0,True,
6303,2026-05-24,Web,False,,2026-07-23,0,True,
6304,2026-06-07,Web,True,2026-06-10,2026-06-20,3,True,5.0
6305,2026-04-03,Web,True,2026-04-03,2026-05-05,1,True,2.0
6306,2026-03-06,Web,True,2026-03-07,2026-04-19,2,True,3.0
6307,2026-02-23,Web,True,2026-02-23,2026-04-22,3,False,5.0
6308,2026-04-06,Web,False,,2026-05-27,0,True,
6309,2026-04-22,Web,True,2026-04-23,2026-05-21,2,True,2.0
6310,2026-08-18,Web,True,2026-08-19,2026-08-19,6,False,1.0
6311,2026-06-06,Web,True,2026-06-06,2026-07-19,3,False,2.0
6312,2026-06-08,App,True,2026-06-09,2026-06-17,3,False,4.0
6313,2026-05-14,App,False,,2026-06-25,0,True,
6314,2026-03-02,App,True,2026-03-05,2026-04-13,0,False,
6315,2026-04-08,Referral,True,2026-04-09,2026-05-03,5,False,2.0
6316,2026-05-30,App,False,,2026-07-11,0,True,
6317,2026-03-14,App,True,2026-03-16,2026-03-18,2,False,5.0
6318,2026-07-11,App,False,,2026-07-21,0,False,
6319,2026-07-19,App,True,2026-07-21,2026-08-25,3,True,3.0
6320,2026-07-16,Web,False,,2026-09-09,0,True,
6321,2026-06-16,App,True,2026-06-19,2026-07-22,1,False,4.0
6322,2026-06-13,Web,False,,2026-06-27,0,True,
6323,2026-02-28,App,True,2026-02-28,2026-04-24,0,False,
6324,2026-03-16,App,True,2026-03-18,2026-05-04,7,False,1.0
6325,2026-03-05,App,True,2026-03-05,2026-04-11,1,False,3.0
6326,2026-07-15,App,True,2026-07-18,2026-08-17,5,False,4.0
6327,2026-03-24,App,True,2026-03-26,2026-04-11,3,False,1.0
6328,2026-05-07,App,True,2026-05-10,2026-05-12,3,False,5.0
6329,2026-05-11,Web,True,2026-05-12,2026-07-03,4,False,2.0
6330,2026-06-16,Web,True,2026-06-18,2026-08-06,0,False,
6331,2026-04-29,Referral,True,2026-05-01,2026-05-06,3,False,4.0
6332,2026-03-30,Web,False,,2026-04-02,0,False,
6333,2026-04-24,Referral,True,2026-04-26,2026-05-04,5,False,5.0
6334,2026-07-31,App,True,2026-08-02,2026-09-15,0,False,
6335,2026-07-15,Web,True,2026-07-17,2026-08-31,3,False,4.0
6336,2026-06-15,Referral,True,2026-06-16,2026-07-30,3,True,2.0
6337,2026-05-01,Referral,False,,2026-05-18,0,False,
6338,2026-03-14,App,True,2026-03-14,2026-03-29,5,True,1.0
6339,2026-05-07,App,True,2026-05-07,2026-06-04,0,False,
6340,2026-04-04,Web,True,2026-04-05,2026-04-16,2,False,5.0
6341,2026-06-27,Web,False,,2026-08-25,0,True,
6342,2026-05-12,App,True,2026-05-15,2026-06-20,3,False,3.0
6343,2026-05-17,Web,False,,2026-07-01,0,True,
6344,2026-03-22,Web,False,,2026-05-18,0,True,
6345,2026-04-22,Referral,True,2026-04-22,2026-05-20,9,False,5.0
6346,2026-07-19,Web,True,2026-07-20,2026-08-18,5,False,3.0
6347,2026-03-20,App,True,2026-03-21,2026-04-10,1,False,3.0
6348,2026-06-11,App,True,2026-06-14,2026-07-02,1,False,4.0
6349,2026-04-18,Web,True,2026-04-19,2026-05-17,2,True,1.0
6350,2026-03-05,Web,True,2026-03-05,2026-03-30,5,False,4.0
6351,2026-07-20,App,True,2026-07-20,2026-08-07,3,False,1.0
6352,2026-03-13,Referral,True,2026-03-13,2026-04-24,3,False,3.0
6353,2026-04-14,Referral,True,2026-04-16,2026-04-17,6,True,2.0
6354,2026-05-24,App,True,2026-05-27,2026-05-29,3,True,3.0
6355,2026-08-17,Web,True,2026-08-17,2026-10-16,1,False,5.0
6356,2026-07-19,App,True,2026-07-22,2026-08-10,5,True,3.0
6357,2026-05-23,Web,True,2026-05-23,2026-06-03,2,False,3.0
6358,2026-07-12,Web,False,,2026-08-10,0,True,
6359,2026-06-15,App,True,2026-06-18,2026-08-08,4,False,5.0
6360,2026-05-25,Web,False,,2026-05-27,0,True,
6361,2026-05-03,Web,True,2026-05-06,2026-06-05,3,False,4.0
6362,2026-05-19,App,False,,2026-07-08,0,True,
6363,2026-05-21,Web,True,2026-05-22,2026-06-02,1,False,2.0
6364,2026-04-09,Referral,True,2026-04-12,2026-05-19,1,False,3.0
6365,2026-03-14,App,True,2026-03-15,2026-03-25,5,False,5.0
6366,2026-06-11,Web,True,2026-06-13,2026-07-12,4,False,2.0
6367,2026-04-27,App,False,,2026-06-07,0,True,
6368,2026-02-27,App,False,,2026-04-15,0,True,
6369,2026-03-21,Referral,False,,2026-04-25,0,True,
6370,2026-08-14,App,True,2026-08-16,2026-10-13,1,False,5.0
6371,2026-06-22,Web,True,2026-06-24,2026-06-27,4,False,4.0
6372,2026-08-17,App,True,2026-08-20,2026-08-22,0,False,
6373,2026-04-22,Web,False,,2026-05-03,0,True,
6374,2026-05-15,Web,True,2026-05-16,2026-05-29,2,True,1.0
6375,2026-05-30,App,True,2026-06-01,2026-06-19,2,False,3.0
6376,2026-04-28,App,False,,2026-06-13,0,True,
6377,2026-05-02,App,False,,2026-05-05,0,True,
6378,2026-07-14,Web,True,2026-07-16,2026-08-26,3,False,4.0
6379,2026-07-20,App,True,2026-07-20,2026-08-19,5,False,1.0
6380,2026-03-27,Web,True,2026-03-29,2026-05-18,2,True,5.0
6381,2026-04-22,Web,True,2026-04-24,2026-05-13,6,True,1.0
6382,2026-07-23,Web,True,2026-07-25,2026-08-27,2,False,1.0
6383,2026-07-07,App,True,2026-07-07,2026-08-18,4,False,4.0
6384,2026-03-15,Web,False,,2026-04-09,0,True,
6385,2026-06-22,Web,True,2026-06-24,2026-07-25,2,False,2.0
6386,2026-04-09,Web,True,2026-04-12,2026-05-11,5,False,4.0
6387,2026-08-13,Web,True,2026-08-14,2026-08-25,1,False,4.0
6388,2026-08-18,Web,True,2026-08-19,2026-09-22,2,False,2.0
6389,2026-02-26,Web,True,2026-02-27,2026-03-29,2,True,1.0
6390,2026-02-28,Web,True,2026-02-28,2026-04-07,0,True,
6391,2026-05-02,App,False,,2026-06-25,0,False,
6392,2026-03-08,Web,True,2026-03-11,2026-03-15,3,False,2.0
6393,2026-04-19,Web,False,,2026-06-12,0,True,
6394,2026-06-14,Web,True,2026-06-16,2026-07-01,2,False,3.0
6395,2026-03-09,Web,True,2026-03-11,2026-04-07,2,True,1.0
6396,2026-03-07,Web,True,2026-03-10,2026-04-24,2,False,3.0
6397,2026-05-25,App,True,2026-05-27,2026-07-19,4,False,3.0
6398,2026-06-06,App,False,,2026-06-17,0,True,
6399,2026-02-24,App,False,,2026-03-05,0,True,
6400,2026-06-30,Web,True,2026-06-30,2026-08-13,3,True,3.0
6401,2026-05-10,Referral,True,2026-05-12,2026-05-24,4,True,4.0
6402,2026-08-02,Web,True,2026-08-02,2026-08-30,4,True,4.0
6403,2026-08-05,Web,True,2026-08-07,2026-10-02,3,False,4.0
6404,2026-02-22,Web,False,,2026-04-03,0,False,
6405,2026-03-03,Web,True,2026-03-06,2026-03-18,4,False,1.0
6406,2026-02-27,App,True,2026-03-02,2026-03-14,1,False,2.0
6407,2026-03-19,Referral,True,2026-03-19,2026-04-15,1,True,4.0
6408,2026-07-29,Web,True,2026-07-30,2026-08-08,5,False,4.0
6409,2026-05-14,Web,False,,2026-06-20,0,True,
6410,2026-03-06,Web,False,,2026-03-31,0,False,
6411,2026-04-11,App,True,2026-04-13,2026-05-02,3,False,4.0
6412,2026-07-12,App,True,2026-07-13,2026-09-10,3,False,5.0
6413,2026-03-29,App,True,2026-03-29,2026-05-20,4,False,4.0
6414,2026-04-08,Web,True,2026-04-11,2026-05-06,2,False,1.0
6415,2026-06-28,App,True,2026-06-29,2026-07-21,4,False,5.0
6416,2026-07-18,Referral,True,2026-07-21,2026-08-13,1,True,3.0
6417,2026-07-28,App,True,2026-07-29,2026-09-15,0,True,
6418,2026-04-19,Web,True,2026-04-20,2026-06-11,4,False,5.0
6419,2026-04-05,App,True,2026-04-06,2026-04-10,2,True,2.0
6420,2026-05-11,Web,True,2026-05-12,2026-07-09,1,False,1.0
6421,2026-04-15,App,True,2026-04-17,2026-06-11,6,False,2.0
6422,2026-06-28,App,True,2026-07-01,2026-07-31,1,False,5.0
6423,2026-07-22,Referral,True,2026-07-23,2026-08-13,6,True,1.0
6424,2026-06-20,Referral,False,,2026-07-05,0,True,
6425,2026-07-15,App,True,2026-07-17,2026-08-16,6,False,4.0
6426,2026-06-03,Web,False,,2026-07-09,0,True,
6427,2026-03-24,App,False,,2026-05-06,0,True,
6428,2026-07-05,Web,False,,2026-08-15,0,False,
6429,2026-03-11,Referral,True,2026-03-12,2026-05-03,1,True,5.0
6430,2026-07-22,Referral,True,2026-07-25,2026-07-29,2,False,4.0
6431,2026-02-24,App,True,2026-02-25,2026-04-09,4,False,2.0
6432,2026-07-03,App,True,2026-07-04,2026-08-15,0,False,
6433,2026-03-31,App,True,2026-04-01,2026-04-17,2,False,1.0
6434,2026-06-21,App,False,,2026-07-09,0,False,
6435,2026-07-18,App,False,,2026-08-24,0,True,
6436,2026-03-01,App,True,2026-03-04,2026-03-21,3,False,2.0
6437,2026-05-01,Web,True,2026-05-04,2026-05-07,4,True,3.0
6438,2026-04-06,App,True,2026-04-07,2026-04-29,6,False,5.0
6439,2026-08-18,Web,True,2026-08-20,2026-08-30,2,False,3.0
6440,2026-04-19,App,False,,2026-04-20,0,False,
6441,2026-07-11,App,False,,2026-08-08,0,True,
6442,2026-05-08,Web,False,,2026-05-13,0,True,
6443,2026-07-09,App,True,2026-07-10,2026-08-26,3,False,3.0
6444,2026-02-28,App,True,2026-03-01,2026-03-29,1,False,5.0
6445,2026-05-09,Referral,True,2026-05-12,2026-07-05,3,False,2.0
6446,2026-04-11,Referral,True,2026-04-12,2026-04-20,5,True,3.0
6447,2026-07-06,App,False,,2026-08-22,0,True,
6448,2026-05-20,App,True,2026-05-23,2026-06-08,4,True,4.0
6449,2026-03-03,Web,False,,2026-03-14,0,True,
6450,2026-08-05,App,True,2026-08-07,2026-08-07,4,False,1.0
6451,2026-05-15,Web,True,2026-05-17,2026-07-07,2,True,3.0
6452,2026-06-09,App,False,,2026-07-06,0,False,
6453,2026-05-27,App,True,2026-05-28,2026-06-08,4,False,3.0
6454,2026-07-05,App,True,2026-07-08,2026-08-22,6,False,2.0
6455,2026-05-10,App,True,2026-05-11,2026-06-04,5,False,3.0
6456,2026-07-25,App,True,2026-07-28,2026-08-25,2,False,3.0
6457,2026-06-11,App,False,,2026-06-30,0,True,
6458,2026-04-10,App,True,2026-04-11,2026-04-29,4,False,5.0
6459,2026-02-26,Web,True,2026-02-28,2026-04-23,3,True,3.0
6460,2026-06-17,Referral,True,2026-06-20,2026-06-23,6,True,1.0
6461,2026-05-03,App,True,2026-05-05,2026-06-26,2,True,2.0
6462,2026-04-04,App,True,2026-04-07,2026-04-07,1,False,5.0
6463,2026-07-20,Web,True,2026-07-23,2026-08-29,1,False,1.0
6464,2026-03-27,App,False,,2026-05-07,0,True,
6465,2026-07-08,Web,True,2026-07-09,2026-08-10,3,False,4.0
6466,2026-05-21,Web,False,,2026-07-20,0,True,
6467,2026-05-07,App,True,2026-05-10,2026-06-05,1,False,1.0
6468,2026-04-18,App,True,2026-04-19,2026-05-24,1,True,1.0
6469,2026-06-23,App,True,2026-06-24,2026-07-18,1,True,5.0
6470,2026-06-17,Web,True,2026-06-17,2026-07-16,5,False,3.0
6471,2026-03-11,App,True,2026-03-13,2026-04-30,2,False,3.0
6472,2026-04-05,Referral,True,2026-04-08,2026-04-12,4,False,2.0
6473,2026-03-16,Referral,True,2026-03-17,2026-05-09,2,False,3.0
6474,2026-05-28,App,True,2026-05-29,2026-06-14,4,False,5.0
6475,2026-07-14,Web,False,,2026-08-14,0,True,
6476,2026-03-15,App,False,,2026-03-31,0,False,
6477,2026-04-11,Web,True,2026-04-14,2026-06-02,7,False,1.0
6478,2026-03-12,Web,False,,2026-05-02,0,True,
6479,2026-04-04,Web,False,,2026-06-03,0,True,
6480,2026-05-17,App,False,,2026-05-29,0,True,
6481,2026-05-17,App,True,2026-05-19,2026-06-05,2,False,4.0
6482,2026-03-20,Web,True,2026-03-20,2026-05-12,4,True,3.0
6483,2026-06-07,App,True,2026-06-08,2026-06-16,3,False,1.0
6484,2026-07-13,App,True,2026-07-14,2026-07-18,2,True,2.0
6485,2026-02-26,Referral,False,,2026-03-05,0,True,
6486,2026-06-01,Web,True,2026-06-04,2026-07-07,1,False,1.0
6487,2026-05-21,Referral,False,,2026-07-07,0,False,
6488,2026-06-20,Web,True,2026-06-21,2026-07-28,0,True,
6489,2026-03-09,App,True,2026-03-11,2026-03-16,3,True,2.0
6490,2026-04-06,Web,True,2026-04-06,2026-04-09,3,True,4.0
6491,2026-06-25,App,True,2026-06-25,2026-07-22,1,False,3.0
6492,2026-07-20,Web,True,2026-07-22,2026-08-04,3,False,5.0
6493,2026-06-14,Web,True,2026-06-14,2026-08-09,4,False,4.0
6494,2026-07-02,App,True,2026-07-04,2026-08-27,0,True,
6495,2026-03-01,App,True,2026-03-04,2026-03-04,3,False,3.0
6496,2026-04-17,Referral,False,,2026-05-06,0,False,
6497,2026-06-09,App,False,,2026-06-20,0,True,
6498,2026-05-09,Web,True,2026-05-10,2026-06-05,2,False,3.0
6499,2026-03-30,Referral,True,2026-03-31,2026-04-09,0,False,
6500,2026-06-14,App,True,2026-06-16,2026-07-12,1,True,2.0
6501,2026-05-26,App,True,2026-05-26,2026-07-18,3,True,1.0
6502,2026-07-13,App,True,2026-07-13,2026-08-11,2,True,4.0
6503,2026-04-28,Web,True,2026-04-30,2026-05-16,6,False,4.0
6504,2026-03-14,App,True,2026-03-16,2026-05-05,4,True,1.0
6505,2026-06-14,Referral,True,2026-06-14,2026-08-03,1,False,2.0
6506,2026-03-09,App,True,2026-03-10,2026-03-25,3,True,5.0
6507,2026-06-18,Web,True,2026-06-20,2026-06-30,2,True,3.0
6508,2026-04-21,Referral,False,,2026-05-02,0,True,
6509,2026-07-03,App,True,2026-07-04,2026-08-16,4,False,3.0
6510,2026-06-15,App,True,2026-06-18,2026-06-29,3,False,4.0
6511,2026-04-12,App,True,2026-04-13,2026-04-13,2,False,1.0
6512,2026-06-25,Web,True,2026-06-27,2026-08-24,5,True,4.0
6513,2026-07-31,App,True,2026-08-03,2026-09-08,2,False,2.0
6514,2026-08-17,App,False,,2026-08-20,0,True,
6515,2026-06-22,App,False,,2026-08-19,0,True,
6516,2026-04-18,App,True,2026-04-18,2026-04-24,3,True,3.0
6517,2026-07-15,App,True,2026-07-15,2026-07-27,5,True,4.0
6518,2026-03-21,Web,True,2026-03-24,2026-04-20,2,False,4.0
6519,2026-06-05,App,True,2026-06-05,2026-07-14,4,False,4.0
6520,2026-04-26,Web,False,,2026-06-05,0,True,
6521,2026-03-12,Web,False,,2026-03-16,0,True,
6522,2026-03-21,App,True,2026-03-22,2026-04-22,4,True,4.0
6523,2026-03-14,Web,False,,2026-04-09,0,True,
6524,2026-04-28,Referral,True,2026-04-28,2026-05-23,1,False,5.0
6525,2026-05-22,App,True,2026-05-23,2026-06-07,0,False,
6526,2026-04-22,App,True,2026-04-23,2026-05-29,4,True,5.0
6527,2026-04-26,Referral,True,2026-04-26,2026-06-24,3,True,4.0
6528,2026-07-05,Referral,False,,2026-08-19,0,True,
6529,2026-04-03,Web,True,2026-04-06,2026-05-16,3,False,3.0
6530,2026-07-12,App,True,2026-07-12,2026-08-11,4,False,1.0
6531,2026-08-18,App,True,2026-08-19,2026-08-19,2,False,5.0
6532,2026-08-20,App,True,2026-08-23,2026-09-28,4,False,2.0
6533,2026-07-09,App,True,2026-07-09,2026-08-15,4,False,4.0
6534,2026-05-07,Referral,True,2026-05-08,2026-05-18,5,True,4.0
6535,2026-08-02,App,False,,2026-10-01,0,True,
6536,2026-04-25,Web,False,,2026-05-02,0,False,
6537,2026-06-11,App,True,2026-06-14,2026-07-03,2,False,3.0
6538,2026-03-30,Web,False,,2026-04-03,0,True,
6539,2026-03-23,App,True,2026-03-25,2026-04-01,2,False,3.0
6540,2026-04-09,Web,True,2026-04-12,2026-05-03,4,True,2.0
6541,2026-08-01,Web,False,,2026-08-29,0,True,
6542,2026-08-18,App,False,,2026-09-05,0,True,
6543,2026-03-31,Web,True,2026-04-02,2026-05-05,5,False,1.0
6544,2026-08-15,Web,False,,2026-10-12,0,False,
6545,2026-07-04,App,False,,2026-07-08,0,True,
6546,2026-03-11,App,False,,2026-04-02,0,False,
6547,2026-05-25,Web,False,,2026-07-02,0,True,
6548,2026-05-26,Web,False,,2026-07-21,0,True,
6549,2026-07-19,App,True,2026-07-21,2026-08-23,1,True,4.0
6550,2026-06-29,App,True,2026-07-02,2026-07-27,3,False,3.0
6551,2026-08-09,App,True,2026-08-12,2026-09-09,2,False,5.0
6552,2026-04-19,Referral,True,2026-04-20,2026-05-07,2,False,1.0
6553,2026-04-20,App,False,,2026-05-23,0,True,
6554,2026-06-11,App,True,2026-06-12,2026-07-28,3,False,3.0
6555,2026-06-19,App,True,2026-06-20,2026-06-27,2,False,2.0
6556,2026-07-30,Web,False,,2026-09-06,0,False,
6557,2026-04-21,Web,True,2026-04-22,2026-05-20,4,False,2.0
6558,2026-02-27,App,True,2026-02-27,2026-03-03,3,False,5.0
6559,2026-03-15,App,True,2026-03-18,2026-04-16,3,True,1.0
6560,2026-03-05,Referral,True,2026-03-07,2026-04-08,3,False,2.0
6561,2026-08-18,Web,True,2026-08-18,2026-10-16,3,True,5.0
6562,2026-06-15,App,True,2026-06-17,2026-07-08,2,False,3.0
6563,2026-06-26,App,False,,2026-07-09,0,True,
6564,2026-03-23,Web,False,,2026-05-04,0,True,
6565,2026-08-17,Referral,True,2026-08-19,2026-09-06,4,False,1.0
6566,2026-03-15,Referral,True,2026-03-18,2026-03-19,6,False,5.0
6567,2026-07-02,App,False,,2026-08-26,0,True,
6568,2026-08-06,Web,False,,2026-09-05,0,False,
6569,2026-02-24,Web,True,2026-02-25,2026-04-21,0,False,
6570,2026-04-20,Web,True,2026-04-22,2026-06-09,1,True,4.0
6571,2026-05-27,Web,True,2026-05-29,2026-06-30,3,False,1.0
6572,2026-07-03,Web,True,2026-07-03,2026-08-01,3,False,4.0
6573,2026-07-20,Web,True,2026-07-21,2026-09-01,4,False,1.0
6574,2026-06-26,Referral,True,2026-06-28,2026-07-19,3,False,3.0
6575,2026-07-19,App,False,,2026-09-02,0,True,
6576,2026-02-25,App,False,,2026-04-08,0,True,
6577,2026-02-26,App,True,2026-02-27,2026-04-23,2,False,2.0
6578,2026-08-08,App,False,,2026-08-21,0,True,
6579,2026-03-29,App,True,2026-03-29,2026-05-07,5,False,2.0
6580,2026-06-07,App,False,,2026-07-31,0,True,
6581,2026-03-14,App,True,2026-03-17,2026-04-25,3,False,5.0
6582,2026-05-27,Web,False,,2026-05-28,0,True,
6583,2026-04-17,App,True,2026-04-18,2026-06-11,1,True,5.0
6584,2026-03-04,App,True,2026-03-07,2026-05-03,3,True,3.0
6585,2026-06-19,App,False,,2026-07-23,0,True,
6586,2026-05-22,Web,True,2026-05-22,2026-07-05,2,False,2.0
6587,2026-07-16,Referral,False,,2026-09-09,0,True,
6588,2026-07-11,Web,True,2026-07-13,2026-08-07,5,False,3.0
6589,2026-02-22,App,True,2026-02-24,2026-04-23,4,False,3.0
6590,2026-06-20,Web,True,2026-06-20,2026-07-04,4,True,1.0
6591,2026-02-28,App,True,2026-03-01,2026-03-26,7,False,4.0
6592,2026-05-20,App,True,2026-05-20,2026-06-13,2,False,4.0
6593,2026-06-10,App,True,2026-06-13,2026-07-18,4,True,5.0
6594,2026-06-09,Referral,True,2026-06-11,2026-06-30,3,False,2.0
6595,2026-05-06,App,False,,2026-06-28,0,True,
6596,2026-05-15,Referral,True,2026-05-17,2026-06-15,4,True,1.0
6597,2026-07-02,Referral,True,2026-07-04,2026-07-04,1,False,2.0
6598,2026-07-07,App,True,2026-07-09,2026-08-19,4,True,1.0
6599,2026-06-26,Referral,True,2026-06-26,2026-07-25,3,False,1.0
6600,2026-07-17,Web,True,2026-07-17,2026-07-31,4,True,3.0
6601,2026-03-20,App,False,,2026-05-09,0,True,
6602,2026-04-06,Web,False,,2026-06-03,0,True,
6603,2026-05-08,Referral,False,,2026-06-01,0,False,
6604,2026-04-02,App,True,2026-04-05,2026-05-13,0,True,
6605,2026-04-17,Web,True,2026-04-18,2026-05-22,2,True,2.0
6606,2026-08-15,Referral,False,,2026-10-07,0,True,
6607,2026-07-12,App,True,2026-07-15,2026-07-13,4,True,1.0
6608,2026-03-21,Web,False,,2026-04-20,0,True,
6609,2026-04-17,App,True,2026-04-20,2026-04-28,3,False,4.0
6610,2026-07-06,Web,False,,2026-07-22,0,False,
6611,2026-04-29,Web,True,2026-05-02,2026-05-11,5,False,5.0
6612,2026-06-10,App,False,,2026-06-14,0,True,
6613,2026-06-16,Web,True,2026-06-19,2026-07-08,1,False,1.0
6614,2026-05-01,App,False,,2026-06-12,0,True,
6615,2026-06-15,App,False,,2026-07-31,0,True,
6616,2026-05-13,Web,True,2026-05-15,2026-05-28,4,True,5.0
6617,2026-07-26,App,True,2026-07-27,2026-08-17,2,False,3.0
6618,2026-07-03,App,True,2026-07-06,2026-07-11,2,True,4.0
6619,2026-07-14,Web,True,2026-07-15,2026-08-17,2,False,3.0
6620,2026-08-11,App,True,2026-08-12,2026-09-06,2,True,5.0
6621,2026-04-25,App,False,,2026-05-12,0,True,
6622,2026-04-09,Web,True,2026-04-11,2026-06-04,4,False,4.0
6623,2026-06-15,Referral,False,,2026-06-27,0,True,
6624,2026-08-09,App,True,2026-08-10,2026-10-06,0,False,
6625,2026-05-06,Web,True,2026-05-07,2026-06-01,3,True,2.0
6626,2026-02-26,Referral,False,,2026-03-27,0,True,
6627,2026-04-04,Referral,True,2026-04-04,2026-05-02,1,False,5.0
6628,2026-08-08,Web,False,,2026-08-27,0,True,
6629,2026-04-22,App,True,2026-04-23,2026-05-08,4,True,1.0
6630,2026-04-01,Referral,False,,2026-04-26,0,False,
6631,2026-05-26,Referral,True,2026-05-29,2026-07-05,3,False,3.0
6632,2026-03-25,Web,False,,2026-04-17,0,True,
6633,2026-05-03,Referral,True,2026-05-05,2026-06-22,4,False,4.0
6634,2026-03-11,Web,True,2026-03-11,2026-04-26,5,True,4.0
6635,2026-06-08,App,True,2026-06-10,2026-07-07,4,False,1.0
6636,2026-03-02,Referral,True,2026-03-02,2026-04-28,2,True,2.0
6637,2026-06-15,Web,True,2026-06-17,2026-06-29,3,False,4.0
6638,2026-08-05,App,False,,2026-08-11,0,False,
6639,2026-06-16,App,True,2026-06-17,2026-06-28,6,False,5.0
6640,2026-02-22,Referral,True,2026-02-22,2026-04-16,2,True,3.0
6641,2026-05-14,Web,True,2026-05-15,2026-06-21,4,False,3.0
6642,2026-05-30,Web,True,2026-06-01,2026-06-30,2,False,2.0
6643,2026-04-08,App,True,2026-04-11,2026-05-01,2,False,2.0
6644,2026-05-07,Referral,False,,2026-06-23,0,True,
6645,2026-03-18,App,True,2026-03-21,2026-03-24,4,True,1.0
6646,2026-04-15,App,True,2026-04-15,2026-04-22,5,True,3.0
6647,2026-04-09,Web,True,2026-04-09,2026-05-11,2,False,4.0
6648,2026-03-23,App,True,2026-03-25,2026-04-07,5,False,1.0
6649,2026-07-06,App,True,2026-07-08,2026-08-19,2,True,5.0
6650,2026-07-07,App,True,2026-07-08,2026-08-23,3,True,1.0
6651,2026-04-22,Web,False,,2026-05-06,0,True,
6652,2026-08-07,App,True,2026-08-10,2026-09-22,4,False,4.0
6653,2026-08-07,App,True,2026-08-09,2026-09-27,5,True,2.0
6654,2026-05-05,App,True,2026-05-07,2026-05-08,1,True,3.0
6655,2026-08-15,Web,False,,2026-09-19,0,True,
6656,2026-03-25,App,False,,2026-05-22,0,True,
6657,2026-06-03,Web,True,2026-06-03,2026-07-01,4,True,3.0
6658,2026-04-01,Referral,True,2026-04-04,2026-04-11,2,True,5.0
6659,2026-05-20,App,True,2026-05-22,2026-06-20,3,False,5.0
6660,2026-05-16,Web,True,2026-05-18,2026-07-01,3,True,4.0
6661,2026-04-10,App,True,2026-04-13,2026-04-28,4,True,5.0
6662,2026-06-09,App,True,2026-06-12,2026-07-02,5,True,2.0
6663,2026-06-04,App,False,,2026-07-22,0,False,
6664,2026-08-04,App,True,2026-08-07,2026-09-29,1,True,1.0
6665,2026-03-14,App,False,,2026-04-21,0,True,
6666,2026-02-26,Web,True,2026-03-01,2026-03-07,4,True,1.0
6667,2026-06-23,App,True,2026-06-23,2026-08-02,2,False,1.0
6668,2026-03-27,App,True,2026-03-27,2026-05-15,1,False,4.0
6669,2026-05-18,App,False,,2026-06-21,0,True,
6670,2026-05-31,Web,True,2026-06-03,2026-07-07,2,False,4.0
6671,2026-07-04,Web,False,,2026-07-27,0,True,
6672,2026-02-22,App,True,2026-02-24,2026-03-27,2,False,2.0
6673,2026-08-05,Referral,False,,2026-08-27,0,True,
6674,2026-06-28,Web,True,2026-06-30,2026-07-12,1,False,2.0
6675,2026-07-01,App,False,,2026-08-17,0,True,
6676,2026-08-05,App,True,2026-08-08,2026-09-06,2,False,5.0
6677,2026-06-25,App,True,2026-06-26,2026-06-26,4,False,2.0
6678,2026-06-26,Referral,True,2026-06-29,2026-08-12,1,False,4.0
6679,2026-07-09,Web,False,,2026-07-22,0,False,
6680,2026-04-27,Web,True,2026-04-29,2026-06-20,1,True,3.0
6681,2026-03-11,Web,False,,2026-05-04,0,True,
6682,2026-02-24,Referral,False,,2026-04-21,0,True,
6683,2026-07-09,App,True,2026-07-12,2026-08-22,3,False,4.0
6684,2026-03-17,Web,False,,2026-03-27,0,True,
6685,2026-05-23,Referral,True,2026-05-25,2026-06-06,5,False,4.0
6686,2026-08-11,Referral,True,2026-08-14,2026-08-15,3,False,3.0
6687,2026-07-04,Web,True,2026-07-04,2026-08-24,3,False,2.0
6688,2026-05-28,App,False,,2026-06-29,0,True,
6689,2026-08-09,App,False,,2026-08-24,0,True,
6690,2026-04-02,App,True,2026-04-02,2026-04-19,2,False,2.0
6691,2026-08-14,App,True,2026-08-14,2026-08-18,1,False,3.0
6692,2026-06-26,Web,False,,2026-08-02,0,True,
6693,2026-04-27,App,True,2026-04-27,2026-06-14,4,True,5.0
6694,2026-03-13,App,True,2026-03-16,2026-04-15,6,False,1.0
6695,2026-07-29,Referral,False,,2026-09-25,0,True,
6696,2026-04-06,Web,True,2026-04-06,2026-05-27,3,False,2.0
6697,2026-04-21,Referral,True,2026-04-21,2026-05-04,5,False,5.0
6698,2026-05-06,Web,True,2026-05-08,2026-06-14,3,False,4.0
6699,2026-03-18,App,True,2026-03-21,2026-05-02,5,True,5.0
6700,2026-06-15,Referral,True,2026-06-16,2026-07-12,2,False,4.0
6701,2026-06-05,App,True,2026-06-06,2026-07-05,6,False,5.0
6702,2026-03-13,App,False,,2026-03-24,0,True,
6703,2026-06-28,Web,True,2026-06-29,2026-07-08,3,True,3.0
6704,2026-07-05,App,True,2026-07-05,2026-08-15,4,False,2.0
6705,2026-05-25,App,False,,2026-05-26,0,True,
6706,2026-06-16,App,True,2026-06-19,2026-06-22,3,False,3.0
6707,2026-08-02,App,True,2026-08-04,2026-08-28,3,True,2.0
6708,2026-06-28,Web,True,2026-06-28,2026-07-02,1,True,2.0
6709,2026-02-28,App,False,,2026-04-01,0,True,
6710,2026-03-21,App,True,2026-03-22,2026-04-25,4,False,2.0
6711,2026-07-04,App,False,,2026-08-17,0,True,
6712,2026-07-11,Web,True,2026-07-11,2026-07-21,4,True,2.0
6713,2026-08-04,Web,True,2026-08-04,2026-08-28,3,True,1.0
6714,2026-03-17,Web,False,,2026-04-30,0,False,
6715,2026-05-04,App,True,2026-05-04,2026-06-19,8,True,2.0
6716,2026-03-06,App,True,2026-03-06,2026-03-17,2,False,5.0
6717,2026-03-23,App,False,,2026-04-28,0,True,
6718,2026-06-15,App,True,2026-06-15,2026-07-24,4,False,3.0
6719,2026-04-15,App,False,,2026-06-04,0,True,
6720,2026-05-23,App,True,2026-05-23,2026-07-08,3,False,4.0
6721,2026-03-04,Web,True,2026-03-06,2026-03-16,3,False,1.0
6722,2026-06-28,Web,True,2026-07-01,2026-08-16,6,False,1.0
6723,2026-06-02,Web,True,2026-06-03,2026-07-31,2,False,1.0
6724,2026-04-28,Referral,True,2026-04-30,2026-06-20,7,True,4.0
6725,2026-08-03,Web,True,2026-08-05,2026-08-16,1,False,1.0
6726,2026-07-31,App,True,2026-08-02,2026-09-27,1,True,2.0
6727,2026-03-16,Referral,True,2026-03-19,2026-03-31,4,False,3.0
6728,2026-07-21,App,False,,2026-09-19,0,True,
6729,2026-05-22,Web,True,2026-05-22,2026-05-25,1,False,1.0
6730,2026-06-25,Web,False,,2026-07-29,0,True,
6731,2026-04-18,Web,True,2026-04-21,2026-04-24,6,False,4.0
6732,2026-04-10,Referral,True,2026-04-11,2026-04-18,6,False,5.0
6733,2026-07-06,Web,True,2026-07-06,2026-08-12,2,False,4.0
6734,2026-04-15,App,True,2026-04-15,2026-04-30,3,False,1.0
6735,2026-06-01,Web,False,,2026-07-12,0,True,
6736,2026-05-01,Web,True,2026-05-02,2026-05-31,7,False,2.0
6737,2026-08-08,Referral,True,2026-08-08,2026-09-24,2,False,5.0
6738,2026-07-22,App,True,2026-07-25,2026-09-07,2,False,3.0
6739,2026-07-19,Referral,True,2026-07-22,2026-08-14,1,False,2.0
6740,2026-06-08,App,False,,2026-08-02,0,False,
6741,2026-04-09,App,True,2026-04-12,2026-05-27,1,True,3.0
6742,2026-07-14,App,True,2026-07-16,2026-08-10,3,False,4.0
6743,2026-07-23,Web,True,2026-07-26,2026-09-20,4,True,1.0
6744,2026-04-13,Referral,True,2026-04-14,2026-05-10,3,False,1.0
6745,2026-02-22,Web,False,,2026-03-17,0,True,
6746,2026-07-28,Web,True,2026-07-31,2026-08-24,3,False,3.0
6747,2026-07-11,Referral,True,2026-07-11,2026-07-22,6,False,5.0
6748,2026-03-05,Referral,False,,2026-03-20,0,True,
6749,2026-08-10,App,False,,2026-09-09,0,True,
6750,2026-06-29,App,False,,2026-08-06,0,True,
6751,2026-03-12,Web,True,2026-03-12,2026-04-11,4,False,4.0
6752,2026-05-09,Web,True,2026-05-10,2026-06-02,3,True,1.0
6753,2026-07-24,App,False,,2026-08-28,0,False,
6754,2026-03-13,Web,True,2026-03-14,2026-05-03,2,False,2.0
6755,2026-07-03,Web,True,2026-07-05,2026-08-27,3,True,3.0
6756,2026-08-05,App,True,2026-08-05,2026-09-03,3,True,4.0
6757,2026-03-09,App,True,2026-03-12,2026-04-27,4,False,2.0
6758,2026-08-02,Web,False,,2026-09-21,0,True,
6759,2026-04-18,App,True,2026-04-18,2026-04-27,2,False,3.0
6760,2026-03-16,Web,True,2026-03-19,2026-05-15,7,True,1.0
6761,2026-04-16,App,True,2026-04-18,2026-04-20,1,True,2.0
6762,2026-06-15,App,True,2026-06-15,2026-06-19,1,True,3.0
6763,2026-03-08,App,True,2026-03-11,2026-03-23,1,False,5.0
6764,2026-06-25,App,False,,2026-06-30,0,False,
6765,2026-06-15,Web,False,,2026-06-22,0,True,
6766,2026-05-03,App,True,2026-05-04,2026-05-12,2,False,3.0
6767,2026-03-25,Web,True,2026-03-26,2026-04-07,4,False,2.0
6768,2026-06-25,App,False,,2026-08-01,0,True,
6769,2026-06-18,Web,True,2026-06-18,2026-06-27,4,True,1.0
6770,2026-03-28,App,True,2026-03-31,2026-04-16,3,False,5.0
6771,2026-08-12,App,True,2026-08-13,2026-09-19,6,False,1.0
6772,2026-03-10,App,True,2026-03-12,2026-03-16,3,False,2.0
6773,2026-06-05,App,True,2026-06-08,2026-07-13,2,False,5.0
6774,2026-05-24,Web,False,,2026-07-21,0,True,
6775,2026-04-01,Web,True,2026-04-02,2026-05-23,2,False,3.0
6776,2026-05-01,Referral,True,2026-05-01,2026-05-25,4,True,1.0
6777,2026-04-28,Referral,False,,2026-06-21,0,True,
6778,2026-04-12,App,False,,2026-05-09,0,True,
6779,2026-07-28,App,False,,2026-09-15,0,True,
6780,2026-06-02,App,False,,2026-08-01,0,True,
6781,2026-02-25,Web,True,2026-02-25,2026-04-25,1,True,4.0
6782,2026-03-01,Web,True,2026-03-04,2026-03-27,2,True,2.0
6783,2026-02-24,Referral,False,,2026-04-03,0,True,
6784,2026-05-17,Referral,True,2026-05-19,2026-06-29,4,False,4.0
6785,2026-02-26,Web,False,,2026-03-14,0,True,
6786,2026-03-08,Web,True,2026-03-09,2026-03-22,2,False,1.0
6787,2026-04-22,Referral,True,2026-04-24,2026-06-10,6,True,5.0
6788,2026-06-06,Referral,True,2026-06-09,2026-06-09,5,True,4.0
6789,2026-08-07,App,True,2026-08-09,2026-09-08,5,True,3.0
6790,2026-03-08,Referral,True,2026-03-10,2026-04-12,5,False,5.0
6791,2026-08-09,Web,True,2026-08-11,2026-09-29,2,False,1.0
6792,2026-08-05,App,False,,2026-09-01,0,True,
6793,2026-08-05,Web,True,2026-08-06,2026-09-04,2,True,2.0
6794,2026-05-21,Web,True,2026-05-23,2026-06-14,1,False,3.0
6795,2026-03-21,Referral,True,2026-03-22,2026-04-15,4,True,2.0
6796,2026-05-15,App,True,2026-05-17,2026-05-29,8,True,3.0
6797,2026-05-13,Referral,True,2026-05-13,2026-06-10,2,False,5.0
6798,2026-03-29,App,True,2026-03-29,2026-04-02,3,False,4.0
6799,2026-08-05,Referral,False,,2026-09-17,0,True,
6800,2026-04-16,App,True,2026-04-16,2026-05-16,5,False,1.0
6801,2026-04-03,Referral,True,2026-04-05,2026-04-18,1,True,3.0
6802,2026-03-23,App,False,,2026-05-09,0,True,
6803,2026-06-14,App,True,2026-06-16,2026-07-16,3,True,1.0
6804,2026-07-10,Web,True,2026-07-10,2026-07-22,2,False,4.0
6805,2026-04-24,Web,True,2026-04-26,2026-04-30,3,True,2.0
6806,2026-04-05,App,False,,2026-04-24,0,True,
6807,2026-04-24,Web,False,,2026-04-29,0,False,
6808,2026-08-20,Web,True,2026-08-22,2026-10-19,5,True,1.0
6809,2026-04-02,App,False,,2026-05-27,0,True,
6810,2026-05-31,App,False,,2026-06-01,0,True,
6811,2026-05-30,App,True,2026-05-31,2026-06-20,2,False,5.0
6812,2026-03-04,App,True,2026-03-07,2026-04-09,5,False,3.0
6813,2026-02-26,Web,False,,2026-04-26,0,True,
6814,2026-07-05,App,True,2026-07-08,2026-07-31,7,True,2.0
6815,2026-08-03,App,True,2026-08-06,2026-08-19,4,True,3.0
6816,2026-08-13,App,True,2026-08-14,2026-08-26,4,False,5.0
6817,2026-08-01,Referral,True,2026-08-02,2026-09-06,6,False,4.0
6818,2026-04-27,Web,False,,2026-05-28,0,True,
6819,2026-03-06,App,False,,2026-03-20,0,True,
6820,2026-07-29,App,False,,2026-09-11,0,True,
6821,2026-07-12,Web,True,2026-07-12,2026-08-28,5,True,2.0
6822,2026-07-22,App,True,2026-07-25,2026-07-24,2,False,2.0
6823,2026-05-05,Referral,True,2026-05-07,2026-05-07,2,False,1.0
6824,2026-03-04,Web,True,2026-03-04,2026-04-21,7,True,5.0
6825,2026-07-31,App,True,2026-07-31,2026-09-22,3,True,3.0
6826,2026-04-24,Referral,True,2026-04-27,2026-06-12,4,False,1.0
6827,2026-03-27,Referral,True,2026-03-29,2026-04-07,6,False,1.0
6828,2026-06-25,App,False,,2026-07-20,0,True,
6829,2026-04-26,App,True,2026-04-28,2026-06-10,0,False,
6830,2026-04-30,App,True,2026-04-30,2026-06-15,4,False,3.0
6831,2026-04-16,Web,True,2026-04-16,2026-05-28,1,False,5.0
6832,2026-08-09,App,True,2026-08-12,2026-08-26,1,False,2.0
6833,2026-07-12,App,False,,2026-09-06,0,True,
6834,2026-05-12,Referral,True,2026-05-14,2026-05-31,0,False,
6835,2026-03-19,Referral,False,,2026-05-11,0,True,
6836,2026-05-23,Web,False,,2026-06-21,0,True,
6837,2026-03-09,Web,True,2026-03-10,2026-04-28,4,False,4.0
6838,2026-03-20,Web,True,2026-03-22,2026-05-03,6,False,2.0
6839,2026-05-01,Web,True,2026-05-02,2026-05-28,5,True,1.0
6840,2026-08-05,App,True,2026-08-07,2026-08-25,3,False,1.0
6841,2026-03-10,App,True,2026-03-13,2026-04-15,1,False,1.0
6842,2026-03-22,App,True,2026-03-22,2026-04-02,2,False,5.0
6843,2026-04-10,Web,True,2026-04-10,2026-05-08,4,True,2.0
6844,2026-07-10,App,True,2026-07-11,2026-08-20,5,True,5.0
6845,2026-05-22,Web,False,,2026-05-27,0,True,
6846,2026-08-03,App,True,2026-08-05,2026-08-23,1,True,4.0
6847,2026-02-24,Web,True,2026-02-24,2026-04-23,6,True,4.0
6848,2026-06-23,Referral,True,2026-06-26,2026-07-04,1,True,4.0
6849,2026-08-07,App,True,2026-08-07,2026-10-06,7,True,3.0
6850,2026-06-26,Web,True,2026-06-27,2026-08-13,4,False,5.0
6851,2026-06-12,App,True,2026-06-13,2026-07-06,0,False,
6852,2026-03-27,Web,True,2026-03-29,2026-04-07,8,False,2.0
6853,2026-06-05,App,True,2026-06-05,2026-08-04,3,False,2.0
6854,2026-06-23,Referral,False,,2026-07-29,0,True,
6855,2026-03-22,App,True,2026-03-25,2026-04-10,3,False,2.0
6856,2026-05-23,Web,False,,2026-07-10,0,True,
6857,2026-05-26,App,False,,2026-07-18,0,True,
6858,2026-03-30,Web,True,2026-04-01,2026-05-20,2,False,4.0
6859,2026-07-18,App,False,,2026-07-19,0,True,
6860,2026-03-04,App,False,,2026-04-26,0,True,
6861,2026-05-23,App,True,2026-05-25,2026-07-02,3,False,4.0
6862,2026-07-20,App,True,2026-07-23,2026-07-29,4,False,2.0
6863,2026-08-07,App,True,2026-08-08,2026-09-03,4,False,4.0
6864,2026-08-13,App,True,2026-08-13,2026-08-27,5,False,3.0
6865,2026-06-19,App,True,2026-06-21,2026-07-27,2,True,1.0
6866,2026-08-06,App,True,2026-08-08,2026-09-15,1,True,1.0
6867,2026-04-15,App,True,2026-04-17,2026-04-21,1,False,3.0
6868,2026-06-17,Web,False,,2026-08-02,0,True,
6869,2026-06-23,Web,True,2026-06-23,2026-07-20,3,False,2.0
6870,2026-04-16,App,False,,2026-05-29,0,True,
6871,2026-07-15,App,True,2026-07-15,2026-07-31,5,True,5.0
6872,2026-06-11,App,True,2026-06-14,2026-07-19,5,True,4.0
6873,2026-05-09,Web,True,2026-05-10,2026-05-22,4,False,4.0
6874,2026-07-26,Referral,True,2026-07-28,2026-07-29,3,False,1.0
6875,2026-05-04,App,True,2026-05-05,2026-06-08,4,True,4.0
6876,2026-06-12,Referral,False,,2026-07-08,0,True,
6877,2026-03-20,App,True,2026-03-23,2026-05-16,0,True,
6878,2026-07-24,Referral,True,2026-07-27,2026-09-22,1,False,4.0
6879,2026-04-27,Referral,False,,2026-06-13,0,True,
6880,2026-04-03,Referral,True,2026-04-04,2026-04-16,3,False,3.0
6881,2026-06-22,Web,True,2026-06-24,2026-07-09,3,False,5.0
6882,2026-06-11,App,False,,2026-07-17,0,True,
6883,2026-06-23,Web,False,,2026-08-20,0,True,
6884,2026-03-28,Web,False,,2026-04-24,0,True,
6885,2026-08-09,App,True,2026-08-09,2026-08-17,3,False,2.0
6886,2026-03-22,Referral,True,2026-03-24,2026-05-12,4,False,1.0
6887,2026-02-27,App,False,,2026-04-23,0,False,
6888,2026-04-15,App,True,2026-04-16,2026-04-21,4,False,2.0
6889,2026-07-23,App,True,2026-07-24,2026-08-21,2,True,3.0
6890,2026-07-30,App,True,2026-08-02,2026-09-14,3,False,1.0
6891,2026-04-30,Web,True,2026-05-02,2026-06-08,4,False,1.0
6892,2026-04-23,Web,True,2026-04-26,2026-05-27,1,False,5.0
6893,2026-03-16,Web,True,2026-03-16,2026-05-02,3,False,3.0
6894,2026-08-17,Web,True,2026-08-20,2026-09-11,7,False,2.0
6895,2026-08-18,App,True,2026-08-18,2026-08-26,3,True,5.0
6896,2026-04-04,App,True,2026-04-06,2026-04-24,1,False,4.0
6897,2026-08-12,Web,False,,2026-08-14,0,True,
6898,2026-06-23,App,True,2026-06-23,2026-07-12,1,True,1.0
6899,2026-03-11,App,True,2026-03-14,2026-05-06,3,False,3.0
6900,2026-06-01,App,True,2026-06-01,2026-06-07,3,False,4.0
6901,2026-04-14,App,False,,2026-06-07,0,True,
6902,2026-05-21,App,True,2026-05-21,2026-05-26,5,False,3.0
6903,2026-02-22,Web,True,2026-02-25,2026-03-23,8,False,4.0
6904,2026-08-18,App,True,2026-08-20,2026-08-30,4,True,3.0
6905,2026-08-11,App,False,,2026-10-03,0,False,
6906,2026-07-29,Referral,False,,2026-08-26,0,True,
6907,2026-08-01,Web,False,,2026-08-27,0,True,
6908,2026-04-14,Web,True,2026-04-16,2026-04-17,4,True,5.0
6909,2026-08-11,App,True,2026-08-14,2026-09-21,6,False,2.0
6910,2026-04-06,App,True,2026-04-08,2026-04-13,2,False,3.0
6911,2026-06-24,App,False,,2026-07-16,0,False,
6912,2026-07-11,App,False,,2026-08-30,0,True,
6913,2026-07-05,App,True,2026-07-05,2026-08-06,4,False,1.0
6914,2026-03-06,Web,True,2026-03-08,2026-03-26,3,False,4.0
6915,2026-06-27,Referral,False,,2026-08-14,0,True,
6916,2026-04-01,Web,True,2026-04-01,2026-05-31,5,False,3.0
6917,2026-05-11,App,False,,2026-06-01,0,True,
6918,2026-05-13,Web,True,2026-05-16,2026-06-06,1,True,2.0
6919,2026-04-01,App,True,2026-04-01,2026-04-15,4,False,1.0
6920,2026-06-26,Web,False,,2026-08-11,0,True,
6921,2026-04-21,App,True,2026-04-21,2026-06-07,4,False,4.0
6922,2026-05-01,Web,False,,2026-05-16,0,True,
6923,2026-08-12,Web,False,,2026-09-13,0,True,
6924,2026-07-19,App,True,2026-07-21,2026-07-26,2,False,3.0
6925,2026-05-13,App,True,2026-05-16,2026-06-27,3,False,3.0
6926,2026-03-29,Referral,True,2026-03-31,2026-05-28,6,False,4.0
6927,2026-05-16,App,False,,2026-06-24,0,True,
6928,2026-07-07,App,True,2026-07-08,2026-08-10,1,False,3.0
6929,2026-06-17,App,True,2026-06-18,2026-08-12,2,False,4.0
6930,2026-06-01,Referral,True,2026-06-02,2026-07-12,2,True,5.0
6931,2026-04-21,App,False,,2026-05-12,0,True,
6932,2026-05-11,App,False,,2026-06-01,0,True,
6933,2026-05-30,Web,True,2026-05-30,2026-07-28,4,False,3.0
6934,2026-03-01,Web,False,,2026-03-11,0,True,
6935,2026-02-25,App,False,,2026-03-07,0,False,
6936,2026-06-03,Web,True,2026-06-03,2026-06-27,4,True,2.0
6937,2026-07-05,App,False,,2026-08-04,0,False,
6938,2026-08-08,Web,True,2026-08-08,2026-08-26,3,False,5.0
6939,2026-03-16,Web,True,2026-03-16,2026-04-20,3,False,1.0
6940,2026-05-13,App,False,,2026-06-15,0,False,
6941,2026-06-20,Web,False,,2026-07-15,0,True,
6942,2026-03-28,Referral,True,2026-03-30,2026-04-13,2,True,1.0
6943,2026-03-07,Web,True,2026-03-10,2026-04-02,5,False,4.0
6944,2026-08-06,Web,False,,2026-10-03,0,True,
6945,2026-05-08,App,True,2026-05-11,2026-05-29,6,True,2.0
6946,2026-03-19,App,True,2026-03-20,2026-04-28,3,True,2.0
6947,2026-05-05,Web,False,,2026-06-24,0,True,
6948,2026-03-22,App,False,,2026-05-05,0,True,
6949,2026-03-06,App,True,2026-03-09,2026-03-27,1,True,1.0
6950,2026-05-03,App,True,2026-05-03,2026-05-10,4,False,2.0
6951,2026-07-13,App,True,2026-07-14,2026-07-19,3,False,1.0
6952,2026-02-26,App,True,2026-02-26,2026-04-12,3,False,5.0
6953,2026-07-12,App,True,2026-07-15,2026-09-09,3,True,1.0
6954,2026-07-26,Referral,False,,2026-09-10,0,False,
6955,2026-06-13,App,False,,2026-07-02,0,True,
6956,2026-03-31,App,False,,2026-04-27,0,False,
6957,2026-06-17,App,False,,2026-06-28,0,True,
6958,2026-06-30,App,True,2026-07-01,2026-08-12,5,True,2.0
6959,2026-06-21,App,False,,2026-07-08,0,True,
6960,2026-07-14,App,False,,2026-08-02,0,False,
6961,2026-04-02,App,False,,2026-05-12,0,True,
6962,2026-08-09,App,True,2026-08-11,2026-08-18,4,False,1.0
6963,2026-07-13,Web,True,2026-07-14,2026-07-19,3,False,4.0
6964,2026-07-27,App,True,2026-07-27,2026-08-05,3,False,4.0
6965,2026-06-25,Referral,False,,2026-07-26,0,True,
6966,2026-06-14,App,True,2026-06-17,2026-07-16,1,True,5.0
6967,2026-03-26,Web,False,,2026-05-18,0,True,
6968,2026-04-15,Web,True,2026-04-15,2026-06-02,2,False,1.0
6969,2026-08-20,Web,True,2026-08-21,2026-10-15,2,False,5.0
6970,2026-03-02,Web,False,,2026-03-15,0,True,
6971,2026-06-16,Web,True,2026-06-18,2026-06-20,4,True,5.0
6972,2026-03-06,Referral,False,,2026-04-25,0,True,
6973,2026-05-11,App,True,2026-05-12,2026-05-16,3,True,4.0
6974,2026-03-24,Web,True,2026-03-25,2026-04-25,2,False,4.0
6975,2026-03-05,Web,True,2026-03-07,2026-03-19,1,True,5.0
6976,2026-07-06,Referral,False,,2026-08-30,0,True,
6977,2026-05-15,App,False,,2026-05-28,0,True,
6978,2026-04-18,Web,True,2026-04-18,2026-06-08,6,True,4.0
6979,2026-03-03,Web,True,2026-03-03,2026-03-08,3,False,1.0
6980,2026-07-24,App,False,,2026-08-06,0,True,
6981,2026-05-03,App,True,2026-05-04,2026-05-09,3,True,3.0
6982,2026-04-28,App,False,,2026-05-19,0,True,
6983,2026-07-23,App,True,2026-07-26,2026-09-10,3,False,4.0
6984,2026-08-10,Referral,True,2026-08-12,2026-08-19,1,False,5.0
6985,2026-08-20,App,True,2026-08-20,2026-10-15,2,False,5.0
6986,2026-04-20,Web,True,2026-04-22,2026-05-25,6,True,3.0
6987,2026-08-17,Referral,True,2026-08-18,2026-10-16,3,True,1.0
6988,2026-03-16,Web,False,,2026-04-24,0,True,
6989,2026-05-15,Web,False,,2026-05-21,0,True,
6990,2026-07-20,Web,True,2026-07-23,2026-07-25,3,False,2.0
6991,2026-06-26,App,True,2026-06-27,2026-07-12,4,False,3.0
6992,2026-07-08,Web,False,,2026-08-26,0,True,
6993,2026-02-22,Web,True,2026-02-25,2026-04-17,2,False,5.0
6994,2026-03-11,Referral,True,2026-03-14,2026-04-07,1,True,3.0
6995,2026-06-22,App,True,2026-06-22,2026-07-14,6,True,2.0
6996,2026-03-27,Referral,True,2026-03-29,2026-04-18,3,True,1.0
6997,2026-02-28,App,False,,2026-04-15,0,True,
6998,2026-05-14,App,False,,2026-05-31,0,False,
6999,2026-06-08,Web,True,2026-06-11,2026-07-27,3,False,2.0
7000,2026-05-14,Web,False,,2026-06-24,0,True,
7001,2026-06-13,App,False,,2026-07-24,0,True,
7002,2026-04-16,Web,False,,2026-06-03,0,True,
7003,2026-06-13,App,True,2026-06-13,2026-07-09,7,False,2.0
7004,2026-03-03,Referral,False,,2026-05-02,0,False,
7005,2026-05-07,Web,True,2026-05-07,2026-07-03,3,False,4.0
7006,2026-06-17,App,True,2026-06-18,2026-07-24,4,True,3.0
7007,2026-05-31,App,False,,2026-07-18,0,True,
7008,2026-03-20,App,True,2026-03-21,2026-03-26,0,False,
7009,2026-04-09,App,True,2026-04-10,2026-05-30,3,True,5.0
7010,2026-05-20,Web,True,2026-05-21,2026-07-08,3,False,3.0
7011,2026-06-20,App,True,2026-06-21,2026-06-24,4,True,2.0
7012,2026-05-23,App,False,,2026-06-11,0,True,
7013,2026-07-12,Web,True,2026-07-15,2026-09-04,1,False,1.0
7014,2026-05-16,Web,True,2026-05-18,2026-06-09,1,False,1.0
7015,2026-03-12,App,False,,2026-03-20,0,True,
7016,2026-05-13,Web,True,2026-05-15,2026-05-25,3,False,5.0
7017,2026-05-03,App,False,,2026-06-19,0,False,
7018,2026-05-29,Web,True,2026-06-01,2026-06-02,2,False,4.0
7019,2026-06-16,App,True,2026-06-17,2026-06-23,3,False,5.0
7020,2026-05-26,App,False,,2026-05-31,0,False,
7021,2026-07-30,App,False,,2026-09-09,0,True,
7022,2026-06-19,App,True,2026-06-22,2026-07-11,2,False,4.0
7023,2026-05-29,App,False,,2026-07-02,0,True,
7024,2026-07-18,Web,False,,2026-09-11,0,True,
7025,2026-05-13,App,True,2026-05-14,2026-05-28,2,False,1.0
7026,2026-04-15,App,True,2026-04-17,2026-06-14,6,False,2.0
7027,2026-06-15,Referral,False,,2026-06-23,0,False,
7028,2026-06-14,App,True,2026-06-15,2026-07-16,4,True,2.0
7029,2026-07-07,App,True,2026-07-08,2026-08-02,8,False,4.0
7030,2026-05-11,App,True,2026-05-13,2026-06-09,1,False,3.0
7031,2026-07-01,App,False,,2026-08-02,0,True,
7032,2026-04-06,Web,True,2026-04-08,2026-06-01,3,False,5.0
7033,2026-06-27,App,True,2026-06-28,2026-08-24,4,False,5.0
7034,2026-08-18,App,True,2026-08-20,2026-10-08,4,True,1.0
7035,2026-06-27,Referral,True,2026-06-29,2026-08-06,6,False,5.0
7036,2026-03-11,App,True,2026-03-11,2026-05-07,3,False,2.0
7037,2026-03-16,Web,True,2026-03-19,2026-03-30,6,True,3.0
7038,2026-06-14,App,True,2026-06-15,2026-07-05,4,False,4.0
7039,2026-02-25,App,True,2026-02-26,2026-03-30,3,True,2.0
7040,2026-07-22,App,True,2026-07-22,2026-08-30,2,False,5.0
7041,2026-08-10,Web,True,2026-08-11,2026-09-26,0,False,
7042,2026-04-25,App,True,2026-04-28,2026-06-03,3,True,3.0
7043,2026-03-18,App,True,2026-03-20,2026-05-08,5,False,4.0
7044,2026-06-10,Web,False,,2026-07-05,0,True,
7045,2026-07-22,App,True,2026-07-22,2026-09-09,0,True,
7046,2026-05-09,Web,False,,2026-05-14,0,True,
7047,2026-05-31,App,False,,2026-07-23,0,True,
7048,2026-07-29,Referral,True,2026-07-31,2026-08-17,3,True,3.0
7049,2026-07-29,App,False,,2026-09-12,0,True,
7050,2026-05-03,Referral,True,2026-05-05,2026-06-04,5,True,5.0
7051,2026-04-21,Web,False,,2026-06-02,0,True,
7052,2026-04-14,App,True,2026-04-15,2026-04-29,4,True,3.0
7053,2026-05-16,App,True,2026-05-16,2026-06-07,2,True,5.0
7054,2026-08-09,Web,True,2026-08-11,2026-08-31,2,True,5.0
7055,2026-03-16,App,True,2026-03-17,2026-04-11,5,False,1.0
7056,2026-05-15,Web,True,2026-05-15,2026-07-02,3,False,5.0
7057,2026-06-12,App,False,,2026-07-16,0,False,
7058,2026-07-06,App,True,2026-07-09,2026-09-02,5,False,1.0
7059,2026-07-29,Referral,False,,2026-08-02,0,True,
7060,2026-08-06,App,True,2026-08-06,2026-08-11,4,False,1.0
7061,2026-04-26,App,False,,2026-05-08,0,True,
7062,2026-06-05,App,False,,2026-07-23,0,True,
7063,2026-08-09,Web,False,,2026-08-26,0,True,
7064,2026-08-11,App,False,,2026-09-04,0,True,
7065,2026-07-07,App,True,2026-07-10,2026-07-12,5,True,4.0
7066,2026-03-31,App,True,2026-04-03,2026-05-21,3,False,2.0
7067,2026-05-15,Referral,False,,2026-05-23,0,True,
7068,2026-03-02,Web,False,,2026-04-13,0,True,
7069,2026-04-21,App,True,2026-04-23,2026-06-10,3,True,5.0
7070,2026-06-25,App,True,2026-06-28,2026-08-20,1,True,4.0
7071,2026-05-05,App,True,2026-05-06,2026-05-15,4,False,5.0
7072,2026-03-25,Web,True,2026-03-25,2026-05-08,6,False,3.0
7073,2026-05-09,App,True,2026-05-12,2026-07-08,4,False,4.0
7074,2026-03-09,Web,True,2026-03-11,2026-04-05,6,True,1.0
7075,2026-06-04,Web,True,2026-06-05,2026-06-25,4,False,5.0
7076,2026-03-07,App,False,,2026-03-10,0,True,
7077,2026-05-12,Web,False,,2026-06-09,0,True,
7078,2026-06-15,App,False,,2026-07-29,0,True,
7079,2026-05-26,Web,True,2026-05-27,2026-05-27,1,True,4.0
7080,2026-07-07,Web,True,2026-07-09,2026-08-16,4,False,1.0
7081,2026-08-17,App,True,2026-08-17,2026-09-02,4,False,3.0
7082,2026-07-25,App,False,,2026-07-26,0,True,
7083,2026-04-25,App,True,2026-04-27,2026-05-05,6,False,3.0
7084,2026-04-07,App,True,2026-04-07,2026-06-06,10,False,2.0
7085,2026-05-06,App,True,2026-05-07,2026-05-14,0,True,
7086,2026-04-02,App,True,2026-04-05,2026-05-05,0,False,
7087,2026-06-23,App,False,,2026-08-11,0,True,
7088,2026-03-31,App,True,2026-04-03,2026-05-12,5,True,2.0
7089,2026-08-03,App,True,2026-08-05,2026-08-19,1,True,4.0
7090,2026-05-23,App,True,2026-05-25,2026-06-19,1,False,5.0
7091,2026-06-19,Web,False,,2026-07-24,0,False,
7092,2026-05-25,App,True,2026-05-27,2026-06-11,6,True,3.0
7093,2026-05-25,App,False,,2026-05-27,0,True,
7094,2026-05-05,Web,False,,2026-05-13,0,True,
7095,2026-04-06,App,True,2026-04-07,2026-05-25,4,True,2.0
7096,2026-05-20,Referral,True,2026-05-20,2026-05-23,0,False,
7097,2026-07-25,App,True,2026-07-26,2026-09-02,3,True,4.0
7098,2026-05-28,App,True,2026-05-30,2026-07-10,4,False,4.0
7099,2026-03-31,Referral,False,,2026-05-12,0,True,
7100,2026-06-04,Web,True,2026-06-04,2026-07-05,2,False,1.0
7101,2026-03-26,Referral,True,2026-03-27,2026-04-26,6,True,1.0
7102,2026-05-13,App,False,,2026-07-08,0,True,
7103,2026-04-10,Web,True,2026-04-11,2026-05-15,0,False,
7104,2026-03-04,Web,True,2026-03-07,2026-04-29,1,True,5.0
7105,2026-06-27,App,True,2026-06-27,2026-07-08,5,False,2.0
7106,2026-05-01,App,False,,2026-05-04,0,True,
7107,2026-03-12,App,True,2026-03-15,2026-03-15,2,False,3.0
7108,2026-07-22,App,True,2026-07-24,2026-08-31,2,False,1.0
7109,2026-06-02,App,True,2026-06-05,2026-07-24,2,False,5.0
7110,2026-07-11,Web,True,2026-07-11,2026-08-02,1,False,1.0
7111,2026-06-28,App,False,,2026-08-02,0,True,
7112,2026-05-20,App,False,,2026-07-13,0,True,
7113,2026-07-16,Referral,True,2026-07-18,2026-08-28,1,True,2.0
7114,2026-05-23,Web,False,,2026-07-09,0,False,
7115,2026-04-05,Web,False,,2026-04-27,0,True,
7116,2026-04-12,Web,False,,2026-05-23,0,True,
7117,2026-07-23,App,False,,2026-08-02,0,False,
7118,2026-08-02,Web,True,2026-08-03,2026-08-31,2,True,5.0
7119,2026-07-01,Web,True,2026-07-04,2026-08-22,1,False,5.0
7120,2026-08-01,App,True,2026-08-03,2026-08-15,2,False,2.0
7121,2026-06-01,App,True,2026-06-01,2026-06-05,2,False,5.0
7122,2026-03-11,App,True,2026-03-12,2026-05-05,5,False,4.0
7123,2026-02-28,App,True,2026-03-03,2026-04-03,5,False,2.0
7124,2026-06-13,Web,True,2026-06-13,2026-07-30,2,False,5.0
7125,2026-07-14,Web,False,,2026-07-20,0,True,
7126,2026-06-05,App,True,2026-06-06,2026-07-29,3,False,3.0
7127,2026-05-06,Web,True,2026-05-07,2026-05-13,6,True,5.0
7128,2026-04-08,App,True,2026-04-11,2026-04-27,3,False,3.0
7129,2026-07-09,App,True,2026-07-10,2026-08-13,1,False,2.0
7130,2026-03-04,Web,True,2026-03-04,2026-04-24,0,True,
7131,2026-04-14,App,True,2026-04-15,2026-04-19,3,False,1.0
7132,2026-05-06,App,True,2026-05-06,2026-05-15,1,True,4.0
7133,2026-06-07,Web,True,2026-06-10,2026-06-20,1,False,1.0
7134,2026-05-09,Web,True,2026-05-09,2026-06-05,1,False,1.0
7135,2026-04-09,App,False,,2026-06-01,0,True,
7136,2026-07-02,Web,False,,2026-08-11,0,True,
7137,2026-07-17,App,False,,2026-08-21,0,True,
7138,2026-05-04,App,True,2026-05-07,2026-05-10,3,False,2.0
7139,2026-04-04,App,True,2026-04-05,2026-05-01,4,False,1.0
7140,2026-04-02,Web,True,2026-04-05,2026-04-21,4,True,3.0
7141,2026-04-19,App,True,2026-04-20,2026-04-25,1,True,3.0
7142,2026-06-13,Web,False,,2026-07-26,0,True,
7143,2026-06-30,App,True,2026-07-03,2026-07-20,0,False,
7144,2026-08-14,App,True,2026-08-16,2026-10-05,3,False,2.0
7145,2026-04-05,App,False,,2026-04-09,0,True,
7146,2026-04-16,App,True,2026-04-18,2026-06-01,3,False,5.0
7147,2026-03-13,Referral,False,,2026-03-28,0,True,
7148,2026-03-07,Referral,True,2026-03-08,2026-05-06,3,True,1.0
7149,2026-05-18,App,True,2026-05-21,2026-05-19,4,True,2.0
7150,2026-06-22,Web,False,,2026-07-29,0,True,
7151,2026-05-13,App,True,2026-05-14,2026-05-16,3,True,3.0
7152,2026-06-06,App,True,2026-06-09,2026-07-13,4,False,4.0
7153,2026-06-11,Web,True,2026-06-14,2026-07-27,4,True,2.0
7154,2026-07-27,Web,True,2026-07-29,2026-09-22,3,False,4.0
7155,2026-07-15,Referral,False,,2026-08-27,0,True,
7156,2026-04-23,App,True,2026-04-23,2026-06-06,7,True,3.0
7157,2026-07-21,App,True,2026-07-22,2026-08-05,4,False,2.0
7158,2026-06-13,App,True,2026-06-15,2026-07-15,6,False,2.0
7159,2026-06-09,Web,False,,2026-07-22,0,True,
7160,2026-05-30,Web,True,2026-06-02,2026-07-12,3,False,5.0
7161,2026-04-28,Web,True,2026-04-30,2026-05-17,1,True,1.0
7162,2026-04-07,Referral,True,2026-04-08,2026-05-31,4,False,4.0
7163,2026-06-10,Referral,True,2026-06-12,2026-07-04,3,False,3.0
7164,2026-03-20,Referral,True,2026-03-22,2026-05-07,5,True,5.0
7165,2026-04-13,Web,True,2026-04-13,2026-06-07,1,False,1.0
7166,2026-04-29,Web,False,,2026-05-27,0,True,
7167,2026-02-23,Web,True,2026-02-25,2026-02-27,0,True,
7168,2026-05-27,App,True,2026-05-27,2026-06-06,3,True,2.0
7169,2026-03-12,App,False,,2026-04-15,0,True,
7170,2026-07-03,Referral,True,2026-07-03,2026-08-10,5,False,5.0
7171,2026-04-17,App,False,,2026-06-03,0,False,
7172,2026-05-25,Referral,False,,2026-06-05,0,False,
7173,2026-02-22,Web,True,2026-02-25,2026-03-30,2,False,5.0
7174,2026-03-26,App,True,2026-03-27,2026-04-12,4,True,5.0
7175,2026-05-01,Web,True,2026-05-03,2026-06-23,3,False,2.0
7176,2026-07-07,Referral,True,2026-07-07,2026-07-15,3,False,3.0
7177,2026-04-24,Referral,False,,2026-05-04,0,True,
7178,2026-07-01,Web,True,2026-07-04,2026-08-06,3,False,4.0
7179,2026-06-19,Web,True,2026-06-21,2026-07-04,1,False,4.0
7180,2026-02-22,Web,True,2026-02-24,2026-03-04,5,True,1.0
7181,2026-04-28,App,False,,2026-05-01,0,True,
7182,2026-06-22,App,True,2026-06-22,2026-07-29,4,False,3.0
7183,2026-08-01,Web,False,,2026-09-16,0,True,
7184,2026-06-21,Web,True,2026-06-22,2026-07-23,3,False,1.0
7185,2026-03-09,Web,True,2026-03-12,2026-03-17,2,False,5.0
7186,2026-07-08,App,False,,2026-08-09,0,True,
7187,2026-02-26,Web,True,2026-02-28,2026-03-18,1,False,3.0
7188,2026-05-09,App,True,2026-05-11,2026-06-25,3,False,3.0
7189,2026-05-06,App,False,,2026-06-23,0,True,
7190,2026-06-05,App,True,2026-06-06,2026-08-03,2,True,5.0
7191,2026-07-16,Referral,True,2026-07-18,2026-09-11,3,False,3.0
7192,2026-04-16,Referral,True,2026-04-16,2026-05-11,2,False,2.0
7193,2026-03-04,App,True,2026-03-07,2026-04-18,0,False,
7194,2026-08-01,Web,True,2026-08-01,2026-08-14,3,False,1.0
7195,2026-05-02,Web,False,,2026-06-19,0,True,
7196,2026-07-29,App,True,2026-08-01,2026-09-01,5,True,1.0
7197,2026-03-20,Web,True,2026-03-20,2026-04-06,1,False,2.0
7198,2026-06-16,Web,True,2026-06-19,2026-07-04,3,True,4.0
7199,2026-04-04,Referral,True,2026-04-04,2026-04-20,3,False,4.0
7200,2026-03-27,Web,True,2026-03-29,2026-05-01,3,False,5.0
7201,2026-04-26,Web,True,2026-04-26,2026-05-07,5,False,3.0
7202,2026-03-30,Web,True,2026-03-31,2026-04-02,2,False,5.0
7203,2026-05-17,App,True,2026-05-18,2026-06-12,6,True,3.0
7204,2026-07-01,Web,False,,2026-08-06,0,True,
7205,2026-04-22,App,True,2026-04-23,2026-05-29,4,False,3.0
7206,2026-05-30,Referral,True,2026-06-02,2026-07-16,3,True,1.0
7207,2026-03-26,Web,False,,2026-04-06,0,True,
7208,2026-06-15,App,True,2026-06-17,2026-07-12,1,False,4.0
7209,2026-08-12,Web,True,2026-08-14,2026-09-25,1,True,2.0
7210,2026-07-29,App,True,2026-07-31,2026-09-23,3,False,3.0
7211,2026-08-06,Web,True,2026-08-08,2026-09-16,1,False,3.0
7212,2026-05-11,Referral,True,2026-05-13,2026-06-13,3,False,1.0
7213,2026-06-18,App,True,2026-06-20,2026-08-03,3,False,4.0
7214,2026-03-09,Web,False,,2026-04-18,0,False,
7215,2026-05-11,App,False,,2026-07-06,0,True,
7216,2026-04-06,App,True,2026-04-08,2026-06-04,2,False,3.0
7217,2026-07-23,Web,True,2026-07-26,2026-09-08,3,True,4.0
7218,2026-06-07,App,False,,2026-06-30,0,True,
7219,2026-02-23,Referral,True,2026-02-24,2026-02-25,2,False,5.0
7220,2026-05-11,App,False,,2026-06-15,0,True,
7221,2026-06-10,App,False,,2026-07-04,0,False,
7222,2026-07-12,Referral,True,2026-07-14,2026-07-16,6,True,5.0
7223,2026-06-26,Web,False,,2026-07-14,0,True,
7224,2026-02-24,Web,False,,2026-03-31,0,True,
7225,2026-06-26,Referral,False,,2026-07-26,0,True,
7226,2026-02-22,Web,True,2026-02-23,2026-02-26,1,False,2.0
7227,2026-07-03,Web,True,2026-07-04,2026-08-09,3,True,5.0
7228,2026-06-14,App,True,2026-06-14,2026-07-01,2,True,4.0
7229,2026-04-04,App,True,2026-04-06,2026-04-17,1,True,3.0
7230,2026-04-29,Web,True,2026-05-02,2026-06-26,3,True,4.0
7231,2026-07-23,App,False,,2026-09-16,0,True,
7232,2026-08-05,Web,True,2026-08-08,2026-08-20,4,False,1.0
7233,2026-03-12,Web,False,,2026-03-20,0,False,
7234,2026-05-07,App,False,,2026-05-12,0,True,
7235,2026-05-14,App,True,2026-05-16,2026-05-22,3,False,3.0
7236,2026-03-19,App,True,2026-03-22,2026-04-27,2,False,5.0
7237,2026-06-25,App,True,2026-06-25,2026-08-22,3,True,4.0
7238,2026-07-18,App,False,,2026-07-27,0,True,
7239,2026-08-19,Web,True,2026-08-21,2026-08-26,2,False,5.0
7240,2026-04-08,App,False,,2026-05-10,0,False,
7241,2026-06-14,App,True,2026-06-16,2026-07-11,3,False,3.0
7242,2026-08-04,Web,False,,2026-08-26,0,False,
7243,2026-07-11,Web,False,,2026-07-14,0,True,
7244,2026-05-26,Referral,False,,2026-07-09,0,False,
7245,2026-04-11,App,False,,2026-06-05,0,False,
7246,2026-08-11,Web,True,2026-08-14,2026-09-06,2,False,1.0
7247,2026-03-03,Web,False,,2026-04-09,0,True,
7248,2026-04-15,App,False,,2026-06-04,0,False,
7249,2026-04-07,Web,False,,2026-04-21,0,False,
7250,2026-06-17,App,False,,2026-06-26,0,False,
7251,2026-04-22,App,False,,2026-06-15,0,True,
7252,2026-05-19,Web,True,2026-05-21,2026-07-05,1,False,3.0
7253,2026-04-20,Referral,True,2026-04-23,2026-05-18,2,False,3.0
7254,2026-05-26,Web,True,2026-05-26,2026-07-22,4,False,5.0
7255,2026-04-08,App,False,,2026-05-24,0,True,
7256,2026-03-17,App,False,,2026-05-04,0,True,
7257,2026-05-06,App,True,2026-05-09,2026-06-09,5,False,3.0
7258,2026-08-14,Referral,True,2026-08-17,2026-08-16,1,True,2.0
7259,2026-04-08,Referral,False,,2026-06-01,0,True,
7260,2026-07-03,App,False,,2026-07-21,0,True,
7261,2026-06-10,Web,True,2026-06-12,2026-06-19,5,False,3.0
7262,2026-04-27,App,True,2026-04-27,2026-05-01,5,False,2.0
7263,2026-06-07,Web,False,,2026-07-18,0,True,
7264,2026-02-28,Web,True,2026-03-02,2026-04-01,1,False,5.0
7265,2026-04-25,Web,True,2026-04-26,2026-05-06,5,True,4.0
7266,2026-08-17,Referral,True,2026-08-20,2026-08-25,2,True,5.0
7267,2026-07-25,Referral,True,2026-07-25,2026-09-05,2,True,5.0
7268,2026-03-26,Referral,True,2026-03-29,2026-04-25,1,False,4.0
7269,2026-03-24,App,False,,2026-05-12,0,False,
7270,2026-07-25,Referral,True,2026-07-26,2026-08-05,2,False,4.0
7271,2026-07-19,Referral,True,2026-07-19,2026-09-01,2,False,3.0
7272,2026-05-20,Web,False,,2026-06-26,0,True,
7273,2026-04-23,App,True,2026-04-23,2026-06-22,8,False,2.0
7274,2026-04-01,Web,True,2026-04-04,2026-04-12,3,False,2.0
7275,2026-05-25,Web,True,2026-05-27,2026-06-16,1,False,5.0
7276,2026-05-01,App,False,,2026-05-25,0,True,
7277,2026-07-10,Web,True,2026-07-12,2026-07-22,5,False,2.0
7278,2026-07-04,Web,True,2026-07-06,2026-08-14,3,False,2.0
7279,2026-07-05,Web,True,2026-07-06,2026-07-17,4,False,5.0
7280,2026-05-30,Web,True,2026-05-31,2026-06-06,2,False,4.0
7281,2026-06-24,Referral,True,2026-06-26,2026-08-14,3,False,1.0
7282,2026-05-12,Web,False,,2026-06-29,0,True,
7283,2026-03-13,App,False,,2026-04-06,0,True,
7284,2026-07-15,Web,False,,2026-08-22,0,True,
7285,2026-07-22,App,False,,2026-09-08,0,True,
7286,2026-04-27,App,False,,2026-06-09,0,True,
7287,2026-06-09,App,False,,2026-06-26,0,True,
7288,2026-08-10,Web,True,2026-08-12,2026-09-24,4,False,3.0
7289,2026-03-20,Web,True,2026-03-21,2026-04-14,3,True,2.0
7290,2026-05-21,App,True,2026-05-21,2026-06-16,1,False,3.0
7291,2026-04-01,App,True,2026-04-01,2026-05-19,3,False,1.0
7292,2026-07-31,Referral,True,2026-07-31,2026-09-08,2,False,5.0
7293,2026-03-24,Web,True,2026-03-25,2026-05-02,6,False,1.0
7294,2026-03-02,Web,False,,2026-04-25,0,True,
7295,2026-07-01,App,False,,2026-07-08,0,True,
7296,2026-04-15,App,True,2026-04-18,2026-04-18,3,False,2.0
7297,2026-05-02,Referral,True,2026-05-05,2026-05-29,8,True,1.0
7298,2026-07-05,App,True,2026-07-05,2026-09-01,5,True,1.0
7299,2026-04-28,Web,True,2026-05-01,2026-06-19,4,True,2.0
7300,2026-03-30,Web,True,2026-03-30,2026-05-05,2,False,1.0
7301,2026-05-05,Referral,True,2026-05-05,2026-05-06,3,False,2.0
7302,2026-06-05,App,True,2026-06-07,2026-07-14,2,False,3.0
7303,2026-02-27,App,False,,2026-03-31,0,True,
7304,2026-05-22,Referral,True,2026-05-25,2026-07-01,1,False,2.0
7305,2026-04-22,Referral,True,2026-04-25,2026-06-06,3,False,5.0
7306,2026-05-02,App,True,2026-05-03,2026-05-20,6,True,1.0
7307,2026-04-04,App,False,,2026-04-18,0,False,
7308,2026-04-09,Web,True,2026-04-10,2026-04-27,2,False,5.0
7309,2026-05-10,App,False,,2026-06-30,0,True,
7310,2026-06-18,App,True,2026-06-19,2026-07-21,3,False,2.0
7311,2026-07-18,App,False,,2026-07-21,0,True,
7312,2026-08-20,Web,False,,2026-10-04,0,False,
7313,2026-07-23,App,False,,2026-09-13,0,True,
7314,2026-05-16,Web,False,,2026-05-28,0,True,
7315,2026-06-04,App,False,,2026-06-27,0,False,
7316,2026-05-01,App,False,,2026-05-10,0,False,
7317,2026-08-10,App,True,2026-08-11,2026-08-14,7,False,4.0
7318,2026-07-05,App,True,2026-07-05,2026-07-13,6,False,4.0
7319,2026-05-05,Referral,False,,2026-05-17,0,True,
7320,2026-08-12,Web,True,2026-08-15,2026-09-05,2,False,2.0
7321,2026-03-05,Web,True,2026-03-05,2026-04-04,4,False,5.0
7322,2026-07-28,App,True,2026-07-31,2026-09-07,6,False,1.0
7323,2026-05-15,Web,True,2026-05-17,2026-06-28,0,True,
7324,2026-03-14,Referral,False,,2026-04-09,0,True,
7325,2026-08-19,App,True,2026-08-22,2026-09-04,3,True,4.0
7326,2026-07-01,Referral,True,2026-07-03,2026-08-23,2,True,3.0
7327,2026-05-25,Referral,True,2026-05-27,2026-05-26,2,False,3.0
7328,2026-07-14,App,True,2026-07-14,2026-07-24,1,False,4.0
7329,2026-03-19,Web,False,,2026-04-27,0,True,
7330,2026-04-20,App,True,2026-04-22,2026-06-19,4,False,4.0
7331,2026-04-07,App,False,,2026-06-06,0,True,
7332,2026-08-09,Web,True,2026-08-11,2026-09-23,1,True,2.0
7333,2026-05-23,App,True,2026-05-23,2026-06-30,2,False,1.0
7334,2026-04-11,App,True,2026-04-14,2026-04-13,2,False,2.0
7335,2026-04-12,App,True,2026-04-12,2026-06-04,3,False,1.0
7336,2026-08-16,Web,False,,2026-10-06,0,True,
7337,2026-08-05,App,True,2026-08-06,2026-10-01,2,True,4.0
7338,2026-07-11,App,True,2026-07-11,2026-08-21,3,True,2.0
7339,2026-07-28,App,True,2026-07-31,2026-09-03,0,False,
7340,2026-05-30,App,True,2026-05-31,2026-07-01,3,True,3.0
7341,2026-07-08,App,True,2026-07-11,2026-07-23,5,False,1.0
7342,2026-07-05,Web,False,,2026-07-24,0,True,
7343,2026-05-20,App,True,2026-05-22,2026-07-02,4,False,4.0
7344,2026-06-19,Referral,True,2026-06-22,2026-07-14,3,False,3.0
7345,2026-08-14,App,False,,2026-09-14,0,True,
7346,2026-04-11,Web,False,,2026-05-28,0,True,
7347,2026-06-13,Referral,False,,2026-06-17,0,False,
7348,2026-04-27,Web,False,,2026-05-29,0,True,
7349,2026-04-25,Web,True,2026-04-26,2026-06-13,4,True,5.0
7350,2026-03-21,Referral,True,2026-03-24,2026-04-11,3,False,4.0
7351,2026-02-28,App,True,2026-03-01,2026-03-10,5,False,3.0
7352,2026-06-30,Referral,True,2026-06-30,2026-08-29,0,False,
7353,2026-04-28,App,True,2026-05-01,2026-05-12,4,False,3.0
7354,2026-07-16,App,True,2026-07-17,2026-08-09,6,True,4.0
7355,2026-06-04,App,True,2026-06-07,2026-07-01,2,False,5.0
7356,2026-07-16,App,False,,2026-07-22,0,True,
7357,2026-08-19,App,True,2026-08-20,2026-09-19,3,False,4.0
7358,2026-08-08,Referral,True,2026-08-09,2026-09-15,3,False,5.0
7359,2026-04-22,Web,False,,2026-04-29,0,True,
7360,2026-03-22,App,False,,2026-03-31,0,True,
7361,2026-03-14,Referral,False,,2026-05-12,0,True,
7362,2026-03-01,App,True,2026-03-03,2026-03-14,5,False,4.0
7363,2026-05-15,Referral,False,,2026-07-06,0,True,
7364,2026-05-12,App,True,2026-05-15,2026-05-30,1,True,3.0
7365,2026-03-30,Web,False,,2026-05-29,0,True,
7366,2026-07-18,App,True,2026-07-19,2026-08-07,3,False,2.0
7367,2026-04-18,App,True,2026-04-18,2026-06-07,7,False,1.0
7368,2026-07-20,Web,False,,2026-08-14,0,True,
7369,2026-06-28,Web,True,2026-06-28,2026-08-15,6,True,5.0
7370,2026-05-23,App,True,2026-05-23,2026-07-18,2,False,1.0
7371,2026-06-16,Web,True,2026-06-16,2026-07-31,4,False,5.0
7372,2026-08-07,App,False,,2026-09-23,0,False,
7373,2026-06-08,App,True,2026-06-11,2026-07-18,8,False,1.0
7374,2026-05-17,App,False,,2026-07-10,0,False,
7375,2026-03-30,Web,True,2026-03-31,2026-05-15,6,True,4.0
7376,2026-04-13,Web,True,2026-04-13,2026-05-20,3,False,3.0
7377,2026-07-21,App,False,,2026-08-13,0,True,
7378,2026-03-25,Referral,False,,2026-05-01,0,True,
7379,2026-03-26,Web,True,2026-03-27,2026-05-08,4,False,4.0
7380,2026-05-02,App,True,2026-05-05,2026-05-26,3,True,5.0
7381,2026-07-28,Web,True,2026-07-30,2026-08-17,3,True,4.0
7382,2026-03-29,Web,False,,2026-04-07,0,True,
7383,2026-07-06,Web,True,2026-07-08,2026-07-19,2,True,4.0
7384,2026-02-23,App,False,,2026-03-02,0,True,
7385,2026-06-04,App,True,2026-06-06,2026-06-06,3,False,2.0
7386,2026-04-19,Web,True,2026-04-20,2026-05-29,0,False,
7387,2026-03-02,Web,True,2026-03-02,2026-04-13,5,False,4.0
7388,2026-03-05,Web,True,2026-03-08,2026-03-15,1,True,2.0
7389,2026-07-19,Web,False,,2026-08-10,0,True,
7390,2026-07-22,App,True,2026-07-22,2026-09-13,1,True,1.0
7391,2026-03-22,Referral,False,,2026-04-19,0,True,
7392,2026-06-26,App,True,2026-06-29,2026-08-18,4,False,1.0
7393,2026-03-05,App,True,2026-03-05,2026-04-03,3,False,4.0
7394,2026-05-20,Web,False,,2026-06-08,0,True,
7395,2026-07-25,Web,True,2026-07-25,2026-08-06,5,False,4.0
7396,2026-06-08,Web,True,2026-06-10,2026-06-09,2,False,2.0
7397,2026-05-28,App,True,2026-05-30,2026-06-23,2,False,4.0
7398,2026-05-19,Web,False,,2026-07-05,0,True,
7399,2026-03-22,Web,True,2026-03-23,2026-04-30,3,False,3.0
7400,2026-04-16,App,True,2026-04-19,2026-04-19,3,True,3.0
7401,2026-07-09,App,False,,2026-08-17,0,True,
7402,2026-04-28,App,False,,2026-05-20,0,True,
7403,2026-03-23,App,False,,2026-03-27,0,True,
7404,2026-08-03,Referral,False,,2026-09-02,0,True,
7405,2026-03-01,Referral,True,2026-03-03,2026-03-03,3,True,2.0
7406,2026-05-31,App,True,2026-06-03,2026-06-06,2,False,4.0
7407,2026-03-23,Web,False,,2026-03-31,0,True,
7408,2026-07-27,Web,True,2026-07-28,2026-08-07,2,True,5.0
7409,2026-04-26,App,False,,2026-05-26,0,True,
7410,2026-04-12,Referral,True,2026-04-15,2026-05-25,2,True,3.0
7411,2026-08-14,Web,True,2026-08-14,2026-10-03,2,False,4.0
7412,2026-06-13,App,True,2026-06-13,2026-06-26,3,False,1.0
7413,2026-07-24,App,True,2026-07-25,2026-07-30,2,False,1.0
7414,2026-07-05,App,True,2026-07-05,2026-08-19,5,True,3.0
7415,2026-04-11,Web,True,2026-04-14,2026-05-08,2,True,3.0
7416,2026-04-10,App,True,2026-04-10,2026-05-26,1,False,2.0
7417,2026-08-08,Web,True,2026-08-09,2026-08-28,2,False,2.0
7418,2026-07-02,App,True,2026-07-02,2026-07-09,2,True,2.0
7419,2026-02-22,App,True,2026-02-23,2026-04-11,4,False,1.0
7420,2026-05-19,Referral,True,2026-05-22,2026-07-01,2,False,4.0
7421,2026-08-18,App,False,,2026-09-01,0,True,
7422,2026-07-09,Referral,False,,2026-07-12,0,True,
7423,2026-04-19,App,True,2026-04-21,2026-05-08,5,True,5.0
7424,2026-02-28,Web,False,,2026-04-27,0,True,
7425,2026-05-10,App,False,,2026-07-02,0,True,
7426,2026-06-26,Web,True,2026-06-28,2026-07-22,3,False,3.0
7427,2026-05-29,App,False,,2026-06-21,0,True,
7428,2026-08-20,App,False,,2026-10-13,0,False,
7429,2026-02-25,Web,False,,2026-04-16,0,True,
7430,2026-05-08,Web,False,,2026-06-26,0,True,
7431,2026-05-11,App,True,2026-05-12,2026-06-26,4,True,3.0
7432,2026-07-14,App,True,2026-07-15,2026-08-21,2,False,1.0
7433,2026-04-20,Referral,True,2026-04-22,2026-04-27,4,False,4.0
7434,2026-03-26,App,True,2026-03-28,2026-04-14,3,True,1.0
7435,2026-07-21,Referral,True,2026-07-21,2026-07-30,2,False,3.0
7436,2026-02-24,App,True,2026-02-24,2026-04-23,1,True,4.0
7437,2026-05-03,Web,False,,2026-05-14,0,True,
7438,2026-06-10,Web,True,2026-06-13,2026-06-12,2,True,3.0
7439,2026-02-26,App,True,2026-02-27,2026-04-01,3,False,3.0
7440,2026-04-19,Web,True,2026-04-20,2026-06-18,3,True,4.0
7441,2026-05-01,Web,False,,2026-06-26,0,True,
7442,2026-08-02,App,True,2026-08-03,2026-09-17,4,False,2.0
7443,2026-08-08,App,True,2026-08-10,2026-08-15,4,False,1.0
7444,2026-06-29,Referral,True,2026-06-29,2026-07-03,3,False,2.0
7445,2026-05-07,Web,False,,2026-06-25,0,True,
7446,2026-06-30,Web,False,,2026-07-19,0,True,
7447,2026-06-15,App,True,2026-06-16,2026-06-23,1,True,1.0
7448,2026-02-27,App,True,2026-03-02,2026-03-30,5,False,3.0
7449,2026-05-09,Referral,False,,2026-06-16,0,True,
7450,2026-07-04,Web,True,2026-07-06,2026-08-10,3,False,2.0
7451,2026-05-05,App,True,2026-05-06,2026-05-27,5,False,2.0
7452,2026-06-26,Web,False,,2026-07-02,0,True,
7453,2026-07-13,App,False,,2026-08-29,0,True,
7454,2026-02-24,App,False,,2026-03-15,0,False,
7455,2026-07-31,App,True,2026-07-31,2026-08-22,1,True,3.0
7456,2026-07-23,App,False,,2026-08-25,0,False,
7457,2026-07-20,App,False,,2026-07-30,0,True,
7458,2026-07-23,App,True,2026-07-25,2026-09-10,1,False,1.0
7459,2026-08-19,App,False,,2026-09-17,0,True,
7460,2026-05-14,Referral,False,,2026-06-01,0,True,
7461,2026-04-09,Web,True,2026-04-09,2026-05-20,6,False,4.0
7462,2026-06-14,App,True,2026-06-16,2026-07-13,5,False,4.0
7463,2026-04-21,Referral,False,,2026-05-18,0,False,
7464,2026-08-08,Web,False,,2026-09-24,0,True,
7465,2026-02-24,App,True,2026-02-24,2026-02-25,3,False,2.0
7466,2026-02-23,Web,True,2026-02-23,2026-02-27,1,False,3.0
7467,2026-07-09,Referral,True,2026-07-11,2026-07-30,2,False,5.0
7468,2026-07-28,Web,True,2026-07-31,2026-08-14,1,True,5.0
7469,2026-04-24,App,False,,2026-06-02,0,True,
7470,2026-05-12,Web,False,,2026-06-08,0,True,
7471,2026-04-22,App,False,,2026-05-09,0,True,
7472,2026-03-08,App,False,,2026-03-14,0,False,
7473,2026-06-05,App,False,,2026-07-09,0,False,
7474,2026-03-14,App,True,2026-03-17,2026-03-22,1,True,3.0
7475,2026-03-21,App,False,,2026-05-13,0,True,
7476,2026-05-29,App,False,,2026-07-06,0,False,
7477,2026-07-22,App,True,2026-07-25,2026-09-04,2,False,3.0
7478,2026-07-29,Referral,False,,2026-08-10,0,True,
7479,2026-07-14,App,True,2026-07-15,2026-07-20,3,False,3.0
7480,2026-07-10,Web,True,2026-07-13,2026-07-13,3,True,4.0
7481,2026-03-25,App,True,2026-03-27,2026-05-13,7,False,2.0
7482,2026-04-03,App,False,,2026-04-09,0,True,
7483,2026-04-14,App,True,2026-04-15,2026-05-13,4,True,1.0
7484,2026-03-24,App,False,,2026-05-05,0,True,
7485,2026-06-02,App,False,,2026-07-04,0,False,
7486,2026-07-23,Web,False,,2026-09-21,0,True,
7487,2026-07-02,App,False,,2026-08-05,0,True,
7488,2026-06-06,Referral,False,,2026-07-08,0,False,
7489,2026-05-02,Web,False,,2026-05-06,0,False,
7490,2026-05-10,App,True,2026-05-12,2026-06-08,2,False,4.0
7491,2026-08-09,App,True,2026-08-12,2026-08-24,2,False,4.0
7492,2026-03-15,App,True,2026-03-17,2026-03-22,0,True,
7493,2026-02-22,Referral,False,,2026-04-15,0,True,
7494,2026-04-20,Web,True,2026-04-22,2026-05-26,4,False,1.0
7495,2026-03-10,Web,True,2026-03-12,2026-04-04,2,False,2.0
7496,2026-05-30,Web,True,2026-05-31,2026-07-28,3,True,2.0
7497,2026-07-04,App,True,2026-07-06,2026-07-20,0,False,
7498,2026-05-30,App,False,,2026-07-04,0,False,
7499,2026-05-28,App,False,,2026-06-20,0,True,
7500,2026-07-06,Web,True,2026-07-09,2026-08-20,2,False,5.0
7501,2026-05-11,Web,True,2026-05-13,2026-07-04,4,False,4.0
7502,2026-03-15,Web,False,,2026-03-21,0,True,
7503,2026-07-06,Web,False,,2026-09-04,0,False,
7504,2026-07-20,Web,True,2026-07-22,2026-08-05,4,True,1.0
7505,2026-06-17,Referral,True,2026-06-19,2026-07-02,2,False,4.0
7506,2026-04-14,App,True,2026-04-17,2026-05-19,3,False,2.0
7507,2026-03-23,Web,True,2026-03-23,2026-05-11,6,True,2.0
7508,2026-04-20,Web,True,2026-04-23,2026-06-08,4,False,4.0
7509,2026-07-19,App,False,,2026-08-10,0,False,
7510,2026-08-15,Web,True,2026-08-16,2026-09-29,3,False,4.0
7511,2026-04-17,Web,True,2026-04-17,2026-06-16,6,True,4.0
7512,2026-06-09,Web,True,2026-06-09,2026-07-23,6,True,1.0
7513,2026-03-24,Referral,True,2026-03-25,2026-04-23,5,False,1.0
7514,2026-04-06,App,False,,2026-05-15,0,False,
7515,2026-08-01,App,True,2026-08-04,2026-08-05,1,False,1.0
7516,2026-04-23,Web,True,2026-04-25,2026-05-15,1,True,5.0
7517,2026-06-20,App,False,,2026-08-18,0,True,
7518,2026-08-15,App,True,2026-08-16,2026-10-03,3,False,5.0
7519,2026-04-14,App,True,2026-04-14,2026-06-01,1,True,5.0
7520,2026-05-03,App,True,2026-05-03,2026-05-09,1,False,3.0
7521,2026-07-02,Referral,True,2026-07-05,2026-08-06,0,True,
7522,2026-03-29,Web,True,2026-04-01,2026-05-19,3,False,1.0
7523,2026-03-22,Web,False,,2026-05-06,0,True,
7524,2026-06-27,App,False,,2026-08-21,0,True,
7525,2026-03-01,Web,True,2026-03-02,2026-04-20,7,True,1.0
7526,2026-05-14,Referral,True,2026-05-16,2026-06-29,2,True,5.0
7527,2026-07-25,Web,True,2026-07-27,2026-08-14,6,False,1.0
7528,2026-07-11,Web,True,2026-07-11,2026-08-02,3,False,3.0
7529,2026-03-14,Referral,True,2026-03-17,2026-04-13,4,False,4.0
7530,2026-03-28,App,False,,2026-05-07,0,True,
7531,2026-04-16,App,True,2026-04-17,2026-05-10,1,True,1.0
7532,2026-06-16,App,True,2026-06-16,2026-07-23,2,False,5.0
7533,2026-07-10,App,False,,2026-07-16,0,False,
7534,2026-06-23,Referral,True,2026-06-26,2026-07-01,4,False,3.0
7535,2026-06-28,App,True,2026-06-28,2026-07-14,1,True,3.0
7536,2026-05-25,App,True,2026-05-28,2026-07-02,7,False,1.0
7537,2026-07-10,Web,True,2026-07-13,2026-07-22,4,False,5.0
7538,2026-08-07,Web,False,,2026-08-13,0,True,
7539,2026-05-01,Web,False,,2026-05-05,0,True,
7540,2026-08-01,App,True,2026-08-02,2026-08-08,3,False,2.0
7541,2026-05-28,App,True,2026-05-29,2026-07-19,2,True,1.0
7542,2026-05-28,Referral,True,2026-05-30,2026-07-16,6,True,4.0
7543,2026-07-13,Referral,True,2026-07-14,2026-07-14,3,False,2.0
7544,2026-07-24,App,True,2026-07-24,2026-09-14,2,True,1.0
7545,2026-08-03,Web,True,2026-08-04,2026-09-12,1,True,4.0
7546,2026-04-15,App,False,,2026-05-19,0,False,
7547,2026-07-07,App,True,2026-07-10,2026-07-17,4,True,1.0
7548,2026-07-31,App,False,,2026-09-02,0,True,
7549,2026-06-07,App,True,2026-06-09,2026-07-15,3,True,4.0
7550,2026-04-02,App,False,,2026-04-08,0,True,
7551,2026-06-19,App,True,2026-06-19,2026-06-27,6,True,3.0
7552,2026-05-31,App,True,2026-06-02,2026-07-10,3,False,5.0
7553,2026-02-26,Referral,False,,2026-04-22,0,True,
7554,2026-07-05,App,False,,2026-07-20,0,True,
7555,2026-04-06,App,True,2026-04-07,2026-05-16,6,False,2.0
7556,2026-07-21,App,True,2026-07-23,2026-08-28,1,True,2.0
7557,2026-06-07,Web,True,2026-06-07,2026-07-09,3,True,1.0
7558,2026-05-25,Referral,True,2026-05-28,2026-06-11,4,True,1.0
7559,2026-04-16,Web,True,2026-04-16,2026-04-24,2,False,2.0
7560,2026-06-08,Referral,False,,2026-07-23,0,False,
7561,2026-02-26,App,False,,2026-04-24,0,True,
7562,2026-05-08,App,True,2026-05-10,2026-05-30,4,False,4.0
7563,2026-07-08,App,False,,2026-09-01,0,True,
7564,2026-04-09,App,True,2026-04-12,2026-05-12,4,False,3.0
7565,2026-04-26,Web,True,2026-04-27,2026-05-24,6,False,1.0
7566,2026-08-14,Web,True,2026-08-14,2026-09-04,4,False,3.0
7567,2026-03-28,App,True,2026-03-29,2026-05-08,3,True,4.0
7568,2026-04-07,App,True,2026-04-08,2026-04-18,4,True,1.0
7569,2026-05-24,Web,True,2026-05-25,2026-06-19,5,False,2.0
7570,2026-07-16,Web,True,2026-07-17,2026-08-04,3,True,3.0
7571,2026-07-24,Web,True,2026-07-24,2026-08-26,4,False,4.0
7572,2026-04-28,App,True,2026-05-01,2026-06-20,1,False,3.0
7573,2026-04-01,App,True,2026-04-01,2026-04-23,1,False,1.0
7574,2026-03-25,Web,True,2026-03-28,2026-05-10,1,False,5.0
7575,2026-04-22,Web,True,2026-04-23,2026-05-19,2,False,1.0
7576,2026-06-23,Web,True,2026-06-25,2026-06-28,4,True,4.0
7577,2026-03-03,App,False,,2026-03-22,0,True,
7578,2026-03-29,Web,False,,2026-04-07,0,True,
7579,2026-03-25,App,True,2026-03-25,2026-04-26,2,True,4.0
7580,2026-04-13,App,True,2026-04-14,2026-05-22,4,False,2.0
7581,2026-03-22,App,False,,2026-04-05,0,True,
7582,2026-06-22,Referral,True,2026-06-23,2026-08-21,2,False,1.0
7583,2026-07-04,App,False,,2026-07-19,0,True,
7584,2026-04-26,Referral,True,2026-04-29,2026-06-11,9,False,2.0
7585,2026-05-30,Referral,True,2026-05-30,2026-06-04,4,True,3.0
7586,2026-03-21,Referral,False,,2026-03-31,0,True,
7587,2026-05-27,Web,True,2026-05-29,2026-07-01,4,False,1.0
7588,2026-07-26,App,True,2026-07-28,2026-09-01,0,False,
7589,2026-03-07,Web,True,2026-03-10,2026-03-28,3,True,2.0
7590,2026-02-28,Web,False,,2026-03-16,0,False,
7591,2026-06-18,Web,False,,2026-08-05,0,True,
7592,2026-04-18,Referral,False,,2026-04-25,0,True,
7593,2026-05-17,Web,False,,2026-05-31,0,True,
7594,2026-07-23,Referral,True,2026-07-26,2026-08-01,2,False,5.0
7595,2026-03-20,Referral,True,2026-03-20,2026-04-03,3,True,5.0
7596,2026-05-05,Web,True,2026-05-05,2026-06-23,2,True,5.0
7597,2026-04-16,Referral,False,,2026-05-25,0,True,
7598,2026-04-02,Web,True,2026-04-03,2026-05-19,2,False,5.0
7599,2026-05-19,Web,True,2026-05-21,2026-07-04,4,False,2.0
7600,2026-03-22,Web,False,,2026-03-24,0,True,
7601,2026-05-31,App,True,2026-06-03,2026-06-12,4,False,3.0
7602,2026-05-26,Web,False,,2026-06-28,0,True,
7603,2026-05-03,Web,True,2026-05-03,2026-05-11,4,False,2.0
7604,2026-05-17,App,True,2026-05-20,2026-07-09,3,False,5.0
7605,2026-08-09,App,False,,2026-10-06,0,True,
7606,2026-07-04,Web,True,2026-07-04,2026-08-31,3,False,5.0
7607,2026-03-19,Web,False,,2026-04-01,0,True,
7608,2026-04-05,Referral,False,,2026-05-28,0,False,
7609,2026-06-17,App,True,2026-06-20,2026-07-19,3,True,2.0
7610,2026-06-27,Web,True,2026-06-29,2026-07-20,3,False,1.0
7611,2026-07-17,Web,False,,2026-07-27,0,True,
7612,2026-07-08,Referral,False,,2026-07-13,0,True,
7613,2026-07-27,Web,True,2026-07-28,2026-09-08,3,True,2.0
7614,2026-06-08,App,False,,2026-07-06,0,False,
7615,2026-08-10,Web,True,2026-08-13,2026-09-07,2,True,1.0
7616,2026-04-12,App,True,2026-04-15,2026-06-08,2,False,2.0
7617,2026-03-24,Web,False,,2026-04-17,0,True,
7618,2026-07-10,App,True,2026-07-10,2026-09-05,4,False,5.0
7619,2026-08-17,App,False,,2026-10-07,0,False,
7620,2026-03-09,Web,False,,2026-04-29,0,True,
7621,2026-08-20,Referral,True,2026-08-23,2026-10-07,5,True,4.0
7622,2026-05-08,App,True,2026-05-11,2026-06-22,5,False,5.0
7623,2026-07-20,App,False,,2026-08-18,0,True,
7624,2026-06-07,App,True,2026-06-09,2026-06-12,5,False,2.0
7625,2026-05-09,App,True,2026-05-09,2026-05-26,3,False,1.0
7626,2026-07-27,App,False,,2026-08-30,0,True,
7627,2026-06-20,App,False,,2026-07-06,0,False,
7628,2026-05-29,App,False,,2026-07-06,0,True,
7629,2026-04-22,Web,True,2026-04-24,2026-05-16,7,False,2.0
7630,2026-03-18,App,True,2026-03-19,2026-04-19,3,False,4.0
7631,2026-03-07,Referral,True,2026-03-07,2026-04-12,6,False,1.0
7632,2026-05-09,App,False,,2026-05-30,0,True,
7633,2026-06-01,App,False,,2026-07-21,0,True,
7634,2026-03-12,App,True,2026-03-12,2026-03-30,2,False,5.0
7635,2026-06-22,Referral,False,,2026-08-10,0,True,
7636,2026-03-23,Referral,True,2026-03-24,2026-05-19,2,False,3.0
7637,2026-08-19,App,False,,2026-09-06,0,True,
7638,2026-04-20,App,True,2026-04-23,2026-05-21,1,True,4.0
7639,2026-07-26,Web,False,,2026-09-20,0,True,
7640,2026-05-02,App,True,2026-05-02,2026-06-22,8,False,5.0
7641,2026-06-11,App,False,,2026-07-11,0,False,
7642,2026-04-29,Web,True,2026-04-30,2026-06-17,5,False,3.0
7643,2026-04-07,Web,False,,2026-05-15,0,False,
7644,2026-03-15,Web,True,2026-03-15,2026-04-16,4,True,4.0
7645,2026-03-28,Web,True,2026-03-29,2026-04-28,3,False,1.0
7646,2026-06-29,Web,False,,2026-08-15,0,True,
7647,2026-06-19,App,False,,2026-08-01,0,True,
7648,2026-05-24,Referral,True,2026-05-26,2026-07-15,3,False,3.0
7649,2026-02-24,Referral,True,2026-02-25,2026-03-29,2,False,2.0
7650,2026-03-27,Referral,False,,2026-04-04,0,True,
7651,2026-06-22,Referral,True,2026-06-22,2026-07-01,2,False,3.0
7652,2026-05-03,Web,False,,2026-05-30,0,True,
7653,2026-06-13,App,True,2026-06-16,2026-08-01,3,True,4.0
7654,2026-07-30,Web,False,,2026-08-12,0,True,
7655,2026-06-21,App,True,2026-06-22,2026-07-10,3,False,5.0
7656,2026-07-29,Referral,True,2026-07-30,2026-08-23,3,True,5.0
7657,2026-03-11,Referral,False,,2026-03-20,0,True,
7658,2026-04-19,Web,True,2026-04-21,2026-05-18,4,True,4.0
7659,2026-06-09,Web,False,,2026-07-21,0,True,
7660,2026-06-21,Referral,True,2026-06-22,2026-08-09,2,False,4.0
7661,2026-06-19,Web,True,2026-06-20,2026-06-28,5,False,3.0
7662,2026-05-13,App,True,2026-05-15,2026-05-25,4,False,2.0
7663,2026-05-05,Web,False,,2026-06-01,0,True,
7664,2026-06-17,App,True,2026-06-17,2026-08-12,4,True,1.0
7665,2026-05-23,App,True,2026-05-25,2026-06-08,3,False,2.0
7666,2026-05-18,Referral,True,2026-05-18,2026-07-10,5,False,4.0
7667,2026-04-06,Web,True,2026-04-06,2026-05-27,5,False,4.0
7668,2026-07-06,Web,True,2026-07-08,2026-08-22,3,False,3.0
7669,2026-05-28,App,True,2026-05-29,2026-07-10,4,False,1.0
7670,2026-05-29,Web,False,,2026-07-10,0,True,
7671,2026-07-30,App,True,2026-08-02,2026-09-16,1,True,1.0
7672,2026-02-23,Web,True,2026-02-23,2026-03-23,3,False,1.0
7673,2026-08-05,App,True,2026-08-08,2026-09-04,4,True,1.0
7674,2026-06-03,Web,True,2026-06-04,2026-07-23,3,True,3.0
7675,2026-03-23,Web,True,2026-03-26,2026-05-02,3,False,3.0
7676,2026-05-11,Web,True,2026-05-12,2026-05-13,2,False,2.0
7677,2026-05-11,App,False,,2026-07-01,0,True,
7678,2026-05-26,Web,True,2026-05-29,2026-07-15,3,True,3.0
7679,2026-08-01,Web,True,2026-08-01,2026-08-10,4,True,5.0
7680,2026-02-26,Web,False,,2026-03-07,0,False,
7681,2026-03-13,App,False,,2026-04-17,0,True,
7682,2026-06-03,Referral,True,2026-06-05,2026-06-16,4,False,1.0
7683,2026-08-14,Web,True,2026-08-17,2026-08-27,1,False,4.0
7684,2026-04-29,Web,True,2026-04-29,2026-05-09,3,True,5.0
7685,2026-07-02,App,True,2026-07-02,2026-08-02,4,False,4.0
7686,2026-07-11,Referral,True,2026-07-11,2026-08-22,1,True,3.0
7687,2026-08-17,Web,False,,2026-08-21,0,True,
7688,2026-05-27,Web,True,2026-05-30,2026-06-19,7,False,3.0
7689,2026-02-23,App,False,,2026-03-04,0,True,
7690,2026-03-09,Web,True,2026-03-12,2026-04-19,3,False,3.0
7691,2026-08-11,App,False,,2026-08-18,0,True,
7692,2026-08-07,App,False,,2026-09-09,0,True,
7693,2026-05-28,App,True,2026-05-31,2026-06-17,4,False,3.0
7694,2026-04-21,Web,True,2026-04-22,2026-06-04,3,False,3.0
7695,2026-08-14,Web,True,2026-08-16,2026-09-23,5,False,2.0
7696,2026-06-02,App,False,,2026-07-26,0,True,
7697,2026-08-12,Referral,True,2026-08-15,2026-08-18,6,False,5.0
7698,2026-08-01,Referral,False,,2026-08-12,0,True,
7699,2026-04-30,App,False,,2026-05-10,0,True,
7700,2026-05-11,App,False,,2026-06-19,0,True,
7701,2026-03-21,App,False,,2026-05-01,0,True,
7702,2026-07-06,Referral,True,2026-07-06,2026-09-02,3,True,4.0
7703,2026-04-20,Web,True,2026-04-20,2026-06-19,2,False,5.0
7704,2026-05-15,Web,True,2026-05-18,2026-07-08,4,False,5.0
7705,2026-08-03,Web,False,,2026-08-08,0,True,
7706,2026-05-25,App,True,2026-05-28,2026-07-13,6,True,1.0
7707,2026-05-20,App,False,,2026-06-14,0,False,
7708,2026-04-22,Web,False,,2026-05-29,0,True,
7709,2026-06-10,Web,True,2026-06-13,2026-07-08,3,False,5.0
7710,2026-07-18,Referral,True,2026-07-21,2026-08-08,5,False,2.0
7711,2026-03-11,Referral,True,2026-03-13,2026-04-06,4,False,4.0
7712,2026-05-20,App,True,2026-05-23,2026-06-05,2,True,1.0
7713,2026-05-05,App,False,,2026-06-28,0,False,
7714,2026-08-15,App,True,2026-08-16,2026-09-22,1,True,5.0
7715,2026-04-24,App,False,,2026-05-31,0,False,
7716,2026-04-08,Web,False,,2026-06-07,0,True,
7717,2026-07-12,App,True,2026-07-13,2026-08-09,4,True,5.0
7718,2026-06-13,Web,False,,2026-06-21,0,False,
7719,2026-05-08,App,False,,2026-06-03,0,True,
7720,2026-03-22,Web,True,2026-03-23,2026-05-21,2,True,4.0
7721,2026-06-26,Web,False,,2026-08-23,0,True,
7722,2026-05-08,App,True,2026-05-08,2026-05-24,3,False,2.0
7723,2026-07-05,Referral,True,2026-07-07,2026-09-03,1,False,2.0
7724,2026-07-01,App,False,,2026-07-23,0,True,
7725,2026-03-21,Web,True,2026-03-22,2026-04-08,4,False,3.0
7726,2026-04-12,App,False,,2026-06-03,0,True,
7727,2026-04-22,App,True,2026-04-25,2026-05-19,3,False,3.0
7728,2026-04-11,App,True,2026-04-14,2026-06-06,6,True,4.0
7729,2026-07-28,App,True,2026-07-30,2026-08-01,4,False,3.0
7730,2026-07-04,Web,False,,2026-08-03,0,False,
7731,2026-03-07,App,True,2026-03-08,2026-04-09,2,False,3.0
7732,2026-07-09,Referral,False,,2026-08-04,0,False,
7733,2026-05-15,Web,False,,2026-05-31,0,False,
7734,2026-03-03,App,False,,2026-05-01,0,True,
7735,2026-07-14,Referral,False,,2026-08-03,0,True,
7736,2026-03-20,Referral,True,2026-03-22,2026-04-02,4,False,5.0
7737,2026-03-07,App,True,2026-03-10,2026-04-13,7,False,4.0
7738,2026-03-20,Web,True,2026-03-20,2026-04-13,2,False,1.0
7739,2026-04-23,App,True,2026-04-25,2026-05-13,1,False,5.0
7740,2026-08-05,App,False,,2026-08-28,0,True,
7741,2026-06-15,Web,True,2026-06-15,2026-08-12,1,False,5.0
7742,2026-06-28,Referral,False,,2026-08-26,0,True,
7743,2026-04-29,App,True,2026-05-01,2026-05-08,3,False,2.0
7744,2026-04-20,App,False,,2026-04-21,0,True,
7745,2026-02-24,Referral,True,2026-02-27,2026-04-22,2,False,1.0
7746,2026-05-07,Web,False,,2026-05-13,0,False,
7747,2026-03-08,App,False,,2026-04-22,0,True,
7748,2026-04-23,App,True,2026-04-26,2026-05-21,4,False,2.0
7749,2026-05-18,App,True,2026-05-19,2026-06-15,2,False,2.0
7750,2026-04-21,Web,False,,2026-05-23,0,True,
7751,2026-07-12,App,True,2026-07-12,2026-08-02,3,False,1.0
7752,2026-02-23,App,False,,2026-04-19,0,True,
7753,2026-07-05,Referral,True,2026-07-08,2026-08-02,5,True,5.0
7754,2026-06-01,Referral,True,2026-06-02,2026-07-18,3,False,1.0
7755,2026-07-01,App,False,,2026-07-11,0,True,
7756,2026-05-29,Web,True,2026-06-01,2026-06-14,2,False,5.0
7757,2026-08-15,App,True,2026-08-18,2026-09-23,2,False,3.0
7758,2026-05-25,Web,False,,2026-07-04,0,True,
7759,2026-05-08,Referral,True,2026-05-11,2026-06-12,2,False,2.0
7760,2026-05-18,App,True,2026-05-21,2026-06-03,4,False,5.0
7761,2026-04-05,Referral,True,2026-04-08,2026-05-18,1,True,2.0
7762,2026-07-29,App,True,2026-07-31,2026-08-31,5,True,2.0
7763,2026-06-30,App,False,,2026-07-30,0,True,
7764,2026-03-28,Web,True,2026-03-29,2026-04-09,5,False,5.0
7765,2026-04-27,Web,False,,2026-04-28,0,True,
7766,2026-05-09,Web,False,,2026-06-23,0,True,
7767,2026-08-20,Web,True,2026-08-22,2026-08-31,1,False,3.0
7768,2026-04-21,Referral,True,2026-04-24,2026-05-19,5,True,3.0
7769,2026-04-21,Referral,True,2026-04-22,2026-05-20,2,False,2.0
7770,2026-07-04,Web,False,,2026-08-18,0,True,
7771,2026-06-27,App,False,,2026-08-11,0,False,
7772,2026-04-24,Web,True,2026-04-27,2026-06-12,5,True,1.0
7773,2026-06-01,App,True,2026-06-04,2026-07-12,3,True,5.0
7774,2026-06-13,App,False,,2026-08-05,0,False,
7775,2026-08-07,Web,False,,2026-08-17,0,True,
7776,2026-06-03,Referral,False,,2026-06-11,0,True,
7777,2026-08-07,Referral,True,2026-08-09,2026-08-21,2,False,3.0
7778,2026-02-27,App,False,,2026-03-05,0,True,
7779,2026-08-05,Web,True,2026-08-07,2026-08-19,0,False,
7780,2026-03-22,App,True,2026-03-22,2026-04-28,1,False,3.0
7781,2026-07-15,Web,True,2026-07-15,2026-08-30,3,False,2.0
7782,2026-07-09,Web,True,2026-07-09,2026-08-14,4,True,5.0
7783,2026-02-25,Web,False,,2026-04-21,0,True,
7784,2026-08-18,Referral,True,2026-08-21,2026-08-28,3,False,3.0
7785,2026-05-21,Web,True,2026-05-24,2026-06-07,4,False,4.0
7786,2026-06-23,Referral,False,,2026-07-15,0,True,
7787,2026-07-03,App,True,2026-07-06,2026-07-28,4,False,5.0
7788,2026-03-28,Web,True,2026-03-28,2026-03-30,4,True,4.0
7789,2026-08-10,Web,True,2026-08-13,2026-08-25,2,True,4.0
7790,2026-07-21,Web,False,,2026-08-09,0,True,
7791,2026-05-31,Referral,True,2026-06-02,2026-07-10,4,False,4.0
7792,2026-07-25,Web,False,,2026-09-08,0,True,
7793,2026-07-07,App,False,,2026-07-09,0,True,
7794,2026-06-12,App,True,2026-06-12,2026-06-23,2,False,5.0
7795,2026-08-18,App,False,,2026-09-05,0,True,
7796,2026-04-30,App,True,2026-05-02,2026-06-25,4,False,3.0
7797,2026-07-01,App,True,2026-07-02,2026-08-20,3,False,1.0
7798,2026-08-11,App,True,2026-08-13,2026-08-20,2,False,3.0
7799,2026-08-09,App,False,,2026-09-18,0,True,
7800,2026-04-05,App,True,2026-04-05,2026-05-15,4,False,4.0
7801,2026-03-17,Web,True,2026-03-20,2026-03-30,2,False,3.0
7802,2026-03-27,Referral,True,2026-03-27,2026-05-01,4,True,4.0
7803,2026-05-04,App,True,2026-05-05,2026-05-29,2,False,4.0
7804,2026-08-16,Web,True,2026-08-19,2026-08-25,3,False,1.0
7805,2026-03-18,Web,True,2026-03-19,2026-04-30,5,True,4.0
7806,2026-02-23,App,True,2026-02-25,2026-03-29,5,False,3.0
7807,2026-08-02,App,False,,2026-08-17,0,True,
7808,2026-03-07,App,False,,2026-04-07,0,True,
7809,2026-04-09,App,False,,2026-05-01,0,True,
7810,2026-05-04,Referral,True,2026-05-07,2026-05-22,5,False,1.0
7811,2026-08-01,Referral,True,2026-08-03,2026-08-22,7,False,1.0
7812,2026-06-22,App,False,,2026-08-16,0,True,
7813,2026-06-03,Web,True,2026-06-06,2026-07-08,2,False,1.0
7814,2026-04-17,App,False,,2026-05-31,0,True,
7815,2026-04-11,App,False,,2026-05-19,0,True,
7816,2026-03-20,App,True,2026-03-23,2026-05-18,4,False,3.0
7817,2026-06-24,Referral,True,2026-06-26,2026-08-23,1,False,1.0
7818,2026-04-18,App,False,,2026-06-16,0,True,
7819,2026-04-05,Referral,True,2026-04-08,2026-04-08,3,False,1.0
7820,2026-04-05,Referral,False,,2026-05-26,0,True,
7821,2026-07-31,Web,True,2026-08-03,2026-08-10,2,False,3.0
7822,2026-04-05,Referral,False,,2026-05-24,0,True,
7823,2026-07-24,Web,True,2026-07-26,2026-09-09,4,False,1.0
7824,2026-03-15,Web,True,2026-03-18,2026-03-28,3,False,5.0
7825,2026-02-22,Web,False,,2026-04-07,0,True,
7826,2026-04-06,App,False,,2026-04-07,0,True,
7827,2026-03-22,App,False,,2026-05-16,0,True,
7828,2026-03-30,Referral,True,2026-04-01,2026-05-02,4,True,1.0
7829,2026-02-28,App,True,2026-02-28,2026-03-29,3,False,4.0
7830,2026-03-12,Web,True,2026-03-12,2026-05-01,5,False,2.0
7831,2026-06-26,Web,False,,2026-07-20,0,True,
7832,2026-05-01,Web,False,,2026-05-06,0,False,
7833,2026-03-30,Web,True,2026-04-01,2026-04-14,5,False,3.0
7834,2026-07-23,App,False,,2026-09-20,0,True,
7835,2026-03-25,App,True,2026-03-28,2026-04-03,3,False,5.0
7836,2026-07-23,Web,True,2026-07-25,2026-08-25,3,True,3.0
7837,2026-07-03,App,False,,2026-07-15,0,False,
7838,2026-05-14,App,True,2026-05-17,2026-06-04,3,False,5.0
7839,2026-05-31,Web,True,2026-06-01,2026-06-20,1,True,3.0
7840,2026-05-26,App,True,2026-05-28,2026-06-24,2,False,3.0
7841,2026-04-23,App,False,,2026-05-03,0,True,
7842,2026-07-21,App,True,2026-07-21,2026-08-13,3,False,3.0
7843,2026-05-26,App,False,,2026-07-22,0,True,
7844,2026-04-06,App,True,2026-04-07,2026-04-24,1,True,1.0
7845,2026-06-19,App,False,,2026-08-17,0,True,
7846,2026-04-26,Web,False,,2026-05-17,0,False,
7847,2026-07-10,Referral,True,2026-07-10,2026-07-17,1,False,3.0
7848,2026-04-05,App,False,,2026-04-12,0,True,
7849,2026-05-22,App,True,2026-05-24,2026-06-05,2,False,5.0
7850,2026-04-14,App,False,,2026-05-25,0,False,
7851,2026-04-05,Web,False,,2026-05-21,0,True,
7852,2026-06-23,Referral,True,2026-06-26,2026-08-12,1,False,2.0
7853,2026-04-01,App,True,2026-04-01,2026-05-06,1,False,3.0
7854,2026-03-06,Referral,True,2026-03-09,2026-04-14,3,False,5.0
7855,2026-05-23,App,True,2026-05-26,2026-05-25,3,False,2.0
7856,2026-02-25,Referral,True,2026-02-26,2026-04-03,1,False,1.0
7857,2026-03-24,App,True,2026-03-25,2026-04-27,3,False,1.0
7858,2026-06-08,Web,True,2026-06-08,2026-07-22,3,False,3.0
7859,2026-03-15,App,False,,2026-04-06,0,False,
7860,2026-04-21,Web,True,2026-04-22,2026-05-31,2,False,1.0
7861,2026-04-14,App,True,2026-04-15,2026-06-08,1,False,3.0
7862,2026-05-30,Web,True,2026-05-30,2026-07-01,2,False,5.0
7863,2026-08-06,Referral,True,2026-08-06,2026-09-17,4,False,4.0
7864,2026-08-14,App,True,2026-08-17,2026-09-01,3,False,2.0
7865,2026-07-19,Web,True,2026-07-21,2026-07-30,2,False,1.0
7866,2026-04-01,App,True,2026-04-03,2026-05-28,5,True,5.0
7867,2026-04-09,Web,True,2026-04-12,2026-06-04,4,True,2.0
7868,2026-06-27,App,True,2026-06-30,2026-07-01,4,False,2.0
7869,2026-08-17,App,False,,2026-09-07,0,True,
7870,2026-07-30,Web,True,2026-07-31,2026-09-25,2,True,2.0
7871,2026-04-19,App,True,2026-04-22,2026-04-29,2,False,1.0
7872,2026-03-30,Web,False,,2026-04-10,0,True,
7873,2026-07-31,App,True,2026-08-01,2026-09-23,2,False,3.0
7874,2026-08-16,App,True,2026-08-17,2026-10-12,4,False,2.0
7875,2026-03-06,App,False,,2026-04-13,0,True,
7876,2026-08-10,App,False,,2026-09-05,0,False,
7877,2026-03-06,App,True,2026-03-09,2026-03-16,3,True,1.0
7878,2026-08-16,Web,True,2026-08-19,2026-10-04,3,False,1.0
7879,2026-08-01,App,False,,2026-08-02,0,True,
7880,2026-08-05,Web,False,,2026-08-13,0,False,
7881,2026-04-30,Web,False,,2026-06-02,0,True,
7882,2026-03-11,Web,True,2026-03-13,2026-05-08,5,False,2.0
7883,2026-07-28,App,False,,2026-08-12,0,True,
7884,2026-04-18,Web,True,2026-04-20,2026-06-17,4,False,1.0
7885,2026-06-05,Web,False,,2026-06-22,0,False,
7886,2026-07-03,Web,True,2026-07-03,2026-08-21,7,False,1.0
7887,2026-07-26,Web,True,2026-07-27,2026-09-02,3,False,3.0
7888,2026-04-29,Web,True,2026-05-02,2026-06-17,2,False,1.0
7889,2026-06-19,App,False,,2026-08-16,0,True,
7890,2026-04-21,Web,True,2026-04-23,2026-05-10,6,True,3.0
7891,2026-07-21,App,True,2026-07-24,2026-08-22,4,False,5.0
7892,2026-04-19,App,True,2026-04-20,2026-06-15,2,False,2.0
7893,2026-07-18,App,False,,2026-08-14,0,True,
7894,2026-08-05,Web,True,2026-08-05,2026-09-22,3,False,4.0
7895,2026-05-11,Web,True,2026-05-12,2026-05-26,4,False,4.0
7896,2026-06-18,App,False,,2026-08-14,0,False,
7897,2026-07-08,App,True,2026-07-10,2026-07-31,4,False,4.0
7898,2026-07-25,App,False,,2026-08-06,0,True,
7899,2026-03-09,Web,True,2026-03-10,2026-04-10,4,False,1.0
7900,2026-04-04,App,False,,2026-05-23,0,True,
7901,2026-04-27,App,True,2026-04-28,2026-06-25,8,True,5.0
7902,2026-06-21,Web,True,2026-06-23,2026-07-29,2,False,4.0
7903,2026-07-08,App,True,2026-07-09,2026-07-27,4,False,5.0
7904,2026-03-28,App,False,,2026-04-25,0,False,
7905,2026-04-02,App,True,2026-04-04,2026-06-01,5,False,4.0
7906,2026-07-29,App,False,,2026-08-25,0,True,
7907,2026-04-15,Web,False,,2026-04-30,0,False,
7908,2026-05-24,Web,True,2026-05-25,2026-05-25,2,False,5.0
7909,2026-07-26,App,False,,2026-08-24,0,True,
7910,2026-05-09,App,False,,2026-05-23,0,True,
7911,2026-05-13,App,True,2026-05-16,2026-06-19,2,True,5.0
7912,2026-03-04,Web,False,,2026-04-20,0,True,
7913,2026-05-30,App,True,2026-05-30,2026-06-20,5,False,2.0
7914,2026-05-21,Referral,False,,2026-07-02,0,True,
7915,2026-07-15,Referral,True,2026-07-15,2026-08-28,3,False,1.0
7916,2026-05-02,App,False,,2026-05-23,0,True,
7917,2026-08-18,App,False,,2026-10-17,0,True,
7918,2026-04-30,App,True,2026-04-30,2026-06-24,6,False,3.0
7919,2026-06-06,App,True,2026-06-08,2026-07-14,3,False,2.0
7920,2026-08-04,App,False,,2026-08-24,0,True,
7921,2026-03-10,Web,False,,2026-03-16,0,True,
7922,2026-06-26,App,False,,2026-07-02,0,True,
7923,2026-04-25,App,True,2026-04-25,2026-05-17,2,False,2.0
7924,2026-07-13,App,True,2026-07-15,2026-08-12,1,False,3.0
7925,2026-04-06,App,True,2026-04-08,2026-04-08,1,False,2.0
7926,2026-06-28,Web,False,,2026-06-29,0,True,
7927,2026-05-26,Referral,True,2026-05-29,2026-07-17,3,False,5.0
7928,2026-04-05,App,False,,2026-04-27,0,True,
7929,2026-03-13,App,True,2026-03-13,2026-04-07,2,True,2.0
7930,2026-08-02,Web,False,,2026-08-31,0,True,
7931,2026-03-04,Web,False,,2026-04-19,0,True,
7932,2026-02-28,Web,True,2026-02-28,2026-04-06,2,True,2.0
7933,2026-03-26,Referral,True,2026-03-28,2026-04-17,0,False,
7934,2026-03-27,App,False,,2026-04-07,0,True,
7935,2026-02-24,App,False,,2026-03-28,0,True,
7936,2026-04-12,Referral,True,2026-04-15,2026-06-01,1,True,1.0
7937,2026-04-17,App,False,,2026-05-08,0,True,
7938,2026-08-08,Web,True,2026-08-08,2026-10-01,1,False,3.0
7939,2026-04-02,Referral,True,2026-04-03,2026-04-17,5,True,2.0
7940,2026-05-10,App,True,2026-05-12,2026-05-22,3,False,5.0
7941,2026-06-11,App,True,2026-06-13,2026-06-16,5,False,3.0
7942,2026-07-16,App,False,,2026-08-28,0,True,
7943,2026-07-20,App,False,,2026-08-31,0,True,
7944,2026-05-29,Web,True,2026-06-01,2026-06-18,2,False,5.0
7945,2026-04-18,App,False,,2026-04-22,0,True,
7946,2026-03-22,App,False,,2026-04-07,0,True,
7947,2026-08-14,Referral,False,,2026-09-16,0,True,
7948,2026-08-06,App,True,2026-08-09,2026-09-20,5,True,4.0
7949,2026-07-12,Referral,False,,2026-08-03,0,True,
7950,2026-05-12,Web,True,2026-05-13,2026-07-06,5,False,3.0
7951,2026-04-02,Web,True,2026-04-05,2026-04-19,2,False,5.0
7952,2026-08-01,Web,True,2026-08-03,2026-09-06,5,False,2.0
7953,2026-06-01,App,False,,2026-06-02,0,True,
7954,2026-03-09,Web,False,,2026-04-19,0,True,
7955,2026-07-17,App,True,2026-07-17,2026-07-31,4,False,1.0
7956,2026-03-14,App,True,2026-03-17,2026-04-22,3,False,2.0
7957,2026-04-02,Referral,False,,2026-05-19,0,True,
7958,2026-05-26,App,False,,2026-05-29,0,True,
7959,2026-03-16,App,False,,2026-04-13,0,True,
7960,2026-05-04,Web,True,2026-05-06,2026-05-19,3,False,2.0
7961,2026-07-20,Web,True,2026-07-21,2026-07-30,2,True,4.0
7962,2026-07-14,Referral,False,,2026-09-11,0,True,
7963,2026-07-09,Web,True,2026-07-12,2026-07-30,1,False,2.0
7964,2026-03-03,Referral,True,2026-03-05,2026-03-17,3,True,5.0
7965,2026-04-18,App,True,2026-04-20,2026-05-09,6,True,5.0
7966,2026-03-09,App,True,2026-03-12,2026-03-20,5,False,2.0
7967,2026-04-23,App,True,2026-04-23,2026-04-27,1,True,2.0
7968,2026-04-14,Web,True,2026-04-17,2026-05-13,5,False,3.0
7969,2026-05-26,Web,True,2026-05-29,2026-06-21,2,False,3.0
7970,2026-08-03,Web,False,,2026-08-16,0,True,
7971,2026-03-23,Web,True,2026-03-24,2026-03-28,4,True,2.0
7972,2026-08-14,Referral,True,2026-08-16,2026-09-30,4,False,5.0
7973,2026-03-01,Web,True,2026-03-04,2026-03-04,3,False,2.0
7974,2026-08-13,App,False,,2026-08-20,0,True,
7975,2026-08-19,App,True,2026-08-20,2026-09-07,1,False,3.0
7976,2026-06-14,App,True,2026-06-17,2026-08-03,4,False,4.0
7977,2026-08-13,Web,True,2026-08-13,2026-09-03,4,True,1.0
7978,2026-07-06,App,True,2026-07-07,2026-07-07,5,False,2.0
7979,2026-06-18,App,False,,2026-08-11,0,True,
7980,2026-03-24,App,True,2026-03-27,2026-03-25,2,True,4.0
7981,2026-07-30,App,False,,2026-08-06,0,True,
7982,2026-08-03,Web,True,2026-08-06,2026-09-08,4,True,3.0
7983,2026-06-28,Web,True,2026-06-28,2026-07-08,1,False,2.0
7984,2026-05-09,Web,False,,2026-05-14,0,False,
7985,2026-05-03,Web,True,2026-05-06,2026-06-13,5,True,3.0
7986,2026-08-02,Web,True,2026-08-02,2026-08-18,6,True,5.0
7987,2026-05-31,Web,True,2026-06-03,2026-06-15,4,False,4.0
7988,2026-07-21,App,True,2026-07-21,2026-09-17,4,False,2.0
7989,2026-06-28,Web,True,2026-06-30,2026-08-10,2,False,4.0
7990,2026-04-07,Web,True,2026-04-10,2026-04-14,4,False,3.0
7991,2026-02-25,App,False,,2026-03-24,0,False,
7992,2026-07-03,App,False,,2026-08-30,0,True,
7993,2026-06-14,App,False,,2026-06-18,0,False,
7994,2026-06-19,App,False,,2026-06-24,0,True,
7995,2026-05-19,Referral,True,2026-05-21,2026-07-13,4,False,2.0
7996,2026-06-08,Web,True,2026-06-09,2026-07-19,1,False,5.0
7997,2026-04-07,App,True,2026-04-09,2026-04-25,0,True,
7998,2026-06-28,App,False,,2026-07-26,0,False,
7999,2026-07-23,App,True,2026-07-26,2026-08-12,2,False,3.0
